outer_fold_id,held_out_laboratory_anchor,model_id,measurement_batch_id,protein_count,spearman,spearman_status,mae,rmse
T250_OUTER_01,"Dalian University of Technology, China",CONSTANT_TRAINING_MEAN,R4_PXD060795_F1,7,,UNDEFINED_CONSTANT_PREDICTION,0.23832812858391317,0.3001654272054376
T250_OUTER_01,"Dalian University of Technology, China",CONSTANT_TRAINING_MEAN,R4_PXD060795_F2,7,,UNDEFINED_CONSTANT_PREDICTION,0.2552454218169959,0.3132853030638497
T250_OUTER_01,"Dalian University of Technology, China",CONSTANT_TRAINING_MEAN,R4_PXD060795_F3,7,,UNDEFINED_CONSTANT_PREDICTION,0.25816939842518305,0.31679147259798657
T250_OUTER_01,"Dalian University of Technology, China",CONSTANT_TRAINING_MEAN,R4_PXD060795_F7,7,,UNDEFINED_CONSTANT_PREDICTION,0.2740424142981989,0.3154108320480837
T250_OUTER_01,"Dalian University of Technology, China",CONSTANT_TRAINING_MEAN,R4_PXD060795_F8,6,,UNDEFINED_CONSTANT_PREDICTION,0.2727656333624642,0.3235842489654797
T250_OUTER_01,"Dalian University of Technology, China",CONSTANT_TRAINING_MEAN,R4_PXD060795_F9,6,,UNDEFINED_CONSTANT_PREDICTION,0.2949878555846864,0.3445408327527068
T250_OUTER_01,"Dalian University of Technology, China",SEQUENCE_RIDGE_FULL,R4_PXD060795_F1,7,0.9642857142857143,DEFINED,0.1403266814038087,0.17926861293998644
T250_OUTER_01,"Dalian University of Technology, China",SEQUENCE_RIDGE_FULL,R4_PXD060795_F2,7,0.9642857142857143,DEFINED,0.154988335539147,0.18997942534789086
T250_OUTER_01,"Dalian University of Technology, China",SEQUENCE_RIDGE_FULL,R4_PXD060795_F3,7,0.9642857142857143,DEFINED,0.1395330306101579,0.18129028323129054
T250_OUTER_01,"Dalian University of Technology, China",SEQUENCE_RIDGE_FULL,R4_PXD060795_F7,7,0.8928571428571429,DEFINED,0.18249971052942832,0.2076750075023687
T250_OUTER_01,"Dalian University of Technology, China",SEQUENCE_RIDGE_FULL,R4_PXD060795_F8,6,0.8857142857142857,DEFINED,0.1832894493708217,0.21013137014918953
T250_OUTER_01,"Dalian University of Technology, China",SEQUENCE_RIDGE_FULL,R4_PXD060795_F9,6,0.8857142857142857,DEFINED,0.2137051932601252,0.24300128203972388
T250_OUTER_01,"Dalian University of Technology, China",SEQUENCE_RIDGE_COMPOSITION_ONLY,R4_PXD060795_F1,7,0.9642857142857143,DEFINED,0.13455438893409957,0.17281669940846608
T250_OUTER_01,"Dalian University of Technology, China",SEQUENCE_RIDGE_COMPOSITION_ONLY,R4_PXD060795_F2,7,0.9642857142857143,DEFINED,0.1492160430694379,0.185775280186344
T250_OUTER_01,"Dalian University of Technology, China",SEQUENCE_RIDGE_COMPOSITION_ONLY,R4_PXD060795_F3,7,0.9642857142857143,DEFINED,0.1337607381404488,0.17820883546955926
T250_OUTER_01,"Dalian University of Technology, China",SEQUENCE_RIDGE_COMPOSITION_ONLY,R4_PXD060795_F7,7,0.8928571428571429,DEFINED,0.18014707492748763,0.20516563652565004
T250_OUTER_01,"Dalian University of Technology, China",SEQUENCE_RIDGE_COMPOSITION_ONLY,R4_PXD060795_F8,6,0.8857142857142857,DEFINED,0.1799130474159328,0.2061519155266303
T250_OUTER_01,"Dalian University of Technology, China",SEQUENCE_RIDGE_COMPOSITION_ONLY,R4_PXD060795_F9,6,0.8857142857142857,DEFINED,0.2176536278970894,0.2441462389083869
T250_OUTER_02,University College Dublin / Conway Institute,CONSTANT_TRAINING_MEAN,PT_D1_16,8,,UNDEFINED_CONSTANT_PREDICTION,0.2691479984079072,0.29622397822438695
T250_OUTER_02,University College Dublin / Conway Institute,CONSTANT_TRAINING_MEAN,PT_D1_18,6,,UNDEFINED_CONSTANT_PREDICTION,0.31025288676609847,0.33626055918130837
T250_OUTER_02,University College Dublin / Conway Institute,CONSTANT_TRAINING_MEAN,PT_D1_20,6,,UNDEFINED_CONSTANT_PREDICTION,0.2845456353022412,0.29943173795865546
T250_OUTER_02,University College Dublin / Conway Institute,CONSTANT_TRAINING_MEAN,PT_D1_23,10,,UNDEFINED_CONSTANT_PREDICTION,0.27142857142857146,0.2993237193447716
T250_OUTER_02,University College Dublin / Conway Institute,CONSTANT_TRAINING_MEAN,PT_D1_33,10,,UNDEFINED_CONSTANT_PREDICTION,0.2139091993631629,0.25680789628339046
T250_OUTER_02,University College Dublin / Conway Institute,CONSTANT_TRAINING_MEAN,PT_D1_34,8,,UNDEFINED_CONSTANT_PREDICTION,0.24999999999999997,0.27571217098391
T250_OUTER_02,University College Dublin / Conway Institute,CONSTANT_TRAINING_MEAN,PT_D1_48,10,,UNDEFINED_CONSTANT_PREDICTION,0.24638491828389592,0.27667088837073495
T250_OUTER_02,University College Dublin / Conway Institute,CONSTANT_TRAINING_MEAN,PT_D1_51,9,,UNDEFINED_CONSTANT_PREDICTION,0.23151533227193813,0.2764211379330569
T250_OUTER_02,University College Dublin / Conway Institute,CONSTANT_TRAINING_MEAN,PT_D1_73,9,,UNDEFINED_CONSTANT_PREDICTION,0.21235696260916456,0.2540626340061432
T250_OUTER_02,University College Dublin / Conway Institute,CONSTANT_TRAINING_MEAN,PT_D1_81,8,,UNDEFINED_CONSTANT_PREDICTION,0.24013014126505006,0.2714717300319529
T250_OUTER_02,University College Dublin / Conway Institute,CONSTANT_TRAINING_MEAN,PT_D3_06,8,,UNDEFINED_CONSTANT_PREDICTION,0.2539936420610965,0.29012052852148956
T250_OUTER_02,University College Dublin / Conway Institute,CONSTANT_TRAINING_MEAN,PT_D3_14,8,,UNDEFINED_CONSTANT_PREDICTION,0.3,0.3228104212297626
T250_OUTER_02,University College Dublin / Conway Institute,CONSTANT_TRAINING_MEAN,PT_D3_22,7,,UNDEFINED_CONSTANT_PREDICTION,0.25398276144987825,0.28253950870486244
T250_OUTER_02,University College Dublin / Conway Institute,CONSTANT_TRAINING_MEAN,PT_D3_28,6,,UNDEFINED_CONSTANT_PREDICTION,0.3009597767163826,0.3124634748207935
T250_OUTER_02,University College Dublin / Conway Institute,CONSTANT_TRAINING_MEAN,PT_D3_30,8,,UNDEFINED_CONSTANT_PREDICTION,0.2692307692307693,0.3038899056046819
T250_OUTER_02,University College Dublin / Conway Institute,CONSTANT_TRAINING_MEAN,PT_D3_37,8,,UNDEFINED_CONSTANT_PREDICTION,0.23076923076923078,0.26520162685370535
T250_OUTER_02,University College Dublin / Conway Institute,CONSTANT_TRAINING_MEAN,PT_D3_41,7,,UNDEFINED_CONSTANT_PREDICTION,0.3912376634106626,0.40139697628269433
T250_OUTER_02,University College Dublin / Conway Institute,CONSTANT_TRAINING_MEAN,PT_D3_42,8,,UNDEFINED_CONSTANT_PREDICTION,0.23076923076923078,0.26520162685370535
T250_OUTER_02,University College Dublin / Conway Institute,CONSTANT_TRAINING_MEAN,PT_D3_85,6,,UNDEFINED_CONSTANT_PREDICTION,0.269394120150726,0.2919317050636794
T250_OUTER_02,University College Dublin / Conway Institute,CONSTANT_TRAINING_MEAN,PT_D3_96,8,,UNDEFINED_CONSTANT_PREDICTION,0.21827935634681075,0.2597187301704101
T250_OUTER_02,University College Dublin / Conway Institute,CONSTANT_TRAINING_MEAN,T_D1_133,8,,UNDEFINED_CONSTANT_PREDICTION,0.2111364992039536,0.25777723086229515
T250_OUTER_02,University College Dublin / Conway Institute,CONSTANT_TRAINING_MEAN,T_D1_138,7,,UNDEFINED_CONSTANT_PREDICTION,0.24154012108432862,0.2820748551124067
T250_OUTER_02,University College Dublin / Conway Institute,CONSTANT_TRAINING_MEAN,T_D1_165,8,,UNDEFINED_CONSTANT_PREDICTION,0.21827935634681073,0.2597187301704101
T250_OUTER_02,University College Dublin / Conway Institute,CONSTANT_TRAINING_MEAN,T_D1_173,8,,UNDEFINED_CONSTANT_PREDICTION,0.24013014126505006,0.2667318499886698
T250_OUTER_02,University College Dublin / Conway Institute,CONSTANT_TRAINING_MEAN,T_D1_186,9,,UNDEFINED_CONSTANT_PREDICTION,0.24975129949909755,0.2836163464448908
T250_OUTER_02,University College Dublin / Conway Institute,CONSTANT_TRAINING_MEAN,T_D3_119a,9,,UNDEFINED_CONSTANT_PREDICTION,0.24975129949909755,0.2836163464448908
T250_OUTER_02,University College Dublin / Conway Institute,CONSTANT_TRAINING_MEAN,T_D3_119b,9,,UNDEFINED_CONSTANT_PREDICTION,0.2271717774239794,0.27037840857006457
T250_OUTER_02,University College Dublin / Conway Institute,CONSTANT_TRAINING_MEAN,T_D3_155,8,,UNDEFINED_CONSTANT_PREDICTION,0.3068181818181818,0.35043774489837876
T250_OUTER_02,University College Dublin / Conway Institute,CONSTANT_TRAINING_MEAN,T_D3_178,8,,UNDEFINED_CONSTANT_PREDICTION,0.21827935634681073,0.2597187301704101
T250_OUTER_02,University College Dublin / Conway Institute,CONSTANT_TRAINING_MEAN,T_D3_198,12,,UNDEFINED_CONSTANT_PREDICTION,0.3066791121725063,0.3254675889093525
T250_OUTER_02,University College Dublin / Conway Institute,SEQUENCE_RIDGE_FULL,PT_D1_16,8,0.7637626158259733,DEFINED,0.18795932496752205,0.23166343309876006
T250_OUTER_02,University College Dublin / Conway Institute,SEQUENCE_RIDGE_FULL,PT_D1_18,6,0.5002164033860247,DEFINED,0.197360625125942,0.21385001454105204
T250_OUTER_02,University College Dublin / Conway Institute,SEQUENCE_RIDGE_FULL,PT_D1_20,6,0.9561828874675149,DEFINED,0.06122373613836777,0.07446377401199593
T250_OUTER_02,University College Dublin / Conway Institute,SEQUENCE_RIDGE_FULL,PT_D1_23,10,0.6135431191398488,DEFINED,0.17616185196644724,0.23856488562913641
T250_OUTER_02,University College Dublin / Conway Institute,SEQUENCE_RIDGE_FULL,PT_D1_33,10,0.7301163117764201,DEFINED,0.11882352261761038,0.17717620784699292
T250_OUTER_02,University College Dublin / Conway Institute,SEQUENCE_RIDGE_FULL,PT_D1_34,8,0.5855400437691199,DEFINED,0.2055552424519707,0.2427224911000847
T250_OUTER_02,University College Dublin / Conway Institute,SEQUENCE_RIDGE_FULL,PT_D1_48,10,0.4923659639173309,DEFINED,0.2284678098419563,0.27553795331052433
T250_OUTER_02,University College Dublin / Conway Institute,SEQUENCE_RIDGE_FULL,PT_D1_51,9,0.7967246167544523,DEFINED,0.1500149097043531,0.1868678704680509
T250_OUTER_02,University College Dublin / Conway Institute,SEQUENCE_RIDGE_FULL,PT_D1_73,9,0.5424508028966484,DEFINED,0.19379510640957362,0.21272323369657276
T250_OUTER_02,University College Dublin / Conway Institute,SEQUENCE_RIDGE_FULL,PT_D1_81,8,0.7807200583588266,DEFINED,0.1252896531785141,0.14854889807515162
T250_OUTER_02,University College Dublin / Conway Institute,SEQUENCE_RIDGE_FULL,PT_D3_06,8,0.6831300510639733,DEFINED,0.20995992219441506,0.24831361678941088
T250_OUTER_02,University College Dublin / Conway Institute,SEQUENCE_RIDGE_FULL,PT_D3_14,8,0.5855400437691199,DEFINED,0.2229691878252643,0.2901273749014596
T250_OUTER_02,University College Dublin / Conway Institute,SEQUENCE_RIDGE_FULL,PT_D3_22,7,0.5690229011161231,DEFINED,0.1859061212354018,0.22475277696158558
T250_OUTER_02,University College Dublin / Conway Institute,SEQUENCE_RIDGE_FULL,PT_D3_28,6,0.9710083124552245,DEFINED,0.10234455334568264,0.12664981998945235
T250_OUTER_02,University College Dublin / Conway Institute,SEQUENCE_RIDGE_FULL,PT_D3_30,8,0.6182840223353118,DEFINED,0.20461928782695563,0.2573711490852014
T250_OUTER_02,University College Dublin / Conway Institute,SEQUENCE_RIDGE_FULL,PT_D3_37,8,0.7319250547113999,DEFINED,0.1652768801329566,0.18447728312066214
T250_OUTER_02,University College Dublin / Conway Institute,SEQUENCE_RIDGE_FULL,PT_D3_41,7,0.5690229011161231,DEFINED,0.2565217498757591,0.31852913307733677
T250_OUTER_02,University College Dublin / Conway Institute,SEQUENCE_RIDGE_FULL,PT_D3_42,8,0.8295150620062532,DEFINED,0.12389401408785515,0.16726110669713873
T250_OUTER_02,University College Dublin / Conway Institute,SEQUENCE_RIDGE_FULL,PT_D3_85,6,0.47809144373375745,DEFINED,0.16272386657568108,0.1784494897032958
T250_OUTER_02,University College Dublin / Conway Institute,SEQUENCE_RIDGE_FULL,PT_D3_96,8,0.7807200583588266,DEFINED,0.13368347353955,0.15641294546235357
T250_OUTER_02,University College Dublin / Conway Institute,SEQUENCE_RIDGE_FULL,T_D1_133,8,0.5855400437691199,DEFINED,0.18888857578530405,0.201122589743851
T250_OUTER_02,University College Dublin / Conway Institute,SEQUENCE_RIDGE_FULL,T_D1_138,7,0.8627121404018641,DEFINED,0.13311691168935177,0.17653090165996238
T250_OUTER_02,University College Dublin / Conway Institute,SEQUENCE_RIDGE_FULL,T_D1_165,8,0.7807200583588266,DEFINED,0.13368347353955,0.15641294546235357
T250_OUTER_02,University College Dublin / Conway Institute,SEQUENCE_RIDGE_FULL,T_D1_173,8,0.9271050693011066,DEFINED,0.07017052339714891,0.08929778460964644
T250_OUTER_02,University College Dublin / Conway Institute,SEQUENCE_RIDGE_FULL,T_D1_186,9,0.7289182663923712,DEFINED,0.16897614855751764,0.2201169293159772
T250_OUTER_02,University College Dublin / Conway Institute,SEQUENCE_RIDGE_FULL,T_D3_119a,9,0.5933055656682091,DEFINED,0.22285493546940266,0.2513616888184579
T250_OUTER_02,University College Dublin / Conway Institute,SEQUENCE_RIDGE_FULL,T_D3_119b,9,0.5933055656682091,DEFINED,0.20860992122438843,0.22554555464734014
T250_OUTER_02,University College Dublin / Conway Institute,SEQUENCE_RIDGE_FULL,T_D3_155,8,0.5855400437691199,DEFINED,0.2797873696434461,0.3524348441774359
T250_OUTER_02,University College Dublin / Conway Institute,SEQUENCE_RIDGE_FULL,T_D3_178,8,0.7807200583588266,DEFINED,0.13368347353955,0.15641294546235357
T250_OUTER_02,University College Dublin / Conway Institute,SEQUENCE_RIDGE_FULL,T_D3_198,12,0.57953786404698,DEFINED,0.25697598459948034,0.29075112072040743
T250_OUTER_02,University College Dublin / Conway Institute,SEQUENCE_RIDGE_COMPOSITION_ONLY,PT_D1_16,8,0.7637626158259733,DEFINED,0.18796014242036208,0.23166381475543854
T250_OUTER_02,University College Dublin / Conway Institute,SEQUENCE_RIDGE_COMPOSITION_ONLY,PT_D1_18,6,0.5002164033860247,DEFINED,0.1973640045851823,0.21385362005132483
T250_OUTER_02,University College Dublin / Conway Institute,SEQUENCE_RIDGE_COMPOSITION_ONLY,PT_D1_20,6,0.9561828874675149,DEFINED,0.0612267544627908,0.07446600317199535
T250_OUTER_02,University College Dublin / Conway Institute,SEQUENCE_RIDGE_COMPOSITION_ONLY,PT_D1_23,10,0.6135431191398488,DEFINED,0.17616354716720511,0.23856653266047825
T250_OUTER_02,University College Dublin / Conway Institute,SEQUENCE_RIDGE_COMPOSITION_ONLY,PT_D1_33,10,0.7301163117764201,DEFINED,0.11882473680075636,0.17717793223530862
T250_OUTER_02,University College Dublin / Conway Institute,SEQUENCE_RIDGE_COMPOSITION_ONLY,PT_D1_34,8,0.5855400437691199,DEFINED,0.20555707297651044,0.24272438657904014
T250_OUTER_02,University College Dublin / Conway Institute,SEQUENCE_RIDGE_COMPOSITION_ONLY,PT_D1_48,10,0.4923659639173309,DEFINED,0.22846836922629415,0.27553765430544
T250_OUTER_02,University College Dublin / Conway Institute,SEQUENCE_RIDGE_COMPOSITION_ONLY,PT_D1_51,9,0.7967246167544523,DEFINED,0.15001698391629525,0.18687023140995465
T250_OUTER_02,University College Dublin / Conway Institute,SEQUENCE_RIDGE_COMPOSITION_ONLY,PT_D1_73,9,0.5424508028966484,DEFINED,0.19379677392109168,0.21272495578447478
T250_OUTER_02,University College Dublin / Conway Institute,SEQUENCE_RIDGE_COMPOSITION_ONLY,PT_D1_81,8,0.7807200583588266,DEFINED,0.12529200442987387,0.14855232460223391
T250_OUTER_02,University College Dublin / Conway Institute,SEQUENCE_RIDGE_COMPOSITION_ONLY,PT_D3_06,8,0.6831300510639733,DEFINED,0.20996120767293514,0.24831461803198565
T250_OUTER_02,University College Dublin / Conway Institute,SEQUENCE_RIDGE_COMPOSITION_ONLY,PT_D3_14,8,0.5855400437691199,DEFINED,0.2229714758877811,0.2901289464775302
T250_OUTER_02,University College Dublin / Conway Institute,SEQUENCE_RIDGE_COMPOSITION_ONLY,PT_D3_22,7,0.5690229011161231,DEFINED,0.18590824937135744,0.22475517154023003
T250_OUTER_02,University College Dublin / Conway Institute,SEQUENCE_RIDGE_COMPOSITION_ONLY,PT_D3_28,6,0.9710083124552245,DEFINED,0.10234732721267843,0.1266515404410559
T250_OUTER_02,University College Dublin / Conway Institute,SEQUENCE_RIDGE_COMPOSITION_ONLY,PT_D3_30,8,0.6182840223353118,DEFINED,0.20462119537183499,0.2573725893448037
T250_OUTER_02,University College Dublin / Conway Institute,SEQUENCE_RIDGE_COMPOSITION_ONLY,PT_D3_37,8,0.7319250547113999,DEFINED,0.1652791681954734,0.1844800021039241
T250_OUTER_02,University College Dublin / Conway Institute,SEQUENCE_RIDGE_COMPOSITION_ONLY,PT_D3_41,7,0.5690229011161231,DEFINED,0.2565249238128053,0.31853121664376055
T250_OUTER_02,University College Dublin / Conway Institute,SEQUENCE_RIDGE_COMPOSITION_ONLY,PT_D3_42,8,0.8295150620062532,DEFINED,0.12389575710435233,0.16726170341252414
T250_OUTER_02,University College Dublin / Conway Institute,SEQUENCE_RIDGE_COMPOSITION_ONLY,PT_D3_85,6,0.47809144373375745,DEFINED,0.16272700157749417,0.1784534586528915
T250_OUTER_02,University College Dublin / Conway Institute,SEQUENCE_RIDGE_COMPOSITION_ONLY,PT_D3_96,8,0.7807200583588266,DEFINED,0.13368576160206683,0.15641614200471682
T250_OUTER_02,University College Dublin / Conway Institute,SEQUENCE_RIDGE_COMPOSITION_ONLY,T_D1_133,8,0.5855400437691199,DEFINED,0.18889040630984372,0.20112463725961538
T250_OUTER_02,University College Dublin / Conway Institute,SEQUENCE_RIDGE_COMPOSITION_ONLY,T_D1_138,7,0.8627121404018641,DEFINED,0.13311841691557066,0.17653151848262422
T250_OUTER_02,University College Dublin / Conway Institute,SEQUENCE_RIDGE_COMPOSITION_ONLY,T_D1_165,8,0.7807200583588266,DEFINED,0.13368576160206683,0.15641614200471682
T250_OUTER_02,University College Dublin / Conway Institute,SEQUENCE_RIDGE_COMPOSITION_ONLY,T_D1_173,8,0.9271050693011066,DEFINED,0.07017232960248906,0.0893006636145521
T250_OUTER_02,University College Dublin / Conway Institute,SEQUENCE_RIDGE_COMPOSITION_ONLY,T_D1_186,9,0.7289182663923712,DEFINED,0.16897733158368491,0.2201173271618091
T250_OUTER_02,University College Dublin / Conway Institute,SEQUENCE_RIDGE_COMPOSITION_ONLY,T_D3_119a,9,0.5933055656682091,DEFINED,0.22285660298092072,0.25136331639347503
T250_OUTER_02,University College Dublin / Conway Institute,SEQUENCE_RIDGE_COMPOSITION_ONLY,T_D3_119b,9,0.5933055656682091,DEFINED,0.2086115887359065,0.22554724317679983
T250_OUTER_02,University College Dublin / Conway Institute,SEQUENCE_RIDGE_COMPOSITION_ONLY,T_D3_155,8,0.5855400437691199,DEFINED,0.27978965770596287,0.35243612025089255
T250_OUTER_02,University College Dublin / Conway Institute,SEQUENCE_RIDGE_COMPOSITION_ONLY,T_D3_178,8,0.7807200583588266,DEFINED,0.13368576160206683,0.15641614200471682
T250_OUTER_02,University College Dublin / Conway Institute,SEQUENCE_RIDGE_COMPOSITION_ONLY,T_D3_198,12,0.57953786404698,DEFINED,0.2569768163463042,0.2907514527430853
T250_OUTER_03,University of Edinburgh-led controlled human exposure study,CONSTANT_TRAINING_MEAN,R4_EDINBURGH_SGO_20210324_6pm_KostarelosK_OkweloguE_EO10,6,,UNDEFINED_CONSTANT_PREDICTION,0.31941969808636594,0.3641733053543415
T250_OUTER_03,University of Edinburgh-led controlled human exposure study,CONSTANT_TRAINING_MEAN,R4_EDINBURGH_SGO_20210324_6pm_KostarelosK_OkweloguE_EO103,6,,UNDEFINED_CONSTANT_PREDICTION,0.2592592592592593,0.31045150312786135
T250_OUTER_03,University of Edinburgh-led controlled human exposure study,CONSTANT_TRAINING_MEAN,R4_EDINBURGH_SGO_20210324_6pm_KostarelosK_OkweloguE_EO105,6,,UNDEFINED_CONSTANT_PREDICTION,0.2546048832715511,0.3250052256075886
T250_OUTER_03,University of Edinburgh-led controlled human exposure study,CONSTANT_TRAINING_MEAN,R4_EDINBURGH_SGO_20210324_6pm_KostarelosK_OkweloguE_EO107,6,,UNDEFINED_CONSTANT_PREDICTION,0.25925925925925924,0.30461050791971567
T250_OUTER_03,University of Edinburgh-led controlled human exposure study,CONSTANT_TRAINING_MEAN,R4_EDINBURGH_SGO_20210324_6pm_KostarelosK_OkweloguE_EO113,6,,UNDEFINED_CONSTANT_PREDICTION,0.24539511672844885,0.303751394164537
T250_OUTER_03,University of Edinburgh-led controlled human exposure study,CONSTANT_TRAINING_MEAN,R4_EDINBURGH_SGO_20210324_6pm_KostarelosK_OkweloguE_EO116,5,,UNDEFINED_CONSTANT_PREDICTION,0.2217468739586379,0.2358632854460456
T250_OUTER_03,University of Edinburgh-led controlled human exposure study,CONSTANT_TRAINING_MEAN,R4_EDINBURGH_SGO_20210324_6pm_KostarelosK_OkweloguE_EO12,5,,UNDEFINED_CONSTANT_PREDICTION,0.28413547898253855,0.3118635098413453
T250_OUTER_03,University of Edinburgh-led controlled human exposure study,CONSTANT_TRAINING_MEAN,R4_EDINBURGH_SGO_20210324_6pm_KostarelosK_OkweloguE_EO16,5,,UNDEFINED_CONSTANT_PREDICTION,0.17825312604136206,0.20514448217682635
T250_OUTER_03,University of Edinburgh-led controlled human exposure study,CONSTANT_TRAINING_MEAN,R4_EDINBURGH_SGO_20210324_6pm_KostarelosK_OkweloguE_EO21,6,,UNDEFINED_CONSTANT_PREDICTION,0.31941969808636594,0.3555894509625525
T250_OUTER_03,University of Edinburgh-led controlled human exposure study,CONSTANT_TRAINING_MEAN,R4_EDINBURGH_SGO_20210324_6pm_KostarelosK_OkweloguE_EO24,6,,UNDEFINED_CONSTANT_PREDICTION,0.30005943974571664,0.3503206913278222
T250_OUTER_03,University of Edinburgh-led controlled human exposure study,CONSTANT_TRAINING_MEAN,R4_EDINBURGH_SGO_20210324_6pm_KostarelosK_OkweloguE_EO31,6,,UNDEFINED_CONSTANT_PREDICTION,0.3101604388271067,0.3530546282181114
T250_OUTER_03,University of Edinburgh-led controlled human exposure study,CONSTANT_TRAINING_MEAN,R4_EDINBURGH_SGO_20210324_6pm_KostarelosK_OkweloguE_EO34,6,,UNDEFINED_CONSTANT_PREDICTION,0.24074074074074078,0.30628560026352075
T250_OUTER_03,University of Edinburgh-led controlled human exposure study,CONSTANT_TRAINING_MEAN,R4_EDINBURGH_SGO_20210324_6pm_KostarelosK_OkweloguE_EO4,6,,UNDEFINED_CONSTANT_PREDICTION,0.32867895734562524,0.3817674086032999
T250_OUTER_03,University of Edinburgh-led controlled human exposure study,CONSTANT_TRAINING_MEAN,R4_EDINBURGH_SGO_20210324_6pm_KostarelosK_OkweloguE_EO43,5,,UNDEFINED_CONSTANT_PREDICTION,0.1664884201590091,0.21390225924515294
T250_OUTER_03,University of Edinburgh-led controlled human exposure study,CONSTANT_TRAINING_MEAN,R4_EDINBURGH_SGO_20210324_6pm_KostarelosK_OkweloguE_EO52,6,,UNDEFINED_CONSTANT_PREDICTION,0.22549019607843138,0.29747182850118203
T250_OUTER_03,University of Edinburgh-led controlled human exposure study,CONSTANT_TRAINING_MEAN,R4_EDINBURGH_SGO_20210324_6pm_KostarelosK_OkweloguE_EO64,6,,UNDEFINED_CONSTANT_PREDICTION,0.23529411764705885,0.2855112048300284
T250_OUTER_03,University of Edinburgh-led controlled human exposure study,CONSTANT_TRAINING_MEAN,R4_EDINBURGH_SGO_20210324_6pm_KostarelosK_OkweloguE_EO66,6,,UNDEFINED_CONSTANT_PREDICTION,0.20830858697525487,0.2748502830051337
T250_OUTER_03,University of Edinburgh-led controlled human exposure study,CONSTANT_TRAINING_MEAN,R4_EDINBURGH_SGO_20210324_6pm_KostarelosK_OkweloguE_EO73,6,,UNDEFINED_CONSTANT_PREDICTION,0.2777777777777778,0.3210368031820657
T250_OUTER_03,University of Edinburgh-led controlled human exposure study,CONSTANT_TRAINING_MEAN,R4_EDINBURGH_SGO_20210324_6pm_KostarelosK_OkweloguE_EO83,6,,UNDEFINED_CONSTANT_PREDICTION,0.29629629629629634,0.35014419275331815
T250_OUTER_03,University of Edinburgh-led controlled human exposure study,CONSTANT_TRAINING_MEAN,R4_EDINBURGH_SGO_20210324_6pm_KostarelosK_OkweloguE_EO88,5,,UNDEFINED_CONSTANT_PREDICTION,0.21354724368842087,0.2497261961628635
T250_OUTER_03,University of Edinburgh-led controlled human exposure study,CONSTANT_TRAINING_MEAN,R4_EDINBURGH_SGO_20210324_6pm_KostarelosK_OkweloguE_EO94,6,,UNDEFINED_CONSTANT_PREDICTION,0.2592840056173378,0.28776202814604435
T250_OUTER_03,University of Edinburgh-led controlled human exposure study,CONSTANT_TRAINING_MEAN,R4_EDINBURGH_SGO_20210324_6pm_KostarelosK_OkweloguE_EO96,6,,UNDEFINED_CONSTANT_PREDICTION,0.24074074074074078,0.30627662290501556
T250_OUTER_03,University of Edinburgh-led controlled human exposure study,CONSTANT_TRAINING_MEAN,R4_EDINBURGH_SGO_20210324_6pm_KostarelosK_OkweloguE_EO97,6,,UNDEFINED_CONSTANT_PREDICTION,0.29629629629629634,0.3389508163900757
T250_OUTER_03,University of Edinburgh-led controlled human exposure study,CONSTANT_TRAINING_MEAN,R4_EDINBURGH_USGO_20210324_6pm_KostarelosK_OkweloguE_EO106,7,,UNDEFINED_CONSTANT_PREDICTION,0.20439689611118025,0.24029752447377248
T250_OUTER_03,University of Edinburgh-led controlled human exposure study,CONSTANT_TRAINING_MEAN,R4_EDINBURGH_USGO_20210324_6pm_KostarelosK_OkweloguE_EO11,7,,UNDEFINED_CONSTANT_PREDICTION,0.243201591577532,0.31984849194541787
T250_OUTER_03,University of Edinburgh-led controlled human exposure study,CONSTANT_TRAINING_MEAN,R4_EDINBURGH_USGO_20210324_6pm_KostarelosK_OkweloguE_EO111,7,,UNDEFINED_CONSTANT_PREDICTION,0.19247092304235108,0.23236086086032215
T250_OUTER_03,University of Edinburgh-led controlled human exposure study,CONSTANT_TRAINING_MEAN,R4_EDINBURGH_USGO_20210324_6pm_KostarelosK_OkweloguE_EO112,7,,UNDEFINED_CONSTANT_PREDICTION,0.18536983699389661,0.21332327800087364
T250_OUTER_03,University of Edinburgh-led controlled human exposure study,CONSTANT_TRAINING_MEAN,R4_EDINBURGH_USGO_20210324_6pm_KostarelosK_OkweloguE_EO115,7,,UNDEFINED_CONSTANT_PREDICTION,0.19288863398637782,0.23723471781208694
T250_OUTER_03,University of Edinburgh-led controlled human exposure study,CONSTANT_TRAINING_MEAN,R4_EDINBURGH_USGO_20210324_6pm_KostarelosK_OkweloguE_EO120,7,,UNDEFINED_CONSTANT_PREDICTION,0.2530390099262274,0.29459187704329826
T250_OUTER_03,University of Edinburgh-led controlled human exposure study,CONSTANT_TRAINING_MEAN,R4_EDINBURGH_USGO_20210324_6pm_KostarelosK_OkweloguE_EO121,7,,UNDEFINED_CONSTANT_PREDICTION,0.18453441510584317,0.2571158130731706
T250_OUTER_03,University of Edinburgh-led controlled human exposure study,CONSTANT_TRAINING_MEAN,R4_EDINBURGH_USGO_20210324_6pm_KostarelosK_OkweloguE_EO125,7,,UNDEFINED_CONSTANT_PREDICTION,0.25995245166673586,0.31035401074868085
T250_OUTER_03,University of Edinburgh-led controlled human exposure study,CONSTANT_TRAINING_MEAN,R4_EDINBURGH_USGO_20210324_6pm_KostarelosK_OkweloguE_EO126,7,,UNDEFINED_CONSTANT_PREDICTION,0.26287642827492297,0.31370701831318154
T250_OUTER_03,University of Edinburgh-led controlled human exposure study,CONSTANT_TRAINING_MEAN,R4_EDINBURGH_USGO_20210324_6pm_KostarelosK_OkweloguE_EO13,6,,UNDEFINED_CONSTANT_PREDICTION,0.16206178339511548,0.2065014869950094
T250_OUTER_03,University of Edinburgh-led controlled human exposure study,CONSTANT_TRAINING_MEAN,R4_EDINBURGH_USGO_20210324_6pm_KostarelosK_OkweloguE_EO26,6,,UNDEFINED_CONSTANT_PREDICTION,0.24074074074074073,0.2724932025657454
T250_OUTER_03,University of Edinburgh-led controlled human exposure study,CONSTANT_TRAINING_MEAN,R4_EDINBURGH_USGO_20210324_6pm_KostarelosK_OkweloguE_EO36,6,,UNDEFINED_CONSTANT_PREDICTION,0.18983956117289327,0.23392673620966886
T250_OUTER_03,University of Edinburgh-led controlled human exposure study,CONSTANT_TRAINING_MEAN,R4_EDINBURGH_USGO_20210324_6pm_KostarelosK_OkweloguE_EO40,6,,UNDEFINED_CONSTANT_PREDICTION,0.24534562401229185,0.30835775323509973
T250_OUTER_03,University of Edinburgh-led controlled human exposure study,CONSTANT_TRAINING_MEAN,R4_EDINBURGH_USGO_20210324_6pm_KostarelosK_OkweloguE_EO42,6,,UNDEFINED_CONSTANT_PREDICTION,0.3148148148148148,0.37290261715088957
T250_OUTER_03,University of Edinburgh-led controlled human exposure study,CONSTANT_TRAINING_MEAN,R4_EDINBURGH_USGO_20210324_6pm_KostarelosK_OkweloguE_EO44,6,,UNDEFINED_CONSTANT_PREDICTION,0.2058823529411765,0.263317325138919
T250_OUTER_03,University of Edinburgh-led controlled human exposure study,CONSTANT_TRAINING_MEAN,R4_EDINBURGH_USGO_20210324_6pm_KostarelosK_OkweloguE_EO5,7,,UNDEFINED_CONSTANT_PREDICTION,0.2680766039111898,0.3262592967003688
T250_OUTER_03,University of Edinburgh-led controlled human exposure study,CONSTANT_TRAINING_MEAN,R4_EDINBURGH_USGO_20210324_6pm_KostarelosK_OkweloguE_EO50,7,,UNDEFINED_CONSTANT_PREDICTION,0.2657579825549755,0.31621429041154425
T250_OUTER_03,University of Edinburgh-led controlled human exposure study,CONSTANT_TRAINING_MEAN,R4_EDINBURGH_USGO_20210324_6pm_KostarelosK_OkweloguE_EO53,6,,UNDEFINED_CONSTANT_PREDICTION,0.25925925925925924,0.27158311677965113
T250_OUTER_03,University of Edinburgh-led controlled human exposure study,CONSTANT_TRAINING_MEAN,R4_EDINBURGH_USGO_20210324_6pm_KostarelosK_OkweloguE_EO60,6,,UNDEFINED_CONSTANT_PREDICTION,0.19909882043215252,0.23449636061887125
T250_OUTER_03,University of Edinburgh-led controlled human exposure study,CONSTANT_TRAINING_MEAN,R4_EDINBURGH_USGO_20210324_6pm_KostarelosK_OkweloguE_EO62,7,,UNDEFINED_CONSTANT_PREDICTION,0.19808880962264475,0.23400141624065143
T250_OUTER_03,University of Edinburgh-led controlled human exposure study,CONSTANT_TRAINING_MEAN,R4_EDINBURGH_USGO_20210324_6pm_KostarelosK_OkweloguE_EO69,7,,UNDEFINED_CONSTANT_PREDICTION,0.2361005055290775,0.27089203607600976
T250_OUTER_03,University of Edinburgh-led controlled human exposure study,CONSTANT_TRAINING_MEAN,R4_EDINBURGH_USGO_20210324_6pm_KostarelosK_OkweloguE_EO76,7,,UNDEFINED_CONSTANT_PREDICTION,0.30673542616399807,0.3389942518399421
T250_OUTER_03,University of Edinburgh-led controlled human exposure study,CONSTANT_TRAINING_MEAN,R4_EDINBURGH_USGO_20210324_6pm_KostarelosK_OkweloguE_EO77,6,,UNDEFINED_CONSTANT_PREDICTION,0.17132104265437476,0.1995439059885499
T250_OUTER_03,University of Edinburgh-led controlled human exposure study,CONSTANT_TRAINING_MEAN,R4_EDINBURGH_USGO_20210324_6pm_KostarelosK_OkweloguE_EO79,7,,UNDEFINED_CONSTANT_PREDICTION,0.22421695478838286,0.23612547107435294
T250_OUTER_03,University of Edinburgh-led controlled human exposure study,CONSTANT_TRAINING_MEAN,R4_EDINBURGH_USGO_20210324_6pm_KostarelosK_OkweloguE_EO86,7,,UNDEFINED_CONSTANT_PREDICTION,0.2680766039111898,0.3180393495848437
T250_OUTER_03,University of Edinburgh-led controlled human exposure study,CONSTANT_TRAINING_MEAN,R4_EDINBURGH_USGO_20210324_6pm_KostarelosK_OkweloguE_EO87,7,,UNDEFINED_CONSTANT_PREDICTION,0.22816399759256953,0.29219725816926506
T250_OUTER_03,University of Edinburgh-led controlled human exposure study,SEQUENCE_RIDGE_FULL,R4_EDINBURGH_SGO_20210324_6pm_KostarelosK_OkweloguE_EO10,6,0.7142857142857143,DEFINED,0.2111886352657657,0.26629843561877364
T250_OUTER_03,University of Edinburgh-led controlled human exposure study,SEQUENCE_RIDGE_FULL,R4_EDINBURGH_SGO_20210324_6pm_KostarelosK_OkweloguE_EO103,6,0.8285714285714286,DEFINED,0.23223124180676633,0.26713701784646626
T250_OUTER_03,University of Edinburgh-led controlled human exposure study,SEQUENCE_RIDGE_FULL,R4_EDINBURGH_SGO_20210324_6pm_KostarelosK_OkweloguE_EO105,6,0.9428571428571428,DEFINED,0.17582417512133983,0.1952779146959753
T250_OUTER_03,University of Edinburgh-led controlled human exposure study,SEQUENCE_RIDGE_FULL,R4_EDINBURGH_SGO_20210324_6pm_KostarelosK_OkweloguE_EO107,6,0.8285714285714286,DEFINED,0.25074976032528484,0.2934578368868015
T250_OUTER_03,University of Edinburgh-led controlled human exposure study,SEQUENCE_RIDGE_FULL,R4_EDINBURGH_SGO_20210324_6pm_KostarelosK_OkweloguE_EO113,6,0.8285714285714286,DEFINED,0.17582417512133985,0.21059279942887812
T250_OUTER_03,University of Edinburgh-led controlled human exposure study,SEQUENCE_RIDGE_FULL,R4_EDINBURGH_SGO_20210324_6pm_KostarelosK_OkweloguE_EO116,5,0.3,DEFINED,0.2956124357722592,0.3421283378804674
T250_OUTER_03,University of Edinburgh-led controlled human exposure study,SEQUENCE_RIDGE_FULL,R4_EDINBURGH_SGO_20210324_6pm_KostarelosK_OkweloguE_EO12,5,0.5,DEFINED,0.22637984443701611,0.27468401558743455
T250_OUTER_03,University of Edinburgh-led controlled human exposure study,SEQUENCE_RIDGE_FULL,R4_EDINBURGH_SGO_20210324_6pm_KostarelosK_OkweloguE_EO16,5,0.7,DEFINED,0.15443596518402394,0.20474708288483207
T250_OUTER_03,University of Edinburgh-led controlled human exposure study,SEQUENCE_RIDGE_FULL,R4_EDINBURGH_SGO_20210324_6pm_KostarelosK_OkweloguE_EO21,6,0.2571428571428571,DEFINED,0.2971402363779129,0.3482098243998541
T250_OUTER_03,University of Edinburgh-led controlled human exposure study,SEQUENCE_RIDGE_FULL,R4_EDINBURGH_SGO_20210324_6pm_KostarelosK_OkweloguE_EO24,6,0.8285714285714286,DEFINED,0.19018461868927164,0.2115001553371157
T250_OUTER_03,University of Edinburgh-led controlled human exposure study,SEQUENCE_RIDGE_FULL,R4_EDINBURGH_SGO_20210324_6pm_KostarelosK_OkweloguE_EO31,6,0.5428571428571428,DEFINED,0.23896641304354346,0.29279145009956625
T250_OUTER_03,University of Edinburgh-led controlled human exposure study,SEQUENCE_RIDGE_FULL,R4_EDINBURGH_SGO_20210324_6pm_KostarelosK_OkweloguE_EO34,6,0.08571428571428572,DEFINED,0.24801872754392637,0.33826874620736874
T250_OUTER_03,University of Edinburgh-led controlled human exposure study,SEQUENCE_RIDGE_FULL,R4_EDINBURGH_SGO_20210324_6pm_KostarelosK_OkweloguE_EO4,6,0.7142857142857143,DEFINED,0.2200512361921264,0.26424704339132105
T250_OUTER_03,University of Edinburgh-led controlled human exposure study,SEQUENCE_RIDGE_FULL,R4_EDINBURGH_SGO_20210324_6pm_KostarelosK_OkweloguE_EO43,5,0.7,DEFINED,0.18395550130478122,0.21786117523802068
T250_OUTER_03,University of Edinburgh-led controlled human exposure study,SEQUENCE_RIDGE_FULL,R4_EDINBURGH_SGO_20210324_6pm_KostarelosK_OkweloguE_EO52,6,0.8285714285714286,DEFINED,0.22569529409434805,0.24887977803964104
T250_OUTER_03,University of Edinburgh-led controlled human exposure study,SEQUENCE_RIDGE_FULL,R4_EDINBURGH_SGO_20210324_6pm_KostarelosK_OkweloguE_EO64,6,0.7142857142857143,DEFINED,0.15706784311395586,0.19871409639075485
T250_OUTER_03,University of Edinburgh-led controlled human exposure study,SEQUENCE_RIDGE_FULL,R4_EDINBURGH_SGO_20210324_6pm_KostarelosK_OkweloguE_EO66,6,0.9428571428571428,DEFINED,0.1674164269919515,0.18599841712953094
T250_OUTER_03,University of Edinburgh-led controlled human exposure study,SEQUENCE_RIDGE_FULL,R4_EDINBURGH_SGO_20210324_6pm_KostarelosK_OkweloguE_EO73,6,0.8285714285714286,DEFINED,0.1459771621180523,0.18064233001153138
T250_OUTER_03,University of Edinburgh-led controlled human exposure study,SEQUENCE_RIDGE_FULL,R4_EDINBURGH_SGO_20210324_6pm_KostarelosK_OkweloguE_EO83,6,0.8285714285714286,DEFINED,0.1451256509881814,0.1634605297307559
T250_OUTER_03,University of Edinburgh-led controlled human exposure study,SEQUENCE_RIDGE_FULL,R4_EDINBURGH_SGO_20210324_6pm_KostarelosK_OkweloguE_EO88,5,0.4,DEFINED,0.26031831812520034,0.3298246675263187
T250_OUTER_03,University of Edinburgh-led controlled human exposure study,SEQUENCE_RIDGE_FULL,R4_EDINBURGH_SGO_20210324_6pm_KostarelosK_OkweloguE_EO94,6,0.9428571428571428,DEFINED,0.1766756862512108,0.23683595429330614
T250_OUTER_03,University of Edinburgh-led controlled human exposure study,SEQUENCE_RIDGE_FULL,R4_EDINBURGH_SGO_20210324_6pm_KostarelosK_OkweloguE_EO96,6,0.8285714285714286,DEFINED,0.17667568625121077,0.2153880652915357
T250_OUTER_03,University of Edinburgh-led controlled human exposure study,SEQUENCE_RIDGE_FULL,R4_EDINBURGH_SGO_20210324_6pm_KostarelosK_OkweloguE_EO97,6,0.7714285714285715,DEFINED,0.24989824919541392,0.305410711735676
T250_OUTER_03,University of Edinburgh-led controlled human exposure study,SEQUENCE_RIDGE_FULL,R4_EDINBURGH_USGO_20210324_6pm_KostarelosK_OkweloguE_EO106,7,0.6785714285714286,DEFINED,0.18215955082342625,0.25209650370592307
T250_OUTER_03,University of Edinburgh-led controlled human exposure study,SEQUENCE_RIDGE_FULL,R4_EDINBURGH_USGO_20210324_6pm_KostarelosK_OkweloguE_EO11,7,0.6785714285714286,DEFINED,0.17543595663427128,0.20286008236394762
T250_OUTER_03,University of Edinburgh-led controlled human exposure study,SEQUENCE_RIDGE_FULL,R4_EDINBURGH_USGO_20210324_6pm_KostarelosK_OkweloguE_EO111,7,0.9642857142857143,DEFINED,0.12523796634766945,0.15273894014437334
T250_OUTER_03,University of Edinburgh-led controlled human exposure study,SEQUENCE_RIDGE_FULL,R4_EDINBURGH_USGO_20210324_6pm_KostarelosK_OkweloguE_EO112,7,0.8571428571428571,DEFINED,0.13018878133033712,0.1910679351259331
T250_OUTER_03,University of Edinburgh-led controlled human exposure study,SEQUENCE_RIDGE_FULL,R4_EDINBURGH_USGO_20210324_6pm_KostarelosK_OkweloguE_EO115,7,0.75,DEFINED,0.12796268330525787,0.17124176029335014
T250_OUTER_03,University of Edinburgh-led controlled human exposure study,SEQUENCE_RIDGE_FULL,R4_EDINBURGH_USGO_20210324_6pm_KostarelosK_OkweloguE_EO120,7,0.7142857142857143,DEFINED,0.1803328230863512,0.24588647052869966
T250_OUTER_03,University of Edinburgh-led controlled human exposure study,SEQUENCE_RIDGE_FULL,R4_EDINBURGH_USGO_20210324_6pm_KostarelosK_OkweloguE_EO121,7,0.39285714285714285,DEFINED,0.19803256669644215,0.24102598185628085
T250_OUTER_03,University of Edinburgh-led controlled human exposure study,SEQUENCE_RIDGE_FULL,R4_EDINBURGH_USGO_20210324_6pm_KostarelosK_OkweloguE_EO125,7,0.9642857142857143,DEFINED,0.18873002983973297,0.22200011820950968
T250_OUTER_03,University of Edinburgh-led controlled human exposure study,SEQUENCE_RIDGE_FULL,R4_EDINBURGH_USGO_20210324_6pm_KostarelosK_OkweloguE_EO126,7,0.6785714285714286,DEFINED,0.2289431765544204,0.27278473066891423
T250_OUTER_03,University of Edinburgh-led controlled human exposure study,SEQUENCE_RIDGE_FULL,R4_EDINBURGH_USGO_20210324_6pm_KostarelosK_OkweloguE_EO13,6,0.8857142857142857,DEFINED,0.16508508967217467,0.19065465181434033
T250_OUTER_03,University of Edinburgh-led controlled human exposure study,SEQUENCE_RIDGE_FULL,R4_EDINBURGH_USGO_20210324_6pm_KostarelosK_OkweloguE_EO26,6,0.37142857142857144,DEFINED,0.20198453334189725,0.23394122911527596
T250_OUTER_03,University of Edinburgh-led controlled human exposure study,SEQUENCE_RIDGE_FULL,R4_EDINBURGH_USGO_20210324_6pm_KostarelosK_OkweloguE_EO36,6,0.8285714285714286,DEFINED,0.11833394057890595,0.16311922839841778
T250_OUTER_03,University of Edinburgh-led controlled human exposure study,SEQUENCE_RIDGE_FULL,R4_EDINBURGH_USGO_20210324_6pm_KostarelosK_OkweloguE_EO40,6,0.8285714285714286,DEFINED,0.11779968887869297,0.18141930176100232
T250_OUTER_03,University of Edinburgh-led controlled human exposure study,SEQUENCE_RIDGE_FULL,R4_EDINBURGH_USGO_20210324_6pm_KostarelosK_OkweloguE_EO42,6,0.7714285714285715,DEFINED,0.21965154073054485,0.2631378697609919
T250_OUTER_03,University of Edinburgh-led controlled human exposure study,SEQUENCE_RIDGE_FULL,R4_EDINBURGH_USGO_20210324_6pm_KostarelosK_OkweloguE_EO44,6,0.8285714285714286,DEFINED,0.13666364618222085,0.17426083948145338
T250_OUTER_03,University of Edinburgh-led controlled human exposure study,SEQUENCE_RIDGE_FULL,R4_EDINBURGH_USGO_20210324_6pm_KostarelosK_OkweloguE_EO5,7,0.7142857142857143,DEFINED,0.19047355061923368,0.2228201214169961
T250_OUTER_03,University of Edinburgh-led controlled human exposure study,SEQUENCE_RIDGE_FULL,R4_EDINBURGH_USGO_20210324_6pm_KostarelosK_OkweloguE_EO50,7,0.5,DEFINED,0.1979923476117149,0.24479775004546891
T250_OUTER_03,University of Edinburgh-led controlled human exposure study,SEQUENCE_RIDGE_FULL,R4_EDINBURGH_USGO_20210324_6pm_KostarelosK_OkweloguE_EO53,6,0.42857142857142855,DEFINED,0.15821232506808305,0.2426612278871116
T250_OUTER_03,University of Edinburgh-led controlled human exposure study,SEQUENCE_RIDGE_FULL,R4_EDINBURGH_USGO_20210324_6pm_KostarelosK_OkweloguE_EO60,6,0.6571428571428571,DEFINED,0.1642335785423037,0.22820075831214456
T250_OUTER_03,University of Edinburgh-led controlled human exposure study,SEQUENCE_RIDGE_FULL,R4_EDINBURGH_USGO_20210324_6pm_KostarelosK_OkweloguE_EO62,7,0.14285714285714285,DEFINED,0.1880174045543303,0.23546690619075783
T250_OUTER_03,University of Edinburgh-led controlled human exposure study,SEQUENCE_RIDGE_FULL,R4_EDINBURGH_USGO_20210324_6pm_KostarelosK_OkweloguE_EO69,7,0.6785714285714286,DEFINED,0.20801464148023668,0.2557584417545091
T250_OUTER_03,University of Edinburgh-led controlled human exposure study,SEQUENCE_RIDGE_FULL,R4_EDINBURGH_USGO_20210324_6pm_KostarelosK_OkweloguE_EO76,7,0.14285714285714285,DEFINED,0.31314772682372183,0.36478441293111163
T250_OUTER_03,University of Edinburgh-led controlled human exposure study,SEQUENCE_RIDGE_FULL,R4_EDINBURGH_USGO_20210324_6pm_KostarelosK_OkweloguE_EO77,6,0.9428571428571428,DEFINED,0.1558258304129154,0.17847050746622403
T250_OUTER_03,University of Edinburgh-led controlled human exposure study,SEQUENCE_RIDGE_FULL,R4_EDINBURGH_USGO_20210324_6pm_KostarelosK_OkweloguE_EO79,7,0.7142857142857143,DEFINED,0.23576409496379375,0.27985068573703253
T250_OUTER_03,University of Edinburgh-led controlled human exposure study,SEQUENCE_RIDGE_FULL,R4_EDINBURGH_USGO_20210324_6pm_KostarelosK_OkweloguE_EO86,7,0.7142857142857143,DEFINED,0.18007376489141239,0.22277497578264918
T250_OUTER_03,University of Edinburgh-led controlled human exposure study,SEQUENCE_RIDGE_FULL,R4_EDINBURGH_USGO_20210324_6pm_KostarelosK_OkweloguE_EO87,7,0.8571428571428571,DEFINED,0.1349609829365252,0.14595307970943522
T250_OUTER_03,University of Edinburgh-led controlled human exposure study,SEQUENCE_RIDGE_COMPOSITION_ONLY,R4_EDINBURGH_SGO_20210324_6pm_KostarelosK_OkweloguE_EO10,6,0.7142857142857143,DEFINED,0.22040593350589063,0.26678632431477034
T250_OUTER_03,University of Edinburgh-led controlled human exposure study,SEQUENCE_RIDGE_COMPOSITION_ONLY,R4_EDINBURGH_SGO_20210324_6pm_KostarelosK_OkweloguE_EO103,6,0.8285714285714286,DEFINED,0.23511297848987214,0.2662681221749107
T250_OUTER_03,University of Edinburgh-led controlled human exposure study,SEQUENCE_RIDGE_COMPOSITION_ONLY,R4_EDINBURGH_SGO_20210324_6pm_KostarelosK_OkweloguE_EO105,6,0.9428571428571428,DEFINED,0.17175335010695156,0.1956419516746243
T250_OUTER_03,University of Edinburgh-led controlled human exposure study,SEQUENCE_RIDGE_COMPOSITION_ONLY,R4_EDINBURGH_SGO_20210324_6pm_KostarelosK_OkweloguE_EO107,6,0.8285714285714286,DEFINED,0.25363149700839066,0.29159893275301974
T250_OUTER_03,University of Edinburgh-led controlled human exposure study,SEQUENCE_RIDGE_COMPOSITION_ONLY,R4_EDINBURGH_SGO_20210324_6pm_KostarelosK_OkweloguE_EO113,6,0.8285714285714286,DEFINED,0.17175335010695159,0.2104159178358891
T250_OUTER_03,University of Edinburgh-led controlled human exposure study,SEQUENCE_RIDGE_COMPOSITION_ONLY,R4_EDINBURGH_SGO_20210324_6pm_KostarelosK_OkweloguE_EO116,5,0.3,DEFINED,0.28681274129434386,0.33008615455015594
T250_OUTER_03,University of Edinburgh-led controlled human exposure study,SEQUENCE_RIDGE_COMPOSITION_ONLY,R4_EDINBURGH_SGO_20210324_6pm_KostarelosK_OkweloguE_EO12,5,0.5,DEFINED,0.21293424514917128,0.2626872520724967
T250_OUTER_03,University of Edinburgh-led controlled human exposure study,SEQUENCE_RIDGE_COMPOSITION_ONLY,R4_EDINBURGH_SGO_20210324_6pm_KostarelosK_OkweloguE_EO16,5,0.7,DEFINED,0.14563627070610857,0.190611305417846
T250_OUTER_03,University of Edinburgh-led controlled human exposure study,SEQUENCE_RIDGE_COMPOSITION_ONLY,R4_EDINBURGH_SGO_20210324_6pm_KostarelosK_OkweloguE_EO21,6,0.2571428571428571,DEFINED,0.28241423124320575,0.32482749792782706
T250_OUTER_03,University of Edinburgh-led controlled human exposure study,SEQUENCE_RIDGE_COMPOSITION_ONLY,R4_EDINBURGH_SGO_20210324_6pm_KostarelosK_OkweloguE_EO24,6,0.8285714285714286,DEFINED,0.19244935523190246,0.21253609262048428
T250_OUTER_03,University of Edinburgh-led controlled human exposure study,SEQUENCE_RIDGE_COMPOSITION_ONLY,R4_EDINBURGH_SGO_20210324_6pm_KostarelosK_OkweloguE_EO31,6,0.5428571428571428,DEFINED,0.24818371128366837,0.29166211279070625
T250_OUTER_03,University of Edinburgh-led controlled human exposure study,SEQUENCE_RIDGE_COMPOSITION_ONLY,R4_EDINBURGH_SGO_20210324_6pm_KostarelosK_OkweloguE_EO34,6,0.08571428571428572,DEFINED,0.2267728589012671,0.30967668801031223
T250_OUTER_03,University of Edinburgh-led controlled human exposure study,SEQUENCE_RIDGE_COMPOSITION_ONLY,R4_EDINBURGH_SGO_20210324_6pm_KostarelosK_OkweloguE_EO4,6,0.7142857142857143,DEFINED,0.22601394723111837,0.26771045321134684
T250_OUTER_03,University of Edinburgh-led controlled human exposure study,SEQUENCE_RIDGE_COMPOSITION_ONLY,R4_EDINBURGH_SGO_20210324_6pm_KostarelosK_OkweloguE_EO43,5,0.7,DEFINED,0.17071823743123246,0.20183795229499668
T250_OUTER_03,University of Edinburgh-led controlled human exposure study,SEQUENCE_RIDGE_COMPOSITION_ONLY,R4_EDINBURGH_SGO_20210324_6pm_KostarelosK_OkweloguE_EO52,6,0.8285714285714286,DEFINED,0.2285770307774538,0.25139187305154315
T250_OUTER_03,University of Edinburgh-led controlled human exposure study,SEQUENCE_RIDGE_COMPOSITION_ONLY,R4_EDINBURGH_SGO_20210324_6pm_KostarelosK_OkweloguE_EO64,6,0.7142857142857143,DEFINED,0.16174379472567177,0.20279081789868322
T250_OUTER_03,University of Edinburgh-led controlled human exposure study,SEQUENCE_RIDGE_COMPOSITION_ONLY,R4_EDINBURGH_SGO_20210324_6pm_KostarelosK_OkweloguE_EO66,6,0.9428571428571428,DEFINED,0.17029816367505732,0.18747734444932332
T250_OUTER_03,University of Edinburgh-led controlled human exposure study,SEQUENCE_RIDGE_COMPOSITION_ONLY,R4_EDINBURGH_SGO_20210324_6pm_KostarelosK_OkweloguE_EO73,6,0.8285714285714286,DEFINED,0.1519398731570443,0.19290885907112235
T250_OUTER_03,University of Edinburgh-led controlled human exposure study,SEQUENCE_RIDGE_COMPOSITION_ONLY,R4_EDINBURGH_SGO_20210324_6pm_KostarelosK_OkweloguE_EO83,6,0.8285714285714286,DEFINED,0.14413580032967932,0.17380786914795973
T250_OUTER_03,University of Edinburgh-led controlled human exposure study,SEQUENCE_RIDGE_COMPOSITION_ONLY,R4_EDINBURGH_SGO_20210324_6pm_KostarelosK_OkweloguE_EO88,5,0.4,DEFINED,0.251518623647285,0.3144902854632276
T250_OUTER_03,University of Edinburgh-led controlled human exposure study,SEQUENCE_RIDGE_COMPOSITION_ONLY,R4_EDINBURGH_SGO_20210324_6pm_KostarelosK_OkweloguE_EO94,6,0.9428571428571428,DEFINED,0.17955742293431656,0.23618015100943746
T250_OUTER_03,University of Edinburgh-led controlled human exposure study,SEQUENCE_RIDGE_COMPOSITION_ONLY,R4_EDINBURGH_SGO_20210324_6pm_KostarelosK_OkweloguE_EO96,6,0.8285714285714286,DEFINED,0.17955742293431656,0.21888205018518045
T250_OUTER_03,University of Edinburgh-led controlled human exposure study,SEQUENCE_RIDGE_COMPOSITION_ONLY,R4_EDINBURGH_SGO_20210324_6pm_KostarelosK_OkweloguE_EO97,6,0.7714285714285715,DEFINED,0.24582742418102566,0.2969997917925813
T250_OUTER_03,University of Edinburgh-led controlled human exposure study,SEQUENCE_RIDGE_COMPOSITION_ONLY,R4_EDINBURGH_USGO_20210324_6pm_KostarelosK_OkweloguE_EO106,7,0.6785714285714286,DEFINED,0.18470539474445338,0.24839148833125244
T250_OUTER_03,University of Edinburgh-led controlled human exposure study,SEQUENCE_RIDGE_COMPOSITION_ONLY,R4_EDINBURGH_USGO_20210324_6pm_KostarelosK_OkweloguE_EO11,7,0.6785714285714286,DEFINED,0.18192986315667659,0.21575458377446316
T250_OUTER_03,University of Edinburgh-led controlled human exposure study,SEQUENCE_RIDGE_COMPOSITION_ONLY,R4_EDINBURGH_USGO_20210324_6pm_KostarelosK_OkweloguE_EO111,7,0.9642857142857143,DEFINED,0.13793604037006912,0.15797007384067682
T250_OUTER_03,University of Edinburgh-led controlled human exposure study,SEQUENCE_RIDGE_COMPOSITION_ONLY,R4_EDINBURGH_USGO_20210324_6pm_KostarelosK_OkweloguE_EO112,7,0.8571428571428571,DEFINED,0.1123996437193638,0.18045219763958523
T250_OUTER_03,University of Edinburgh-led controlled human exposure study,SEQUENCE_RIDGE_COMPOSITION_ONLY,R4_EDINBURGH_USGO_20210324_6pm_KostarelosK_OkweloguE_EO115,7,0.75,DEFINED,0.12768465783377356,0.1668528037576322
T250_OUTER_03,University of Edinburgh-led controlled human exposure study,SEQUENCE_RIDGE_COMPOSITION_ONLY,R4_EDINBURGH_USGO_20210324_6pm_KostarelosK_OkweloguE_EO120,7,0.7142857142857143,DEFINED,0.192879329294878,0.2562388418497504
T250_OUTER_03,University of Edinburgh-led controlled human exposure study,SEQUENCE_RIDGE_COMPOSITION_ONLY,R4_EDINBURGH_USGO_20210324_6pm_KostarelosK_OkweloguE_EO121,7,0.39285714285714285,DEFINED,0.20057841061746925,0.24598709767964802
T250_OUTER_03,University of Edinburgh-led controlled human exposure study,SEQUENCE_RIDGE_COMPOSITION_ONLY,R4_EDINBURGH_USGO_20210324_6pm_KostarelosK_OkweloguE_EO125,7,0.9642857142857143,DEFINED,0.2014281038621326,0.2312647686079608
T250_OUTER_03,University of Edinburgh-led controlled human exposure study,SEQUENCE_RIDGE_COMPOSITION_ONLY,R4_EDINBURGH_USGO_20210324_6pm_KostarelosK_OkweloguE_EO126,7,0.6785714285714286,DEFINED,0.23148902047544753,0.27386293929152167
T250_OUTER_03,University of Edinburgh-led controlled human exposure study,SEQUENCE_RIDGE_COMPOSITION_ONLY,R4_EDINBURGH_USGO_20210324_6pm_KostarelosK_OkweloguE_EO13,6,0.8857142857142857,DEFINED,0.157840425498671,0.1835177758306131
T250_OUTER_03,University of Edinburgh-led controlled human exposure study,SEQUENCE_RIDGE_COMPOSITION_ONLY,R4_EDINBURGH_USGO_20210324_6pm_KostarelosK_OkweloguE_EO26,6,0.37142857142857144,DEFINED,0.2008986016092277,0.23047314179592562
T250_OUTER_03,University of Edinburgh-led controlled human exposure study,SEQUENCE_RIDGE_COMPOSITION_ONLY,R4_EDINBURGH_USGO_20210324_6pm_KostarelosK_OkweloguE_EO36,6,0.8285714285714286,DEFINED,0.10739130190904113,0.15371803481214177
T250_OUTER_03,University of Edinburgh-led controlled human exposure study,SEQUENCE_RIDGE_COMPOSITION_ONLY,R4_EDINBURGH_USGO_20210324_6pm_KostarelosK_OkweloguE_EO40,6,0.8285714285714286,DEFINED,0.10976119544852936,0.1798434526844487
T250_OUTER_03,University of Edinburgh-led controlled human exposure study,SEQUENCE_RIDGE_COMPOSITION_ONLY,R4_EDINBURGH_USGO_20210324_6pm_KostarelosK_OkweloguE_EO42,6,0.7714285714285715,DEFINED,0.21161304730038122,0.25611642919816907
T250_OUTER_03,University of Edinburgh-led controlled human exposure study,SEQUENCE_RIDGE_COMPOSITION_ONLY,R4_EDINBURGH_USGO_20210324_6pm_KostarelosK_OkweloguE_EO44,6,0.8285714285714286,DEFINED,0.1292721853835289,0.16501848727811766
T250_OUTER_03,University of Edinburgh-led controlled human exposure study,SEQUENCE_RIDGE_COMPOSITION_ONLY,R4_EDINBURGH_USGO_20210324_6pm_KostarelosK_OkweloguE_EO5,7,0.7142857142857143,DEFINED,0.19550866188857613,0.2349657921451404
T250_OUTER_03,University of Edinburgh-led controlled human exposure study,SEQUENCE_RIDGE_COMPOSITION_ONLY,R4_EDINBURGH_USGO_20210324_6pm_KostarelosK_OkweloguE_EO50,7,0.5,DEFINED,0.2030274588810573,0.2469673972210092
T250_OUTER_03,University of Edinburgh-led controlled human exposure study,SEQUENCE_RIDGE_COMPOSITION_ONLY,R4_EDINBURGH_USGO_20210324_6pm_KostarelosK_OkweloguE_EO53,6,0.42857142857142855,DEFINED,0.16104139982309432,0.23855753318431097
T250_OUTER_03,University of Edinburgh-led controlled human exposure study,SEQUENCE_RIDGE_COMPOSITION_ONLY,R4_EDINBURGH_USGO_20210324_6pm_KostarelosK_OkweloguE_EO60,6,0.6571428571428571,DEFINED,0.15003635267130597,0.21976380410447294
T250_OUTER_03,University of Edinburgh-led controlled human exposure study,SEQUENCE_RIDGE_COMPOSITION_ONLY,R4_EDINBURGH_USGO_20210324_6pm_KostarelosK_OkweloguE_EO62,7,0.14285714285714285,DEFINED,0.17994781821044592,0.2187763161806291
T250_OUTER_03,University of Edinburgh-led controlled human exposure study,SEQUENCE_RIDGE_COMPOSITION_ONLY,R4_EDINBURGH_USGO_20210324_6pm_KostarelosK_OkweloguE_EO69,7,0.6785714285714286,DEFINED,0.21040891758739097,0.2515711672482005
T250_OUTER_03,University of Edinburgh-led controlled human exposure study,SEQUENCE_RIDGE_COMPOSITION_ONLY,R4_EDINBURGH_USGO_20210324_6pm_KostarelosK_OkweloguE_EO76,7,0.14285714285714285,DEFINED,0.29471238735572314,0.34604375964166534
T250_OUTER_03,University of Edinburgh-led controlled human exposure study,SEQUENCE_RIDGE_COMPOSITION_ONLY,R4_EDINBURGH_USGO_20210324_6pm_KostarelosK_OkweloguE_EO77,6,0.9428571428571428,DEFINED,0.14858116623941173,0.17527828773631715
T250_OUTER_03,University of Edinburgh-led controlled human exposure study,SEQUENCE_RIDGE_COMPOSITION_ONLY,R4_EDINBURGH_USGO_20210324_6pm_KostarelosK_OkweloguE_EO79,7,0.7142857142857143,DEFINED,0.22079882674533183,0.2650407768310581
T250_OUTER_03,University of Edinburgh-led controlled human exposure study,SEQUENCE_RIDGE_COMPOSITION_ONLY,R4_EDINBURGH_USGO_20210324_6pm_KostarelosK_OkweloguE_EO86,7,0.7142857142857143,DEFINED,0.18526044397462768,0.22914089393084414
T250_OUTER_03,University of Edinburgh-led controlled human exposure study,SEQUENCE_RIDGE_COMPOSITION_ONLY,R4_EDINBURGH_USGO_20210324_6pm_KostarelosK_OkweloguE_EO87,7,0.8571428571428571,DEFINED,0.14014766201974044,0.15781462569740948
T250_OUTER_04,University of Southern Denmark / Russian Academy of Sciences study,CONSTANT_TRAINING_MEAN,PMC6592156:PH:pH 4.9:Rep1,5,,UNDEFINED_CONSTANT_PREDICTION,0.2760775224553889,0.32559144857672434
T250_OUTER_04,University of Southern Denmark / Russian Academy of Sciences study,CONSTANT_TRAINING_MEAN,PMC6592156:PH:pH 4.9:Rep2,6,,UNDEFINED_CONSTANT_PREDICTION,0.31087814216519655,0.3637286429988905
T250_OUTER_04,University of Southern Denmark / Russian Academy of Sciences study,CONSTANT_TRAINING_MEAN,PMC6592156:PH:pH 4.9:Rep3,6,,UNDEFINED_CONSTANT_PREDICTION,0.3015151515151515,0.3394860837648289
T250_OUTER_04,University of Southern Denmark / Russian Academy of Sciences study,CONSTANT_TRAINING_MEAN,PMC6592156:PH:pH 6.1:Rep1,6,,UNDEFINED_CONSTANT_PREDICTION,0.32434301521438447,0.354011940902109
T250_OUTER_04,University of Southern Denmark / Russian Academy of Sciences study,CONSTANT_TRAINING_MEAN,PMC6592156:PH:pH 6.1:Rep2,7,,UNDEFINED_CONSTANT_PREDICTION,0.3550060725632966,0.39223746921155006
T250_OUTER_04,University of Southern Denmark / Russian Academy of Sciences study,CONSTANT_TRAINING_MEAN,PMC6592156:PH:pH 6.1:Rep3,5,,UNDEFINED_CONSTANT_PREDICTION,0.26383589745803104,0.3043656893469981
T250_OUTER_04,University of Southern Denmark / Russian Academy of Sciences study,CONSTANT_TRAINING_MEAN,PMC6592156:PH:pH 6.8:Rep1,7,,UNDEFINED_CONSTANT_PREDICTION,0.30968087044014725,0.35576318923294986
T250_OUTER_04,University of Southern Denmark / Russian Academy of Sciences study,CONSTANT_TRAINING_MEAN,PMC6592156:PH:pH 6.8:Rep2,7,,UNDEFINED_CONSTANT_PREDICTION,0.3094118790356453,0.34010997398104165
T250_OUTER_04,University of Southern Denmark / Russian Academy of Sciences study,CONSTANT_TRAINING_MEAN,PMC6592156:PH:pH 6.8:Rep3,7,,UNDEFINED_CONSTANT_PREDICTION,0.25560173158592187,0.29786496302831506
T250_OUTER_04,University of Southern Denmark / Russian Academy of Sciences study,CONSTANT_TRAINING_MEAN,PMC6592156:PH:pH 7.7:Rep1,6,,UNDEFINED_CONSTANT_PREDICTION,0.2772108843537416,0.31563195192025956
T250_OUTER_04,University of Southern Denmark / Russian Academy of Sciences study,CONSTANT_TRAINING_MEAN,PMC6592156:PH:pH 7.7:Rep2,7,,UNDEFINED_CONSTANT_PREDICTION,0.3346220597919178,0.3757277674597924
T250_OUTER_04,University of Southern Denmark / Russian Academy of Sciences study,CONSTANT_TRAINING_MEAN,PMC6592156:PH:pH 7.7:Rep3,7,,UNDEFINED_CONSTANT_PREDICTION,0.3343966391005525,0.3757010059731091
T250_OUTER_04,University of Southern Denmark / Russian Academy of Sciences study,CONSTANT_TRAINING_MEAN,PMC6592156:PH:pH 8.9:Rep1,7,,UNDEFINED_CONSTANT_PREDICTION,0.31634805775517183,0.37229288418600814
T250_OUTER_04,University of Southern Denmark / Russian Academy of Sciences study,CONSTANT_TRAINING_MEAN,PMC6592156:PH:pH 8.9:Rep2,7,,UNDEFINED_CONSTANT_PREDICTION,0.32656437816639483,0.3791421754608006
T250_OUTER_04,University of Southern Denmark / Russian Academy of Sciences study,CONSTANT_TRAINING_MEAN,PMC6592156:PH:pH 8.9:Rep3,7,,UNDEFINED_CONSTANT_PREDICTION,0.30882805797518753,0.3688636008220804
T250_OUTER_04,University of Southern Denmark / Russian Academy of Sciences study,CONSTANT_TRAINING_MEAN,PMC6592156:TEMPERATURE:17 °C:Rep1,6,,UNDEFINED_CONSTANT_PREDICTION,0.3042763157894737,0.33468225221535525
T250_OUTER_04,University of Southern Denmark / Russian Academy of Sciences study,CONSTANT_TRAINING_MEAN,PMC6592156:TEMPERATURE:17 °C:Rep2,6,,UNDEFINED_CONSTANT_PREDICTION,0.2483333333333333,0.2599172164692189
T250_OUTER_04,University of Southern Denmark / Russian Academy of Sciences study,CONSTANT_TRAINING_MEAN,PMC6592156:TEMPERATURE:17 °C:Rep3,5,,UNDEFINED_CONSTANT_PREDICTION,0.26904843236339876,0.29465982762487236
T250_OUTER_04,University of Southern Denmark / Russian Academy of Sciences study,CONSTANT_TRAINING_MEAN,PMC6592156:TEMPERATURE:30 °C:Rep1,6,,UNDEFINED_CONSTANT_PREDICTION,0.24448840052528986,0.2788316444039998
T250_OUTER_04,University of Southern Denmark / Russian Academy of Sciences study,CONSTANT_TRAINING_MEAN,PMC6592156:TEMPERATURE:30 °C:Rep2,5,,UNDEFINED_CONSTANT_PREDICTION,0.22052346276628604,0.2510006961304222
T250_OUTER_04,University of Southern Denmark / Russian Academy of Sciences study,CONSTANT_TRAINING_MEAN,PMC6592156:TEMPERATURE:30 °C:Rep3,7,,UNDEFINED_CONSTANT_PREDICTION,0.24221189561544074,0.28534300098983073
T250_OUTER_04,University of Southern Denmark / Russian Academy of Sciences study,CONSTANT_TRAINING_MEAN,PMC6592156:TEMPERATURE:4 °C:Rep1,7,,UNDEFINED_CONSTANT_PREDICTION,0.30012863325568073,0.32983928207735036
T250_OUTER_04,University of Southern Denmark / Russian Academy of Sciences study,CONSTANT_TRAINING_MEAN,PMC6592156:TEMPERATURE:4 °C:Rep2,7,,UNDEFINED_CONSTANT_PREDICTION,0.2681106703683191,0.3089330778034695
T250_OUTER_04,University of Southern Denmark / Russian Academy of Sciences study,CONSTANT_TRAINING_MEAN,PMC6592156:TEMPERATURE:4 °C:Rep3,6,,UNDEFINED_CONSTANT_PREDICTION,0.2699468085106383,0.3008274522442125
T250_OUTER_04,University of Southern Denmark / Russian Academy of Sciences study,CONSTANT_TRAINING_MEAN,PMC6592156:TEMPERATURE:41 °C:Rep1,7,,UNDEFINED_CONSTANT_PREDICTION,0.2988024629456612,0.3433499038251663
T250_OUTER_04,University of Southern Denmark / Russian Academy of Sciences study,CONSTANT_TRAINING_MEAN,PMC6592156:TEMPERATURE:41 °C:Rep2,7,,UNDEFINED_CONSTANT_PREDICTION,0.3049970582705099,0.3478257743993596
T250_OUTER_04,University of Southern Denmark / Russian Academy of Sciences study,CONSTANT_TRAINING_MEAN,PMC6592156:TEMPERATURE:41 °C:Rep3,7,,UNDEFINED_CONSTANT_PREDICTION,0.2988890212807011,0.3415235672802031
T250_OUTER_04,University of Southern Denmark / Russian Academy of Sciences study,CONSTANT_TRAINING_MEAN,PMC6592156:TEMPERATURE:47 °C:Rep1,6,,UNDEFINED_CONSTANT_PREDICTION,0.28787801651266004,0.33336250378345533
T250_OUTER_04,University of Southern Denmark / Russian Academy of Sciences study,CONSTANT_TRAINING_MEAN,PMC6592156:TEMPERATURE:47 °C:Rep2,7,,UNDEFINED_CONSTANT_PREDICTION,0.32114216213821123,0.37215542301854293
T250_OUTER_04,University of Southern Denmark / Russian Academy of Sciences study,CONSTANT_TRAINING_MEAN,PMC6592156:TEMPERATURE:47 °C:Rep3,7,,UNDEFINED_CONSTANT_PREDICTION,0.3465691807717516,0.3907080493055978
T250_OUTER_04,University of Southern Denmark / Russian Academy of Sciences study,SEQUENCE_RIDGE_FULL,PMC6592156:PH:pH 4.9:Rep1,5,1.0,DEFINED,0.08910920729664049,0.0982498783240331
T250_OUTER_04,University of Southern Denmark / Russian Academy of Sciences study,SEQUENCE_RIDGE_FULL,PMC6592156:PH:pH 4.9:Rep2,6,0.9428571428571428,DEFINED,0.10924643969140878,0.1510764580458646
T250_OUTER_04,University of Southern Denmark / Russian Academy of Sciences study,SEQUENCE_RIDGE_FULL,PMC6592156:PH:pH 4.9:Rep3,6,0.6571428571428571,DEFINED,0.15071908020732946,0.23803835508572907
T250_OUTER_04,University of Southern Denmark / Russian Academy of Sciences study,SEQUENCE_RIDGE_FULL,PMC6592156:PH:pH 6.1:Rep1,6,0.7714285714285715,DEFINED,0.1662035890523267,0.2427515105220253
T250_OUTER_04,University of Southern Denmark / Russian Academy of Sciences study,SEQUENCE_RIDGE_FULL,PMC6592156:PH:pH 6.1:Rep2,7,0.75,DEFINED,0.23113752229025616,0.28358464615233187
T250_OUTER_04,University of Southern Denmark / Russian Academy of Sciences study,SEQUENCE_RIDGE_FULL,PMC6592156:PH:pH 6.1:Rep3,5,0.9,DEFINED,0.1390269308488532,0.18118551625683907
T250_OUTER_04,University of Southern Denmark / Russian Academy of Sciences study,SEQUENCE_RIDGE_FULL,PMC6592156:PH:pH 6.8:Rep1,7,0.9285714285714286,DEFINED,0.16945362864026475,0.21998919375244969
T250_OUTER_04,University of Southern Denmark / Russian Academy of Sciences study,SEQUENCE_RIDGE_FULL,PMC6592156:PH:pH 6.8:Rep2,7,0.75,DEFINED,0.1747705756227576,0.22230796492803545
T250_OUTER_04,University of Southern Denmark / Russian Academy of Sciences study,SEQUENCE_RIDGE_FULL,PMC6592156:PH:pH 6.8:Rep3,7,0.5357142857142857,DEFINED,0.21423288176780989,0.2603812605993713
T250_OUTER_04,University of Southern Denmark / Russian Academy of Sciences study,SEQUENCE_RIDGE_FULL,PMC6592156:PH:pH 7.7:Rep1,6,0.8285714285714286,DEFINED,0.15914113564884155,0.1881307492824628
T250_OUTER_04,University of Southern Denmark / Russian Academy of Sciences study,SEQUENCE_RIDGE_FULL,PMC6592156:PH:pH 7.7:Rep2,7,0.6785714285714286,DEFINED,0.20128303026103952,0.24856628867350744
T250_OUTER_04,University of Southern Denmark / Russian Academy of Sciences study,SEQUENCE_RIDGE_FULL,PMC6592156:PH:pH 7.7:Rep3,7,0.6785714285714286,DEFINED,0.2089988584969133,0.25228353625205197
T250_OUTER_04,University of Southern Denmark / Russian Academy of Sciences study,SEQUENCE_RIDGE_FULL,PMC6592156:PH:pH 8.9:Rep1,7,0.8571428571428571,DEFINED,0.18341852268678474,0.23110752231559664
T250_OUTER_04,University of Southern Denmark / Russian Academy of Sciences study,SEQUENCE_RIDGE_FULL,PMC6592156:PH:pH 8.9:Rep2,7,0.9642857142857143,DEFINED,0.15960139777935806,0.19293085902881194
T250_OUTER_04,University of Southern Denmark / Russian Academy of Sciences study,SEQUENCE_RIDGE_FULL,PMC6592156:PH:pH 8.9:Rep3,7,0.9285714285714286,DEFINED,0.17669621746305192,0.2257929397160784
T250_OUTER_04,University of Southern Denmark / Russian Academy of Sciences study,SEQUENCE_RIDGE_FULL,PMC6592156:TEMPERATURE:17 °C:Rep1,6,0.6,DEFINED,0.2414884640939665,0.2906079526949389
T250_OUTER_04,University of Southern Denmark / Russian Academy of Sciences study,SEQUENCE_RIDGE_FULL,PMC6592156:TEMPERATURE:17 °C:Rep2,6,0.4857142857142857,DEFINED,0.16566244070215363,0.20234974998407376
T250_OUTER_04,University of Southern Denmark / Russian Academy of Sciences study,SEQUENCE_RIDGE_FULL,PMC6592156:TEMPERATURE:17 °C:Rep3,5,0.5,DEFINED,0.21006830489756717,0.2646333955496579
T250_OUTER_04,University of Southern Denmark / Russian Academy of Sciences study,SEQUENCE_RIDGE_FULL,PMC6592156:TEMPERATURE:30 °C:Rep1,6,0.8857142857142857,DEFINED,0.16988969793196773,0.189025148309599
T250_OUTER_04,University of Southern Denmark / Russian Academy of Sciences study,SEQUENCE_RIDGE_FULL,PMC6592156:TEMPERATURE:30 °C:Rep2,5,0.5,DEFINED,0.17831788318009822,0.2221614773427949
T250_OUTER_04,University of Southern Denmark / Russian Academy of Sciences study,SEQUENCE_RIDGE_FULL,PMC6592156:TEMPERATURE:30 °C:Rep3,7,0.75,DEFINED,0.1454724345100971,0.17681960505482272
T250_OUTER_04,University of Southern Denmark / Russian Academy of Sciences study,SEQUENCE_RIDGE_FULL,PMC6592156:TEMPERATURE:4 °C:Rep1,7,0.8214285714285714,DEFINED,0.16330727869757275,0.18324374080680247
T250_OUTER_04,University of Southern Denmark / Russian Academy of Sciences study,SEQUENCE_RIDGE_FULL,PMC6592156:TEMPERATURE:4 °C:Rep2,7,0.8214285714285714,DEFINED,0.1612344759736785,0.1764383149563398
T250_OUTER_04,University of Southern Denmark / Russian Academy of Sciences study,SEQUENCE_RIDGE_FULL,PMC6592156:TEMPERATURE:4 °C:Rep3,6,0.7142857142857143,DEFINED,0.20547922557212997,0.23323789411734405
T250_OUTER_04,University of Southern Denmark / Russian Academy of Sciences study,SEQUENCE_RIDGE_FULL,PMC6592156:TEMPERATURE:41 °C:Rep1,7,0.75,DEFINED,0.23567974107244785,0.2768157964196417
T250_OUTER_04,University of Southern Denmark / Russian Academy of Sciences study,SEQUENCE_RIDGE_FULL,PMC6592156:TEMPERATURE:41 °C:Rep2,7,0.75,DEFINED,0.25073511097998585,0.28445419052900256
T250_OUTER_04,University of Southern Denmark / Russian Academy of Sciences study,SEQUENCE_RIDGE_FULL,PMC6592156:TEMPERATURE:41 °C:Rep3,7,0.75,DEFINED,0.23852772141314987,0.2704914636426525
T250_OUTER_04,University of Southern Denmark / Russian Academy of Sciences study,SEQUENCE_RIDGE_FULL,PMC6592156:TEMPERATURE:47 °C:Rep1,6,0.7714285714285715,DEFINED,0.16188054610539557,0.19729081337435728
T250_OUTER_04,University of Southern Denmark / Russian Academy of Sciences study,SEQUENCE_RIDGE_FULL,PMC6592156:TEMPERATURE:47 °C:Rep2,7,0.8571428571428571,DEFINED,0.15536480891370077,0.1805034010579512
T250_OUTER_04,University of Southern Denmark / Russian Academy of Sciences study,SEQUENCE_RIDGE_FULL,PMC6592156:TEMPERATURE:47 °C:Rep3,7,0.8571428571428571,DEFINED,0.17437029479584934,0.21644083834734287
T250_OUTER_04,University of Southern Denmark / Russian Academy of Sciences study,SEQUENCE_RIDGE_COMPOSITION_ONLY,PMC6592156:PH:pH 4.9:Rep1,5,1.0,DEFINED,0.08892102176396055,0.09807354550038194
T250_OUTER_04,University of Southern Denmark / Russian Academy of Sciences study,SEQUENCE_RIDGE_COMPOSITION_ONLY,PMC6592156:PH:pH 4.9:Rep2,6,0.9428571428571428,DEFINED,0.10911910074971874,0.15108367695000277
T250_OUTER_04,University of Southern Denmark / Russian Academy of Sciences study,SEQUENCE_RIDGE_COMPOSITION_ONLY,PMC6592156:PH:pH 4.9:Rep3,6,0.6571428571428571,DEFINED,0.1505546969108155,0.2380198158099824
T250_OUTER_04,University of Southern Denmark / Russian Academy of Sciences study,SEQUENCE_RIDGE_COMPOSITION_ONLY,PMC6592156:PH:pH 6.1:Rep1,6,0.7714285714285715,DEFINED,0.16601728543955016,0.2427428595361706
T250_OUTER_04,University of Southern Denmark / Russian Academy of Sciences study,SEQUENCE_RIDGE_COMPOSITION_ONLY,PMC6592156:PH:pH 6.1:Rep2,7,0.75,DEFINED,0.23097135174849276,0.2835172047376923
T250_OUTER_04,University of Southern Denmark / Russian Academy of Sciences study,SEQUENCE_RIDGE_COMPOSITION_ONLY,PMC6592156:PH:pH 6.1:Rep3,5,0.9,DEFINED,0.1390056466327998,0.18116628201317003
T250_OUTER_04,University of Southern Denmark / Russian Academy of Sciences study,SEQUENCE_RIDGE_COMPOSITION_ONLY,PMC6592156:PH:pH 6.8:Rep1,7,0.9285714285714286,DEFINED,0.1692874580985014,0.2199138863234614
T250_OUTER_04,University of Southern Denmark / Russian Academy of Sciences study,SEQUENCE_RIDGE_COMPOSITION_ONLY,PMC6592156:PH:pH 6.8:Rep2,7,0.75,DEFINED,0.17460440508099428,0.2222644694459096
T250_OUTER_04,University of Southern Denmark / Russian Academy of Sciences study,SEQUENCE_RIDGE_COMPOSITION_ONLY,PMC6592156:PH:pH 6.8:Rep3,7,0.5357142857142857,DEFINED,0.21423215813448646,0.2604585242058563
T250_OUTER_04,University of Southern Denmark / Russian Academy of Sciences study,SEQUENCE_RIDGE_COMPOSITION_ONLY,PMC6592156:PH:pH 7.7:Rep1,6,0.8285714285714286,DEFINED,0.15897077236527513,0.18806944989507465
T250_OUTER_04,University of Southern Denmark / Russian Academy of Sciences study,SEQUENCE_RIDGE_COMPOSITION_ONLY,PMC6592156:PH:pH 7.7:Rep2,7,0.6785714285714286,DEFINED,0.2011168597192762,0.2484991309304784
T250_OUTER_04,University of Southern Denmark / Russian Academy of Sciences study,SEQUENCE_RIDGE_COMPOSITION_ONLY,PMC6592156:PH:pH 7.7:Rep3,7,0.6785714285714286,DEFINED,0.20883268795515,0.25220975606327545
T250_OUTER_04,University of Southern Denmark / Russian Academy of Sciences study,SEQUENCE_RIDGE_COMPOSITION_ONLY,PMC6592156:PH:pH 8.9:Rep1,7,0.8571428571428571,DEFINED,0.1832653156066454,0.23101588350651003
T250_OUTER_04,University of Southern Denmark / Russian Academy of Sciences study,SEQUENCE_RIDGE_COMPOSITION_ONLY,PMC6592156:PH:pH 8.9:Rep2,7,0.9642857142857143,DEFINED,0.15949873184586433,0.19283844036313239
T250_OUTER_04,University of Southern Denmark / Russian Academy of Sciences study,SEQUENCE_RIDGE_COMPOSITION_ONLY,PMC6592156:PH:pH 8.9:Rep3,7,0.9285714285714286,DEFINED,0.17653004692128857,0.22569865762089858
T250_OUTER_04,University of Southern Denmark / Russian Academy of Sciences study,SEQUENCE_RIDGE_COMPOSITION_ONLY,PMC6592156:TEMPERATURE:17 °C:Rep1,6,0.6,DEFINED,0.24139110915849918,0.2905921645877239
T250_OUTER_04,University of Southern Denmark / Russian Academy of Sciences study,SEQUENCE_RIDGE_COMPOSITION_ONLY,PMC6592156:TEMPERATURE:17 °C:Rep2,6,0.4857142857142857,DEFINED,0.16556508576668635,0.20236404475066688
T250_OUTER_04,University of Southern Denmark / Russian Academy of Sciences study,SEQUENCE_RIDGE_COMPOSITION_ONLY,PMC6592156:TEMPERATURE:17 °C:Rep3,5,0.5,DEFINED,0.20997968179319532,0.26465296779240044
T250_OUTER_04,University of Southern Denmark / Russian Academy of Sciences study,SEQUENCE_RIDGE_COMPOSITION_ONLY,PMC6592156:TEMPERATURE:30 °C:Rep1,6,0.8857142857142857,DEFINED,0.16980746703506178,0.1889890351515317
T250_OUTER_04,University of Southern Denmark / Russian Academy of Sciences study,SEQUENCE_RIDGE_COMPOSITION_ONLY,PMC6592156:TEMPERATURE:30 °C:Rep2,5,0.5,DEFINED,0.1782292600757264,0.22219164879086709
T250_OUTER_04,University of Southern Denmark / Russian Academy of Sciences study,SEQUENCE_RIDGE_COMPOSITION_ONLY,PMC6592156:TEMPERATURE:30 °C:Rep3,7,0.75,DEFINED,0.14534655370860367,0.17677743668362658
T250_OUTER_04,University of Southern Denmark / Russian Academy of Sciences study,SEQUENCE_RIDGE_COMPOSITION_ONLY,PMC6592156:TEMPERATURE:4 °C:Rep1,7,0.8214285714285714,DEFINED,0.16314110815580943,0.18315570155559
T250_OUTER_04,University of Southern Denmark / Russian Academy of Sciences study,SEQUENCE_RIDGE_COMPOSITION_ONLY,PMC6592156:TEMPERATURE:4 °C:Rep2,7,0.8214285714285714,DEFINED,0.16106830543191514,0.17634677802209237
T250_OUTER_04,University of Southern Denmark / Russian Academy of Sciences study,SEQUENCE_RIDGE_COMPOSITION_ONLY,PMC6592156:TEMPERATURE:4 °C:Rep3,6,0.7142857142857143,DEFINED,0.20538187063666272,0.23321401635782982
T250_OUTER_04,University of Southern Denmark / Russian Academy of Sciences study,SEQUENCE_RIDGE_COMPOSITION_ONLY,PMC6592156:TEMPERATURE:41 °C:Rep1,7,0.75,DEFINED,0.23555386027095443,0.27674046435114447
T250_OUTER_04,University of Southern Denmark / Russian Academy of Sciences study,SEQUENCE_RIDGE_COMPOSITION_ONLY,PMC6592156:TEMPERATURE:41 °C:Rep2,7,0.75,DEFINED,0.25060923017849246,0.2843823641360589
T250_OUTER_04,University of Southern Denmark / Russian Academy of Sciences study,SEQUENCE_RIDGE_COMPOSITION_ONLY,PMC6592156:TEMPERATURE:41 °C:Rep3,7,0.75,DEFINED,0.23840184061165645,0.27041627418311986
T250_OUTER_04,University of Southern Denmark / Russian Academy of Sciences study,SEQUENCE_RIDGE_COMPOSITION_ONLY,PMC6592156:TEMPERATURE:47 °C:Rep1,6,0.7714285714285715,DEFINED,0.16188916053799637,0.19727878112569674
T250_OUTER_04,University of Southern Denmark / Russian Academy of Sciences study,SEQUENCE_RIDGE_COMPOSITION_ONLY,PMC6592156:TEMPERATURE:47 °C:Rep2,7,0.8571428571428571,DEFINED,0.15528946925885295,0.18042537721288293
T250_OUTER_04,University of Southern Denmark / Russian Academy of Sciences study,SEQUENCE_RIDGE_COMPOSITION_ONLY,PMC6592156:TEMPERATURE:47 °C:Rep3,7,0.8571428571428571,DEFINED,0.17422680887620715,0.21635730128387778
