outer_fold_id,held_out_laboratory_anchor,selected_alpha,resample,null_mean_spearman
T250_OUTER_01,"Dalian University of Technology, China",100.0,1,0.6511904761904762
T250_OUTER_01,"Dalian University of Technology, China",100.0,2,0.6309523809523809
T250_OUTER_01,"Dalian University of Technology, China",100.0,3,0.6071428571428571
T250_OUTER_01,"Dalian University of Technology, China",100.0,4,0.6071428571428571
T250_OUTER_01,"Dalian University of Technology, China",100.0,5,0.4690476190476191
T250_OUTER_01,"Dalian University of Technology, China",100.0,6,0.8107142857142856
T250_OUTER_01,"Dalian University of Technology, China",100.0,7,0.7666666666666666
T250_OUTER_01,"Dalian University of Technology, China",100.0,8,0.7952380952380952
T250_OUTER_01,"Dalian University of Technology, China",100.0,9,0.11785714285714284
T250_OUTER_01,"Dalian University of Technology, China",100.0,10,-0.1607142857142857
T250_OUTER_01,"Dalian University of Technology, China",100.0,11,0.8285714285714286
T250_OUTER_01,"Dalian University of Technology, China",100.0,12,0.6047619047619047
T250_OUTER_01,"Dalian University of Technology, China",100.0,13,0.4476190476190476
T250_OUTER_01,"Dalian University of Technology, China",100.0,14,0.7202380952380952
T250_OUTER_01,"Dalian University of Technology, China",100.0,15,-0.21071428571428572
T250_OUTER_01,"Dalian University of Technology, China",100.0,16,0.6666666666666666
T250_OUTER_01,"Dalian University of Technology, China",100.0,17,0.530952380952381
T250_OUTER_01,"Dalian University of Technology, China",100.0,18,0.7273809523809524
T250_OUTER_01,"Dalian University of Technology, China",100.0,19,0.6119047619047618
T250_OUTER_01,"Dalian University of Technology, China",100.0,20,0.6261904761904762
T250_OUTER_01,"Dalian University of Technology, China",100.0,21,0.569047619047619
T250_OUTER_01,"Dalian University of Technology, China",100.0,22,0.5226190476190476
T250_OUTER_01,"Dalian University of Technology, China",100.0,23,0.6916666666666665
T250_OUTER_01,"Dalian University of Technology, China",100.0,24,0.5583333333333332
T250_OUTER_01,"Dalian University of Technology, China",100.0,25,0.28452380952380957
T250_OUTER_01,"Dalian University of Technology, China",100.0,26,0.5452380952380952
T250_OUTER_01,"Dalian University of Technology, China",100.0,27,0.6666666666666666
T250_OUTER_01,"Dalian University of Technology, China",100.0,28,0.4845238095238095
T250_OUTER_01,"Dalian University of Technology, China",100.0,29,0.8023809523809523
T250_OUTER_01,"Dalian University of Technology, China",100.0,30,0.705952380952381
T250_OUTER_01,"Dalian University of Technology, China",100.0,31,-0.023809523809523808
T250_OUTER_01,"Dalian University of Technology, China",100.0,32,0.14047619047619045
T250_OUTER_01,"Dalian University of Technology, China",100.0,33,0.5380952380952381
T250_OUTER_01,"Dalian University of Technology, China",100.0,34,0.669047619047619
T250_OUTER_01,"Dalian University of Technology, China",100.0,35,0.4857142857142857
T250_OUTER_01,"Dalian University of Technology, China",100.0,36,0.7535714285714286
T250_OUTER_01,"Dalian University of Technology, China",100.0,37,-0.3047619047619048
T250_OUTER_01,"Dalian University of Technology, China",100.0,38,0.2345238095238095
T250_OUTER_01,"Dalian University of Technology, China",100.0,39,0.42857142857142855
T250_OUTER_01,"Dalian University of Technology, China",100.0,40,0.36904761904761907
T250_OUTER_01,"Dalian University of Technology, China",100.0,41,0.40952380952380957
T250_OUTER_01,"Dalian University of Technology, China",100.0,42,0.4071428571428571
T250_OUTER_01,"Dalian University of Technology, China",100.0,43,0.5916666666666666
T250_OUTER_01,"Dalian University of Technology, China",100.0,44,0.2797619047619047
T250_OUTER_01,"Dalian University of Technology, China",100.0,45,0.6190476190476191
T250_OUTER_01,"Dalian University of Technology, China",100.0,46,-0.19285714285714284
T250_OUTER_01,"Dalian University of Technology, China",100.0,47,0.8357142857142857
T250_OUTER_01,"Dalian University of Technology, China",100.0,48,-0.2714285714285714
T250_OUTER_01,"Dalian University of Technology, China",100.0,49,0.444047619047619
T250_OUTER_01,"Dalian University of Technology, China",100.0,50,0.725
T250_OUTER_01,"Dalian University of Technology, China",100.0,51,0.7380952380952381
T250_OUTER_01,"Dalian University of Technology, China",100.0,52,0.8761904761904762
T250_OUTER_01,"Dalian University of Technology, China",100.0,53,0.5785714285714286
T250_OUTER_01,"Dalian University of Technology, China",100.0,54,0.7678571428571429
T250_OUTER_01,"Dalian University of Technology, China",100.0,55,0.5202380952380952
T250_OUTER_01,"Dalian University of Technology, China",100.0,56,0.6964285714285715
T250_OUTER_01,"Dalian University of Technology, China",100.0,57,0.7523809523809524
T250_OUTER_01,"Dalian University of Technology, China",100.0,58,0.8047619047619047
T250_OUTER_01,"Dalian University of Technology, China",100.0,59,0.23809523809523805
T250_OUTER_01,"Dalian University of Technology, China",100.0,60,0.7797619047619048
T250_OUTER_01,"Dalian University of Technology, China",100.0,61,-0.05833333333333333
T250_OUTER_01,"Dalian University of Technology, China",100.0,62,0.24523809523809526
T250_OUTER_01,"Dalian University of Technology, China",100.0,63,0.5714285714285714
T250_OUTER_01,"Dalian University of Technology, China",100.0,64,0.16785714285714284
T250_OUTER_01,"Dalian University of Technology, China",100.0,65,0.08095238095238096
T250_OUTER_01,"Dalian University of Technology, China",100.0,66,0.3464285714285715
T250_OUTER_01,"Dalian University of Technology, China",100.0,67,0.27738095238095234
T250_OUTER_01,"Dalian University of Technology, China",100.0,68,-0.16785714285714284
T250_OUTER_01,"Dalian University of Technology, China",100.0,69,0.20238095238095236
T250_OUTER_01,"Dalian University of Technology, China",100.0,70,0.780952380952381
T250_OUTER_01,"Dalian University of Technology, China",100.0,71,0.20357142857142854
T250_OUTER_01,"Dalian University of Technology, China",100.0,72,0.20476190476190473
T250_OUTER_01,"Dalian University of Technology, China",100.0,73,0.4476190476190476
T250_OUTER_01,"Dalian University of Technology, China",100.0,74,0.6809523809523809
T250_OUTER_01,"Dalian University of Technology, China",100.0,75,0.6464285714285715
T250_OUTER_01,"Dalian University of Technology, China",100.0,76,0.7976190476190476
T250_OUTER_01,"Dalian University of Technology, China",100.0,77,0.2738095238095238
T250_OUTER_01,"Dalian University of Technology, China",100.0,78,-0.09642857142857142
T250_OUTER_01,"Dalian University of Technology, China",100.0,79,0.10238095238095239
T250_OUTER_01,"Dalian University of Technology, China",100.0,80,0.49880952380952376
T250_OUTER_01,"Dalian University of Technology, China",100.0,81,0.09523809523809523
T250_OUTER_01,"Dalian University of Technology, China",100.0,82,0.7476190476190476
T250_OUTER_01,"Dalian University of Technology, China",100.0,83,0.4226190476190476
T250_OUTER_01,"Dalian University of Technology, China",100.0,84,0.29285714285714287
T250_OUTER_01,"Dalian University of Technology, China",100.0,85,0.9261904761904761
T250_OUTER_01,"Dalian University of Technology, China",100.0,86,-0.08928571428571429
T250_OUTER_01,"Dalian University of Technology, China",100.0,87,0.6666666666666666
T250_OUTER_01,"Dalian University of Technology, China",100.0,88,0.4845238095238095
T250_OUTER_01,"Dalian University of Technology, China",100.0,89,0.5452380952380952
T250_OUTER_01,"Dalian University of Technology, China",100.0,90,0.42857142857142855
T250_OUTER_01,"Dalian University of Technology, China",100.0,91,0.9261904761904761
T250_OUTER_01,"Dalian University of Technology, China",100.0,92,0.02857142857142857
T250_OUTER_01,"Dalian University of Technology, China",100.0,93,0.23214285714285712
T250_OUTER_01,"Dalian University of Technology, China",100.0,94,0.7880952380952381
T250_OUTER_01,"Dalian University of Technology, China",100.0,95,0.7273809523809524
T250_OUTER_01,"Dalian University of Technology, China",100.0,96,0.5452380952380952
T250_OUTER_01,"Dalian University of Technology, China",100.0,97,0.6357142857142857
T250_OUTER_01,"Dalian University of Technology, China",100.0,98,-0.023809523809523808
T250_OUTER_01,"Dalian University of Technology, China",100.0,99,0.3761904761904762
T250_OUTER_01,"Dalian University of Technology, China",100.0,100,0.7345238095238095
T250_OUTER_01,"Dalian University of Technology, China",100.0,101,0.6642857142857143
T250_OUTER_01,"Dalian University of Technology, China",100.0,102,-0.17380952380952377
T250_OUTER_01,"Dalian University of Technology, China",100.0,103,0.8166666666666665
T250_OUTER_01,"Dalian University of Technology, China",100.0,104,0.7273809523809524
T250_OUTER_01,"Dalian University of Technology, China",100.0,105,-0.060714285714285714
T250_OUTER_01,"Dalian University of Technology, China",100.0,106,0.5428571428571428
T250_OUTER_01,"Dalian University of Technology, China",100.0,107,0.7821428571428571
T250_OUTER_01,"Dalian University of Technology, China",100.0,108,0.7642857142857142
T250_OUTER_01,"Dalian University of Technology, China",100.0,109,-0.12261904761904763
T250_OUTER_01,"Dalian University of Technology, China",100.0,110,0.6321428571428571
T250_OUTER_01,"Dalian University of Technology, China",100.0,111,0.5226190476190476
T250_OUTER_01,"Dalian University of Technology, China",100.0,112,0.6833333333333332
T250_OUTER_01,"Dalian University of Technology, China",100.0,113,0.3761904761904762
T250_OUTER_01,"Dalian University of Technology, China",100.0,114,0.444047619047619
T250_OUTER_01,"Dalian University of Technology, China",100.0,115,0.6619047619047619
T250_OUTER_01,"Dalian University of Technology, China",100.0,116,0.5214285714285715
T250_OUTER_01,"Dalian University of Technology, China",100.0,117,-0.3976190476190476
T250_OUTER_01,"Dalian University of Technology, China",100.0,118,0.8583333333333333
T250_OUTER_01,"Dalian University of Technology, China",100.0,119,0.6297619047619047
T250_OUTER_01,"Dalian University of Technology, China",100.0,120,0.3273809523809524
T250_OUTER_01,"Dalian University of Technology, China",100.0,121,0.6666666666666666
T250_OUTER_01,"Dalian University of Technology, China",100.0,122,0.4083333333333334
T250_OUTER_01,"Dalian University of Technology, China",100.0,123,0.6333333333333333
T250_OUTER_01,"Dalian University of Technology, China",100.0,124,0.5023809523809523
T250_OUTER_01,"Dalian University of Technology, China",100.0,125,-0.05833333333333333
T250_OUTER_01,"Dalian University of Technology, China",100.0,126,-0.18452380952380953
T250_OUTER_01,"Dalian University of Technology, China",100.0,127,0.5904761904761905
T250_OUTER_01,"Dalian University of Technology, China",100.0,128,0.5833333333333334
T250_OUTER_01,"Dalian University of Technology, China",100.0,129,0.7000000000000001
T250_OUTER_01,"Dalian University of Technology, China",100.0,130,0.49166666666666664
T250_OUTER_01,"Dalian University of Technology, China",100.0,131,0.0857142857142857
T250_OUTER_01,"Dalian University of Technology, China",100.0,132,0.7952380952380952
T250_OUTER_01,"Dalian University of Technology, China",100.0,133,0.5095238095238095
T250_OUTER_01,"Dalian University of Technology, China",100.0,134,0.5511904761904763
T250_OUTER_01,"Dalian University of Technology, China",100.0,135,0.7047619047619048
T250_OUTER_01,"Dalian University of Technology, China",100.0,136,0.569047619047619
T250_OUTER_01,"Dalian University of Technology, China",100.0,137,0.6797619047619047
T250_OUTER_01,"Dalian University of Technology, China",100.0,138,0.6535714285714285
T250_OUTER_01,"Dalian University of Technology, China",100.0,139,0.6511904761904762
T250_OUTER_01,"Dalian University of Technology, China",100.0,140,0.5369047619047619
T250_OUTER_01,"Dalian University of Technology, China",100.0,141,-0.2345238095238095
T250_OUTER_01,"Dalian University of Technology, China",100.0,142,-0.2476190476190476
T250_OUTER_01,"Dalian University of Technology, China",100.0,143,0.5452380952380952
T250_OUTER_01,"Dalian University of Technology, China",100.0,144,0.44880952380952377
T250_OUTER_01,"Dalian University of Technology, China",100.0,145,0.13214285714285715
T250_OUTER_01,"Dalian University of Technology, China",100.0,146,0.29404761904761906
T250_OUTER_01,"Dalian University of Technology, China",100.0,147,0.21904761904761902
T250_OUTER_01,"Dalian University of Technology, China",100.0,148,0.4476190476190476
T250_OUTER_01,"Dalian University of Technology, China",100.0,149,0.3761904761904762
T250_OUTER_01,"Dalian University of Technology, China",100.0,150,0.2738095238095238
T250_OUTER_01,"Dalian University of Technology, China",100.0,151,0.8845238095238095
T250_OUTER_01,"Dalian University of Technology, China",100.0,152,0.22976190476190475
T250_OUTER_01,"Dalian University of Technology, China",100.0,153,0.5916666666666667
T250_OUTER_01,"Dalian University of Technology, China",100.0,154,0.6654761904761904
T250_OUTER_01,"Dalian University of Technology, China",100.0,155,0.3011904761904762
T250_OUTER_01,"Dalian University of Technology, China",100.0,156,0.8357142857142857
T250_OUTER_01,"Dalian University of Technology, China",100.0,157,0.46309523809523806
T250_OUTER_01,"Dalian University of Technology, China",100.0,158,0.15952380952380954
T250_OUTER_01,"Dalian University of Technology, China",100.0,159,0.8357142857142855
T250_OUTER_01,"Dalian University of Technology, China",100.0,160,0.4071428571428571
T250_OUTER_01,"Dalian University of Technology, China",100.0,161,0.6166666666666666
T250_OUTER_01,"Dalian University of Technology, China",100.0,162,0.47380952380952385
T250_OUTER_01,"Dalian University of Technology, China",100.0,163,0.6785714285714287
T250_OUTER_01,"Dalian University of Technology, China",100.0,164,0.8380952380952381
T250_OUTER_01,"Dalian University of Technology, China",100.0,165,0.34880952380952385
T250_OUTER_01,"Dalian University of Technology, China",100.0,166,0.1880952380952381
T250_OUTER_01,"Dalian University of Technology, China",100.0,167,0.5499999999999999
T250_OUTER_01,"Dalian University of Technology, China",100.0,168,0.11666666666666665
T250_OUTER_01,"Dalian University of Technology, China",100.0,169,0.8166666666666665
T250_OUTER_01,"Dalian University of Technology, China",100.0,170,0.7988095238095237
T250_OUTER_01,"Dalian University of Technology, China",100.0,171,-0.030952380952380953
T250_OUTER_01,"Dalian University of Technology, China",100.0,172,0.7273809523809525
T250_OUTER_01,"Dalian University of Technology, China",100.0,173,0.27738095238095234
T250_OUTER_01,"Dalian University of Technology, China",100.0,174,0.2845238095238095
T250_OUTER_01,"Dalian University of Technology, China",100.0,175,0.6738095238095237
T250_OUTER_01,"Dalian University of Technology, China",100.0,176,-0.20714285714285716
T250_OUTER_01,"Dalian University of Technology, China",100.0,177,0.6214285714285714
T250_OUTER_01,"Dalian University of Technology, China",100.0,178,-0.5095238095238095
T250_OUTER_01,"Dalian University of Technology, China",100.0,179,0.780952380952381
T250_OUTER_01,"Dalian University of Technology, China",100.0,180,0.855952380952381
T250_OUTER_01,"Dalian University of Technology, China",100.0,181,-0.047619047619047616
T250_OUTER_01,"Dalian University of Technology, China",100.0,182,0.2404761904761905
T250_OUTER_01,"Dalian University of Technology, China",100.0,183,0.24523809523809526
T250_OUTER_01,"Dalian University of Technology, China",100.0,184,0.4666666666666666
T250_OUTER_01,"Dalian University of Technology, China",100.0,185,0.41190476190476194
T250_OUTER_01,"Dalian University of Technology, China",100.0,186,0.4702380952380952
T250_OUTER_01,"Dalian University of Technology, China",100.0,187,0.7392857142857143
T250_OUTER_01,"Dalian University of Technology, China",100.0,188,0.580952380952381
T250_OUTER_01,"Dalian University of Technology, China",100.0,189,0.5833333333333334
T250_OUTER_01,"Dalian University of Technology, China",100.0,190,0.6142857142857142
T250_OUTER_01,"Dalian University of Technology, China",100.0,191,0.6023809523809524
T250_OUTER_01,"Dalian University of Technology, China",100.0,192,-0.5690476190476191
T250_OUTER_01,"Dalian University of Technology, China",100.0,193,0.3904761904761905
T250_OUTER_01,"Dalian University of Technology, China",100.0,194,0.3666666666666667
T250_OUTER_01,"Dalian University of Technology, China",100.0,195,0.669047619047619
T250_OUTER_01,"Dalian University of Technology, China",100.0,196,0.3821428571428572
T250_OUTER_01,"Dalian University of Technology, China",100.0,197,0.3416666666666666
T250_OUTER_01,"Dalian University of Technology, China",100.0,198,0.4845238095238095
T250_OUTER_01,"Dalian University of Technology, China",100.0,199,0.6321428571428571
T250_OUTER_01,"Dalian University of Technology, China",100.0,200,0.6797619047619047
T250_OUTER_01,"Dalian University of Technology, China",100.0,201,0.855952380952381
T250_OUTER_01,"Dalian University of Technology, China",100.0,202,-0.05595238095238095
T250_OUTER_01,"Dalian University of Technology, China",100.0,203,0.8726190476190476
T250_OUTER_01,"Dalian University of Technology, China",100.0,204,0.5392857142857143
T250_OUTER_01,"Dalian University of Technology, China",100.0,205,0.3535714285714286
T250_OUTER_01,"Dalian University of Technology, China",100.0,206,0.4702380952380952
T250_OUTER_01,"Dalian University of Technology, China",100.0,207,-0.060714285714285714
T250_OUTER_01,"Dalian University of Technology, China",100.0,208,0.8702380952380953
T250_OUTER_01,"Dalian University of Technology, China",100.0,209,0.3428571428571428
T250_OUTER_01,"Dalian University of Technology, China",100.0,210,0.4357142857142857
T250_OUTER_01,"Dalian University of Technology, China",100.0,211,-0.2714285714285714
T250_OUTER_01,"Dalian University of Technology, China",100.0,212,0.9333333333333335
T250_OUTER_01,"Dalian University of Technology, China",100.0,213,0.5642857142857142
T250_OUTER_01,"Dalian University of Technology, China",100.0,214,0.11785714285714287
T250_OUTER_01,"Dalian University of Technology, China",100.0,215,0.855952380952381
T250_OUTER_01,"Dalian University of Technology, China",100.0,216,-0.016666666666666666
T250_OUTER_01,"Dalian University of Technology, China",100.0,217,0.2738095238095238
T250_OUTER_01,"Dalian University of Technology, China",100.0,218,0.4761904761904762
T250_OUTER_01,"Dalian University of Technology, China",100.0,219,0.04642857142857142
T250_OUTER_01,"Dalian University of Technology, China",100.0,220,0.6654761904761904
T250_OUTER_01,"Dalian University of Technology, China",100.0,221,0.6047619047619047
T250_OUTER_01,"Dalian University of Technology, China",100.0,222,0.8357142857142857
T250_OUTER_01,"Dalian University of Technology, China",100.0,223,0.7404761904761905
T250_OUTER_01,"Dalian University of Technology, China",100.0,224,0.3071428571428571
T250_OUTER_01,"Dalian University of Technology, China",100.0,225,0.28809523809523807
T250_OUTER_01,"Dalian University of Technology, China",100.0,226,-0.21666666666666665
T250_OUTER_01,"Dalian University of Technology, China",100.0,227,0.7130952380952381
T250_OUTER_01,"Dalian University of Technology, China",100.0,228,0.41190476190476194
T250_OUTER_01,"Dalian University of Technology, China",100.0,229,0.425
T250_OUTER_01,"Dalian University of Technology, China",100.0,230,0.1869047619047619
T250_OUTER_01,"Dalian University of Technology, China",100.0,231,0.5880952380952381
T250_OUTER_01,"Dalian University of Technology, China",100.0,232,0.6880952380952382
T250_OUTER_01,"Dalian University of Technology, China",100.0,233,-0.29523809523809524
T250_OUTER_01,"Dalian University of Technology, China",100.0,234,0.051190476190476196
T250_OUTER_01,"Dalian University of Technology, China",100.0,235,0.37142857142857144
T250_OUTER_01,"Dalian University of Technology, China",100.0,236,0.2083333333333333
T250_OUTER_01,"Dalian University of Technology, China",100.0,237,0.20476190476190473
T250_OUTER_01,"Dalian University of Technology, China",100.0,238,-0.01666666666666667
T250_OUTER_01,"Dalian University of Technology, China",100.0,239,0.5380952380952381
T250_OUTER_01,"Dalian University of Technology, China",100.0,240,0.9333333333333335
T250_OUTER_01,"Dalian University of Technology, China",100.0,241,0.3499999999999999
T250_OUTER_01,"Dalian University of Technology, China",100.0,242,0.40833333333333327
T250_OUTER_01,"Dalian University of Technology, China",100.0,243,0.39404761904761904
T250_OUTER_01,"Dalian University of Technology, China",100.0,244,0.24999999999999997
T250_OUTER_01,"Dalian University of Technology, China",100.0,245,0.9261904761904761
T250_OUTER_01,"Dalian University of Technology, China",100.0,246,0.7952380952380952
T250_OUTER_01,"Dalian University of Technology, China",100.0,247,0.8630952380952381
T250_OUTER_01,"Dalian University of Technology, China",100.0,248,0.7571428571428571
T250_OUTER_01,"Dalian University of Technology, China",100.0,249,0.25595238095238093
T250_OUTER_01,"Dalian University of Technology, China",100.0,250,0.369047619047619
T250_OUTER_01,"Dalian University of Technology, China",100.0,251,0.8476190476190476
T250_OUTER_01,"Dalian University of Technology, China",100.0,252,0.39999999999999997
T250_OUTER_01,"Dalian University of Technology, China",100.0,253,0.7607142857142857
T250_OUTER_01,"Dalian University of Technology, China",100.0,254,0.7392857142857143
T250_OUTER_01,"Dalian University of Technology, China",100.0,255,0.5047619047619047
T250_OUTER_01,"Dalian University of Technology, China",100.0,256,0.3
T250_OUTER_02,University College Dublin / Conway Institute,0.01,1,0.24795901083200705
T250_OUTER_02,University College Dublin / Conway Institute,0.01,2,-0.5868508776366161
T250_OUTER_02,University College Dublin / Conway Institute,0.01,3,-0.8066481331139979
T250_OUTER_02,University College Dublin / Conway Institute,0.01,4,-0.2378005296436569
T250_OUTER_02,University College Dublin / Conway Institute,0.01,5,-0.14663348554527048
T250_OUTER_02,University College Dublin / Conway Institute,0.01,6,0.11672354779731023
T250_OUTER_02,University College Dublin / Conway Institute,0.01,7,0.4174594836480687
T250_OUTER_02,University College Dublin / Conway Institute,0.01,8,-0.8289871030933239
T250_OUTER_02,University College Dublin / Conway Institute,0.01,9,0.7003259484652266
T250_OUTER_02,University College Dublin / Conway Institute,0.01,10,0.760589751459428
T250_OUTER_02,University College Dublin / Conway Institute,0.01,11,-0.1382845173757621
T250_OUTER_02,University College Dublin / Conway Institute,0.01,12,-0.7922158938971681
T250_OUTER_02,University College Dublin / Conway Institute,0.01,13,0.1761479513948154
T250_OUTER_02,University College Dublin / Conway Institute,0.01,14,0.313693365860589
T250_OUTER_02,University College Dublin / Conway Institute,0.01,15,0.7329510357263848
T250_OUTER_02,University College Dublin / Conway Institute,0.01,16,-0.0017915260428453645
T250_OUTER_02,University College Dublin / Conway Institute,0.01,17,-0.4185549118279219
T250_OUTER_02,University College Dublin / Conway Institute,0.01,18,-0.12367701201728161
T250_OUTER_02,University College Dublin / Conway Institute,0.01,19,-0.40544003895556335
T250_OUTER_02,University College Dublin / Conway Institute,0.01,20,-0.4786937945290241
T250_OUTER_02,University College Dublin / Conway Institute,0.01,21,0.3046105217241705
T250_OUTER_02,University College Dublin / Conway Institute,0.01,22,0.5352146504707971
T250_OUTER_02,University College Dublin / Conway Institute,0.01,23,0.10858695844607275
T250_OUTER_02,University College Dublin / Conway Institute,0.01,24,0.7325606068809876
T250_OUTER_02,University College Dublin / Conway Institute,0.01,25,-0.1610735669345677
T250_OUTER_02,University College Dublin / Conway Institute,0.01,26,0.24711500034244543
T250_OUTER_02,University College Dublin / Conway Institute,0.01,27,-0.7409247703196427
T250_OUTER_02,University College Dublin / Conway Institute,0.01,28,-0.7243614320584268
T250_OUTER_02,University College Dublin / Conway Institute,0.01,29,0.17905844751935313
T250_OUTER_02,University College Dublin / Conway Institute,0.01,30,0.1932578934102008
T250_OUTER_02,University College Dublin / Conway Institute,0.01,31,-0.7310821029524164
T250_OUTER_02,University College Dublin / Conway Institute,0.01,32,-0.22249025508170955
T250_OUTER_02,University College Dublin / Conway Institute,0.01,33,0.16144889399644782
T250_OUTER_02,University College Dublin / Conway Institute,0.01,34,0.0011803088792656541
T250_OUTER_02,University College Dublin / Conway Institute,0.01,35,-0.09168192238837403
T250_OUTER_02,University College Dublin / Conway Institute,0.01,36,-0.15128305971141862
T250_OUTER_02,University College Dublin / Conway Institute,0.01,37,0.09427799275337202
T250_OUTER_02,University College Dublin / Conway Institute,0.01,38,-0.7243115334041185
T250_OUTER_02,University College Dublin / Conway Institute,0.01,39,-0.003270029971416667
T250_OUTER_02,University College Dublin / Conway Institute,0.01,40,-0.02838296839688391
T250_OUTER_02,University College Dublin / Conway Institute,0.01,41,-0.39803436063690395
T250_OUTER_02,University College Dublin / Conway Institute,0.01,42,0.35797681737806536
T250_OUTER_02,University College Dublin / Conway Institute,0.01,43,0.39058156310103437
T250_OUTER_02,University College Dublin / Conway Institute,0.01,44,-0.559989168562373
T250_OUTER_02,University College Dublin / Conway Institute,0.01,45,-0.7706392346916476
T250_OUTER_02,University College Dublin / Conway Institute,0.01,46,-0.809601917098077
T250_OUTER_02,University College Dublin / Conway Institute,0.01,47,-0.6205050341647558
T250_OUTER_02,University College Dublin / Conway Institute,0.01,48,-0.7317000282947853
T250_OUTER_02,University College Dublin / Conway Institute,0.01,49,0.08211665017242804
T250_OUTER_02,University College Dublin / Conway Institute,0.01,50,-0.1537110495048895
T250_OUTER_02,University College Dublin / Conway Institute,0.01,51,0.6233163049290444
T250_OUTER_02,University College Dublin / Conway Institute,0.01,52,0.009630022922546288
T250_OUTER_02,University College Dublin / Conway Institute,0.01,53,-0.7725418407387096
T250_OUTER_02,University College Dublin / Conway Institute,0.01,54,0.7453384338679835
T250_OUTER_02,University College Dublin / Conway Institute,0.01,55,0.23169107591324714
T250_OUTER_02,University College Dublin / Conway Institute,0.01,56,0.4164838151000806
T250_OUTER_02,University College Dublin / Conway Institute,0.01,57,0.23116548694473846
T250_OUTER_02,University College Dublin / Conway Institute,0.01,58,-0.10735987220779303
T250_OUTER_02,University College Dublin / Conway Institute,0.01,59,-0.40960372574992987
T250_OUTER_02,University College Dublin / Conway Institute,0.01,60,-0.105775687681784
T250_OUTER_02,University College Dublin / Conway Institute,0.01,61,0.6713754902540338
T250_OUTER_02,University College Dublin / Conway Institute,0.01,62,0.012285792025534465
T250_OUTER_02,University College Dublin / Conway Institute,0.01,63,0.1851938787107516
T250_OUTER_02,University College Dublin / Conway Institute,0.01,64,-0.487868637899573
T250_OUTER_02,University College Dublin / Conway Institute,0.01,65,-0.6751884070272993
T250_OUTER_02,University College Dublin / Conway Institute,0.01,66,-0.09724235370719368
T250_OUTER_02,University College Dublin / Conway Institute,0.01,67,0.3302487000084023
T250_OUTER_02,University College Dublin / Conway Institute,0.01,68,0.3952230898726152
T250_OUTER_02,University College Dublin / Conway Institute,0.01,69,0.08596578423669449
T250_OUTER_02,University College Dublin / Conway Institute,0.01,70,-0.09427799275337202
T250_OUTER_02,University College Dublin / Conway Institute,0.01,71,-0.22871131446817908
T250_OUTER_02,University College Dublin / Conway Institute,0.01,72,0.044976936030208706
T250_OUTER_02,University College Dublin / Conway Institute,0.01,73,-0.7251815213546688
T250_OUTER_02,University College Dublin / Conway Institute,0.01,74,0.4285032597925859
T250_OUTER_02,University College Dublin / Conway Institute,0.01,75,-0.09427799275337202
T250_OUTER_02,University College Dublin / Conway Institute,0.01,76,-0.13653184216897374
T250_OUTER_02,University College Dublin / Conway Institute,0.01,77,-0.0012420158810171882
T250_OUTER_02,University College Dublin / Conway Institute,0.01,78,-0.0941360948649334
T250_OUTER_02,University College Dublin / Conway Institute,0.01,79,0.4010997502770431
T250_OUTER_02,University College Dublin / Conway Institute,0.01,80,0.7654980964125468
T250_OUTER_02,University College Dublin / Conway Institute,0.01,81,-0.2024669458079892
T250_OUTER_02,University College Dublin / Conway Institute,0.01,82,-0.009252250101671917
T250_OUTER_02,University College Dublin / Conway Institute,0.01,83,-0.10006992942990313
T250_OUTER_02,University College Dublin / Conway Institute,0.01,84,0.028044548062992548
T250_OUTER_02,University College Dublin / Conway Institute,0.01,85,0.005922786746718452
T250_OUTER_02,University College Dublin / Conway Institute,0.01,86,-0.3513679368461278
T250_OUTER_02,University College Dublin / Conway Institute,0.01,87,-0.15150829471862173
T250_OUTER_02,University College Dublin / Conway Institute,0.01,88,-0.245869289739856
T250_OUTER_02,University College Dublin / Conway Institute,0.01,89,0.17692269656384668
T250_OUTER_02,University College Dublin / Conway Institute,0.01,90,0.7365823957869153
T250_OUTER_02,University College Dublin / Conway Institute,0.01,91,0.25228211608253487
T250_OUTER_02,University College Dublin / Conway Institute,0.01,92,0.7922158938971681
T250_OUTER_02,University College Dublin / Conway Institute,0.01,93,0.6816012333699781
T250_OUTER_02,University College Dublin / Conway Institute,0.01,94,0.09561459879350472
T250_OUTER_02,University College Dublin / Conway Institute,0.01,95,0.5147465584466072
T250_OUTER_02,University College Dublin / Conway Institute,0.01,96,-0.8169904119887441
T250_OUTER_02,University College Dublin / Conway Institute,0.01,97,0.5898545602750038
T250_OUTER_02,University College Dublin / Conway Institute,0.01,98,0.282290176109154
T250_OUTER_02,University College Dublin / Conway Institute,0.01,99,-0.5219501997819541
T250_OUTER_02,University College Dublin / Conway Institute,0.01,100,-0.14905412224206235
T250_OUTER_02,University College Dublin / Conway Institute,0.01,101,0.5054122966198972
T250_OUTER_02,University College Dublin / Conway Institute,0.01,102,-0.08063814624385675
T250_OUTER_02,University College Dublin / Conway Institute,0.01,103,0.7501302430623006
T250_OUTER_02,University College Dublin / Conway Institute,0.01,104,-0.313693365860589
T250_OUTER_02,University College Dublin / Conway Institute,0.01,105,-0.028044548062992548
T250_OUTER_02,University College Dublin / Conway Institute,0.01,106,0.7735621111119962
T250_OUTER_02,University College Dublin / Conway Institute,0.01,107,-0.3796553164573931
T250_OUTER_02,University College Dublin / Conway Institute,0.01,108,-0.03822563576411022
T250_OUTER_02,University College Dublin / Conway Institute,0.01,109,-0.003270029971416667
T250_OUTER_02,University College Dublin / Conway Institute,0.01,110,-0.7522013397901418
T250_OUTER_02,University College Dublin / Conway Institute,0.01,111,0.30644882512602994
T250_OUTER_02,University College Dublin / Conway Institute,0.01,112,-0.32351005576682657
T250_OUTER_02,University College Dublin / Conway Institute,0.01,113,-0.6941645398128393
T250_OUTER_02,University College Dublin / Conway Institute,0.01,114,-0.24086301287613746
T250_OUTER_02,University College Dublin / Conway Institute,0.01,115,0.6426329679056735
T250_OUTER_02,University College Dublin / Conway Institute,0.01,116,0.37024767976086237
T250_OUTER_02,University College Dublin / Conway Institute,0.01,117,0.7796975423033946
T250_OUTER_02,University College Dublin / Conway Institute,0.01,118,0.7457014572143349
T250_OUTER_02,University College Dublin / Conway Institute,0.01,119,-0.20269150756772034
T250_OUTER_02,University College Dublin / Conway Institute,0.01,120,-0.3247371420051062
T250_OUTER_02,University College Dublin / Conway Institute,0.01,121,-0.8174591159325331
T250_OUTER_02,University College Dublin / Conway Institute,0.01,122,0.1990102488528812
T250_OUTER_02,University College Dublin / Conway Institute,0.01,123,0.6168237754499166
T250_OUTER_02,University College Dublin / Conway Institute,0.01,124,0.4072351814684415
T250_OUTER_02,University College Dublin / Conway Institute,0.01,125,0.4941357271493979
T250_OUTER_02,University College Dublin / Conway Institute,0.01,126,0.7593626652211484
T250_OUTER_02,University College Dublin / Conway Institute,0.01,127,-0.22012171080022122
T250_OUTER_02,University College Dublin / Conway Institute,0.01,128,-0.014154724799502897
T250_OUTER_02,University College Dublin / Conway Institute,0.01,129,0.14465274189314253
T250_OUTER_02,University College Dublin / Conway Institute,0.01,130,0.592960331367026
T250_OUTER_02,University College Dublin / Conway Institute,0.01,131,-0.13360896574862524
T250_OUTER_02,University College Dublin / Conway Institute,0.01,132,-0.7071583035291914
T250_OUTER_02,University College Dublin / Conway Institute,0.01,133,0.10649986094903507
T250_OUTER_02,University College Dublin / Conway Institute,0.01,134,0.012907531355522283
T250_OUTER_02,University College Dublin / Conway Institute,0.01,135,-0.5016316855742485
T250_OUTER_02,University College Dublin / Conway Institute,0.01,136,0.10685695923676443
T250_OUTER_02,University College Dublin / Conway Institute,0.01,137,0.8210087165889457
T250_OUTER_02,University College Dublin / Conway Institute,0.01,138,0.030251901170852347
T250_OUTER_02,University College Dublin / Conway Institute,0.01,139,-0.09463599550827566
T250_OUTER_02,University College Dublin / Conway Institute,0.01,140,-0.02838296839688391
T250_OUTER_02,University College Dublin / Conway Institute,0.01,141,0.20285002155670728
T250_OUTER_02,University College Dublin / Conway Institute,0.01,142,-0.7180950474148537
T250_OUTER_02,University College Dublin / Conway Institute,0.01,143,-0.09575649668194332
T250_OUTER_02,University College Dublin / Conway Institute,0.01,144,0.8199132884090925
T250_OUTER_02,University College Dublin / Conway Institute,0.01,145,-0.7615654200074161
T250_OUTER_02,University College Dublin / Conway Institute,0.01,146,0.1353569160747713
T250_OUTER_02,University College Dublin / Conway Institute,0.01,147,-0.18603788920031322
T250_OUTER_02,University College Dublin / Conway Institute,0.01,148,0.7551558175378007
T250_OUTER_02,University College Dublin / Conway Institute,0.01,149,0.04310800325624028
T250_OUTER_02,University College Dublin / Conway Institute,0.01,150,-0.2267567534991396
T250_OUTER_02,University College Dublin / Conway Institute,0.01,151,0.1932578934102008
T250_OUTER_02,University College Dublin / Conway Institute,0.01,152,0.2559373973363852
T250_OUTER_02,University College Dublin / Conway Institute,0.01,153,-0.024363289348153457
T250_OUTER_02,University College Dublin / Conway Institute,0.01,154,-0.748261310288332
T250_OUTER_02,University College Dublin / Conway Institute,0.01,155,0.5200379791484441
T250_OUTER_02,University College Dublin / Conway Institute,0.01,156,0.5231772860202337
T250_OUTER_02,University College Dublin / Conway Institute,0.01,157,0.5923491142034462
T250_OUTER_02,University College Dublin / Conway Institute,0.01,158,-0.24734779366842732
T250_OUTER_02,University College Dublin / Conway Institute,0.01,159,0.19407592643877367
T250_OUTER_02,University College Dublin / Conway Institute,0.01,160,0.15644261713272925
T250_OUTER_02,University College Dublin / Conway Institute,0.01,161,-0.7828841196134558
T250_OUTER_02,University College Dublin / Conway Institute,0.01,162,0.02838296839688391
T250_OUTER_02,University College Dublin / Conway Institute,0.01,163,0.19655607637632183
T250_OUTER_02,University College Dublin / Conway Institute,0.01,164,-0.3900559741325258
T250_OUTER_02,University College Dublin / Conway Institute,0.01,165,-0.6279339105073057
T250_OUTER_02,University College Dublin / Conway Institute,0.01,166,0.1156129973178324
T250_OUTER_02,University College Dublin / Conway Institute,0.01,167,-0.04310800325624028
T250_OUTER_02,University College Dublin / Conway Institute,0.01,168,-0.8262815129264729
T250_OUTER_02,University College Dublin / Conway Institute,0.01,169,-0.629772213909165
T250_OUTER_02,University College Dublin / Conway Institute,0.01,170,0.12367701201728161
T250_OUTER_02,University College Dublin / Conway Institute,0.01,171,-0.0061763382951247146
T250_OUTER_02,University College Dublin / Conway Institute,0.01,172,0.8199132884090925
T250_OUTER_02,University College Dublin / Conway Institute,0.01,173,-0.09215790183839677
T250_OUTER_02,University College Dublin / Conway Institute,0.01,174,0.13865509904089232
T250_OUTER_02,University College Dublin / Conway Institute,0.01,175,-0.14465274189314253
T250_OUTER_02,University College Dublin / Conway Institute,0.01,176,0.49781698586423706
T250_OUTER_02,University College Dublin / Conway Institute,0.01,177,0.6223220120167468
T250_OUTER_02,University College Dublin / Conway Institute,0.01,178,0.22012171080022122
T250_OUTER_02,University College Dublin / Conway Institute,0.01,179,0.3919249069064942
T250_OUTER_02,University College Dublin / Conway Institute,0.01,180,-0.17657829758180496
T250_OUTER_02,University College Dublin / Conway Institute,0.01,181,-0.18512063081149138
T250_OUTER_02,University College Dublin / Conway Institute,0.01,182,-0.06608098673392772
T250_OUTER_02,University College Dublin / Conway Institute,0.01,183,0.6901648595769473
T250_OUTER_02,University College Dublin / Conway Institute,0.01,184,-0.22871131446817908
T250_OUTER_02,University College Dublin / Conway Institute,0.01,185,0.5224921516250035
T250_OUTER_02,University College Dublin / Conway Institute,0.01,186,0.16883270440340872
T250_OUTER_02,University College Dublin / Conway Institute,0.01,187,-0.3156542978686877
T250_OUTER_02,University College Dublin / Conway Institute,0.01,188,-0.47204817486036343
T250_OUTER_02,University College Dublin / Conway Institute,0.01,189,-0.12761132289637503
T250_OUTER_02,University College Dublin / Conway Institute,0.01,190,-0.48332474433086264
T250_OUTER_02,University College Dublin / Conway Institute,0.01,191,0.01651656090220174
T250_OUTER_02,University College Dublin / Conway Institute,0.01,192,-0.17485159983600534
T250_OUTER_02,University College Dublin / Conway Institute,0.01,193,-0.3459494034157468
T250_OUTER_02,University College Dublin / Conway Institute,0.01,194,0.6162125582863369
T250_OUTER_02,University College Dublin / Conway Institute,0.01,195,0.23169107591324714
T250_OUTER_02,University College Dublin / Conway Institute,0.01,196,-0.33983994968533704
T250_OUTER_02,University College Dublin / Conway Institute,0.01,197,0.18273970623419222
T250_OUTER_02,University College Dublin / Conway Institute,0.01,198,0.08476940694772984
T250_OUTER_02,University College Dublin / Conway Institute,0.01,199,-0.39817687385669454
T250_OUTER_02,University College Dublin / Conway Institute,0.01,200,0.20285002155670728
T250_OUTER_02,University College Dublin / Conway Institute,0.01,201,0.5960563503792741
T250_OUTER_02,University College Dublin / Conway Institute,0.01,202,-0.3628591848701953
T250_OUTER_02,University College Dublin / Conway Institute,0.01,203,0.761798213333398
T250_OUTER_02,University College Dublin / Conway Institute,0.01,204,-0.26578006470361154
T250_OUTER_02,University College Dublin / Conway Institute,0.01,205,-0.32511491482598065
T250_OUTER_02,University College Dublin / Conway Institute,0.01,206,0.47682486175505573
T250_OUTER_02,University College Dublin / Conway Institute,0.01,207,-0.766199593682318
T250_OUTER_02,University College Dublin / Conway Institute,0.01,208,-0.7460585555020642
T250_OUTER_02,University College Dublin / Conway Institute,0.01,209,-0.1464006922192885
T250_OUTER_02,University College Dublin / Conway Institute,0.01,210,-0.5261734103398426
T250_OUTER_02,University College Dublin / Conway Institute,0.01,211,-0.8174591159325331
T250_OUTER_02,University College Dublin / Conway Institute,0.01,212,0.5029280371330587
T250_OUTER_02,University College Dublin / Conway Institute,0.01,213,0.6343600810735617
T250_OUTER_02,University College Dublin / Conway Institute,0.01,214,0.2643015607750402
T250_OUTER_02,University College Dublin / Conway Institute,0.01,215,-0.18796647270836395
T250_OUTER_02,University College Dublin / Conway Institute,0.01,216,-0.010658524862083582
T250_OUTER_02,University College Dublin / Conway Institute,0.01,217,0.6377506004135433
T250_OUTER_02,University College Dublin / Conway Institute,0.01,218,-0.800805497565126
T250_OUTER_02,University College Dublin / Conway Institute,0.01,219,0.012255932740059487
T250_OUTER_02,University College Dublin / Conway Institute,0.01,220,-0.30644882512602994
T250_OUTER_02,University College Dublin / Conway Institute,0.01,221,-0.23116548694473846
T250_OUTER_02,University College Dublin / Conway Institute,0.01,222,0.7107732033311588
T250_OUTER_02,University College Dublin / Conway Institute,0.01,223,-0.5054122966198972
T250_OUTER_02,University College Dublin / Conway Institute,0.01,224,0.3351877678192597
T250_OUTER_02,University College Dublin / Conway Institute,0.01,225,-0.7507544371888809
T250_OUTER_02,University College Dublin / Conway Institute,0.01,226,0.5033370903427654
T250_OUTER_02,University College Dublin / Conway Institute,0.01,227,0.1704688438513952
T250_OUTER_02,University College Dublin / Conway Institute,0.01,228,0.8189376198611044
T250_OUTER_02,University College Dublin / Conway Institute,0.01,229,0.07366894439290878
T250_OUTER_02,University College Dublin / Conway Institute,0.01,230,0.7793144665546766
T250_OUTER_02,University College Dublin / Conway Institute,0.01,231,-0.8311898578795918
T250_OUTER_02,University College Dublin / Conway Institute,0.01,232,-0.13337617242264332
T250_OUTER_02,University College Dublin / Conway Institute,0.01,233,-0.760589751459428
T250_OUTER_02,University College Dublin / Conway Institute,0.01,234,-0.7421258790969336
T250_OUTER_02,University College Dublin / Conway Institute,0.01,235,-0.20262408194325246
T250_OUTER_02,University College Dublin / Conway Institute,0.01,236,-0.747292994837023
T250_OUTER_02,University College Dublin / Conway Institute,0.01,237,-0.5575349960858136
T250_OUTER_02,University College Dublin / Conway Institute,0.01,238,0.33084659573551606
T250_OUTER_02,University College Dublin / Conway Institute,0.01,239,0.5139718132775759
T250_OUTER_02,University College Dublin / Conway Institute,0.01,240,0.30644882512602994
T250_OUTER_02,University College Dublin / Conway Institute,0.01,241,0.1932578934102008
T250_OUTER_02,University College Dublin / Conway Institute,0.01,242,0.7329271145330652
T250_OUTER_02,University College Dublin / Conway Institute,0.01,243,-0.747292994837023
T250_OUTER_02,University College Dublin / Conway Institute,0.01,244,0.6327758965475527
T250_OUTER_02,University College Dublin / Conway Institute,0.01,245,-0.36583894631526337
T250_OUTER_02,University College Dublin / Conway Institute,0.01,246,-0.3076759113643096
T250_OUTER_02,University College Dublin / Conway Institute,0.01,247,0.8176919092585151
T250_OUTER_02,University College Dublin / Conway Institute,0.01,248,-0.006725848456952886
T250_OUTER_02,University College Dublin / Conway Institute,0.01,249,-0.2412383399380176
T250_OUTER_02,University College Dublin / Conway Institute,0.01,250,-0.4010997502770431
T250_OUTER_02,University College Dublin / Conway Institute,0.01,251,-0.4035539227536024
T250_OUTER_02,University College Dublin / Conway Institute,0.01,252,0.10735987220779303
T250_OUTER_02,University College Dublin / Conway Institute,0.01,253,-0.37392893847570136
T250_OUTER_02,University College Dublin / Conway Institute,0.01,254,-0.8066481331139979
T250_OUTER_02,University College Dublin / Conway Institute,0.01,255,-0.13337617242264332
T250_OUTER_02,University College Dublin / Conway Institute,0.01,256,0.3597294925848536
T250_OUTER_03,University of Edinburgh-led controlled human exposure study,100.0,1,0.26690962099125365
T250_OUTER_03,University of Edinburgh-led controlled human exposure study,100.0,2,0.29606413994169095
T250_OUTER_03,University of Edinburgh-led controlled human exposure study,100.0,3,0.4345481049562683
T250_OUTER_03,University of Edinburgh-led controlled human exposure study,100.0,4,0.3199708454810496
T250_OUTER_03,University of Edinburgh-led controlled human exposure study,100.0,5,0.1963556851311953
T250_OUTER_03,University of Edinburgh-led controlled human exposure study,100.0,6,0.4300291545189504
T250_OUTER_03,University of Edinburgh-led controlled human exposure study,100.0,7,0.4835276967930029
T250_OUTER_03,University of Edinburgh-led controlled human exposure study,100.0,8,0.152332361516035
T250_OUTER_03,University of Edinburgh-led controlled human exposure study,100.0,9,0.18119533527696793
T250_OUTER_03,University of Edinburgh-led controlled human exposure study,100.0,10,0.21530612244897956
T250_OUTER_03,University of Edinburgh-led controlled human exposure study,100.0,11,0.5868804664723032
T250_OUTER_03,University of Edinburgh-led controlled human exposure study,100.0,12,0.0326530612244898
T250_OUTER_03,University of Edinburgh-led controlled human exposure study,100.0,13,0.2985422740524781
T250_OUTER_03,University of Edinburgh-led controlled human exposure study,100.0,14,-0.22725947521865886
T250_OUTER_03,University of Edinburgh-led controlled human exposure study,100.0,15,0.29256559766763846
T250_OUTER_03,University of Edinburgh-led controlled human exposure study,100.0,16,-0.4064139941690961
T250_OUTER_03,University of Edinburgh-led controlled human exposure study,100.0,17,0.401603498542274
T250_OUTER_03,University of Edinburgh-led controlled human exposure study,100.0,18,0.4587463556851312
T250_OUTER_03,University of Edinburgh-led controlled human exposure study,100.0,19,0.09241982507288629
T250_OUTER_03,University of Edinburgh-led controlled human exposure study,100.0,20,0.5947521865889213
T250_OUTER_03,University of Edinburgh-led controlled human exposure study,100.0,21,0.12084548104956266
T250_OUTER_03,University of Edinburgh-led controlled human exposure study,100.0,22,-0.12084548104956266
T250_OUTER_03,University of Edinburgh-led controlled human exposure study,100.0,23,0.414868804664723
T250_OUTER_03,University of Edinburgh-led controlled human exposure study,100.0,24,0.4667638483965014
T250_OUTER_03,University of Edinburgh-led controlled human exposure study,100.0,25,0.4122448979591837
T250_OUTER_03,University of Edinburgh-led controlled human exposure study,100.0,26,0.3386297376093294
T250_OUTER_03,University of Edinburgh-led controlled human exposure study,100.0,27,0.1217201166180758
T250_OUTER_03,University of Edinburgh-led controlled human exposure study,100.0,28,0.393731778425656
T250_OUTER_03,University of Edinburgh-led controlled human exposure study,100.0,29,0.36457725947521874
T250_OUTER_03,University of Edinburgh-led controlled human exposure study,100.0,30,0.4322157434402332
T250_OUTER_03,University of Edinburgh-led controlled human exposure study,100.0,31,0.3635568513119533
T250_OUTER_03,University of Edinburgh-led controlled human exposure study,100.0,32,-0.16793002915451893
T250_OUTER_03,University of Edinburgh-led controlled human exposure study,100.0,33,0.6549562682215743
T250_OUTER_03,University of Edinburgh-led controlled human exposure study,100.0,34,-0.1055393586005831
T250_OUTER_03,University of Edinburgh-led controlled human exposure study,100.0,35,0.18702623906705537
T250_OUTER_03,University of Edinburgh-led controlled human exposure study,100.0,36,0.29256559766763846
T250_OUTER_03,University of Edinburgh-led controlled human exposure study,100.0,37,0.31676384839650146
T250_OUTER_03,University of Edinburgh-led controlled human exposure study,100.0,38,0.2018950437317784
T250_OUTER_03,University of Edinburgh-led controlled human exposure study,100.0,39,0.5868804664723032
T250_OUTER_03,University of Edinburgh-led controlled human exposure study,100.0,40,0.3395043731778425
T250_OUTER_03,University of Edinburgh-led controlled human exposure study,100.0,41,0.5268221574344022
T250_OUTER_03,University of Edinburgh-led controlled human exposure study,100.0,42,0.4928571428571429
T250_OUTER_03,University of Edinburgh-led controlled human exposure study,100.0,43,-0.17682215743440233
T250_OUTER_03,University of Edinburgh-led controlled human exposure study,100.0,44,0.42376093294460637
T250_OUTER_03,University of Edinburgh-led controlled human exposure study,100.0,45,0.5978134110787172
T250_OUTER_03,University of Edinburgh-led controlled human exposure study,100.0,46,0.2709912536443149
T250_OUTER_03,University of Edinburgh-led controlled human exposure study,100.0,47,0.7510204081632654
T250_OUTER_03,University of Edinburgh-led controlled human exposure study,100.0,48,0.027259475218658895
T250_OUTER_03,University of Edinburgh-led controlled human exposure study,100.0,49,0.46997084548104956
T250_OUTER_03,University of Edinburgh-led controlled human exposure study,100.0,50,0.4154518950437318
T250_OUTER_03,University of Edinburgh-led controlled human exposure study,100.0,51,-0.027842565597667634
T250_OUTER_03,University of Edinburgh-led controlled human exposure study,100.0,52,0.13440233236151602
T250_OUTER_03,University of Edinburgh-led controlled human exposure study,100.0,53,-0.0058309037900874635
T250_OUTER_03,University of Edinburgh-led controlled human exposure study,100.0,54,0.692857142857143
T250_OUTER_03,University of Edinburgh-led controlled human exposure study,100.0,55,0.23498542274052478
T250_OUTER_03,University of Edinburgh-led controlled human exposure study,100.0,56,0.08440233236151605
T250_OUTER_03,University of Edinburgh-led controlled human exposure study,100.0,57,-0.24941690962099122
T250_OUTER_03,University of Edinburgh-led controlled human exposure study,100.0,58,0.6215743440233237
T250_OUTER_03,University of Edinburgh-led controlled human exposure study,100.0,59,0.25758017492711366
T250_OUTER_03,University of Edinburgh-led controlled human exposure study,100.0,60,0.2957725947521866
T250_OUTER_03,University of Edinburgh-led controlled human exposure study,100.0,61,0.36457725947521874
T250_OUTER_03,University of Edinburgh-led controlled human exposure study,100.0,62,-0.15903790087463557
T250_OUTER_03,University of Edinburgh-led controlled human exposure study,100.0,63,0.1631195335276968
T250_OUTER_03,University of Edinburgh-led controlled human exposure study,100.0,64,-0.05466472303206997
T250_OUTER_03,University of Edinburgh-led controlled human exposure study,100.0,65,0.4817784256559766
T250_OUTER_03,University of Edinburgh-led controlled human exposure study,100.0,66,0.5403790087463557
T250_OUTER_03,University of Edinburgh-led controlled human exposure study,100.0,67,0.5564139941690962
T250_OUTER_03,University of Edinburgh-led controlled human exposure study,100.0,68,0.33002915451895043
T250_OUTER_03,University of Edinburgh-led controlled human exposure study,100.0,69,0.024198250728862974
T250_OUTER_03,University of Edinburgh-led controlled human exposure study,100.0,70,0.4112244897959184
T250_OUTER_03,University of Edinburgh-led controlled human exposure study,100.0,71,0.3568513119533528
T250_OUTER_03,University of Edinburgh-led controlled human exposure study,100.0,72,0.6565597667638484
T250_OUTER_03,University of Edinburgh-led controlled human exposure study,100.0,73,-0.274198250728863
T250_OUTER_03,University of Edinburgh-led controlled human exposure study,100.0,74,0.4233236151603498
T250_OUTER_03,University of Edinburgh-led controlled human exposure study,100.0,75,0.5425655976676385
T250_OUTER_03,University of Edinburgh-led controlled human exposure study,100.0,76,0.5779883381924198
T250_OUTER_03,University of Edinburgh-led controlled human exposure study,100.0,77,0.6048104956268221
T250_OUTER_03,University of Edinburgh-led controlled human exposure study,100.0,78,0.29183673469387755
T250_OUTER_03,University of Edinburgh-led controlled human exposure study,100.0,79,0.29693877551020403
T250_OUTER_03,University of Edinburgh-led controlled human exposure study,100.0,80,-0.21282798833819241
T250_OUTER_03,University of Edinburgh-led controlled human exposure study,100.0,81,0.22827988338192423
T250_OUTER_03,University of Edinburgh-led controlled human exposure study,100.0,82,0.4106413994169096
T250_OUTER_03,University of Edinburgh-led controlled human exposure study,100.0,83,0.27390670553935864
T250_OUTER_03,University of Edinburgh-led controlled human exposure study,100.0,84,0.16224489795918368
T250_OUTER_03,University of Edinburgh-led controlled human exposure study,100.0,85,0.6208454810495627
T250_OUTER_03,University of Edinburgh-led controlled human exposure study,100.0,86,0.6030612244897958
T250_OUTER_03,University of Edinburgh-led controlled human exposure study,100.0,87,0.3373177842565598
T250_OUTER_03,University of Edinburgh-led controlled human exposure study,100.0,88,0.6336734693877552
T250_OUTER_03,University of Edinburgh-led controlled human exposure study,100.0,89,-0.037609329446064134
T250_OUTER_03,University of Edinburgh-led controlled human exposure study,100.0,90,0.18527696793002918
T250_OUTER_03,University of Edinburgh-led controlled human exposure study,100.0,91,-0.09052478134110788
T250_OUTER_03,University of Edinburgh-led controlled human exposure study,100.0,92,0.2957725947521866
T250_OUTER_03,University of Edinburgh-led controlled human exposure study,100.0,93,0.09489795918367346
T250_OUTER_03,University of Edinburgh-led controlled human exposure study,100.0,94,0.3228862973760933
T250_OUTER_03,University of Edinburgh-led controlled human exposure study,100.0,95,-0.0814868804664723
T250_OUTER_03,University of Edinburgh-led controlled human exposure study,100.0,96,-0.032798833819241986
T250_OUTER_03,University of Edinburgh-led controlled human exposure study,100.0,97,0.5306122448979592
T250_OUTER_03,University of Edinburgh-led controlled human exposure study,100.0,98,-0.2399416909620991
T250_OUTER_03,University of Edinburgh-led controlled human exposure study,100.0,99,0.6202623906705539
T250_OUTER_03,University of Edinburgh-led controlled human exposure study,100.0,100,-0.07740524781341107
T250_OUTER_03,University of Edinburgh-led controlled human exposure study,100.0,101,0.152332361516035
T250_OUTER_03,University of Edinburgh-led controlled human exposure study,100.0,102,0.11224489795918369
T250_OUTER_03,University of Edinburgh-led controlled human exposure study,100.0,103,0.29883381924198255
T250_OUTER_03,University of Edinburgh-led controlled human exposure study,100.0,104,0.45845481049562686
T250_OUTER_03,University of Edinburgh-led controlled human exposure study,100.0,105,-0.012099125364431489
T250_OUTER_03,University of Edinburgh-led controlled human exposure study,100.0,106,0.3962099125364431
T250_OUTER_03,University of Edinburgh-led controlled human exposure study,100.0,107,0.5109329446064139
T250_OUTER_03,University of Edinburgh-led controlled human exposure study,100.0,108,0.46997084548104956
T250_OUTER_03,University of Edinburgh-led controlled human exposure study,100.0,109,-0.16253644314868804
T250_OUTER_03,University of Edinburgh-led controlled human exposure study,100.0,110,0.6037900874635569
T250_OUTER_03,University of Edinburgh-led controlled human exposure study,100.0,111,0.3371720116618076
T250_OUTER_03,University of Edinburgh-led controlled human exposure study,100.0,112,-0.2755102040816327
T250_OUTER_03,University of Edinburgh-led controlled human exposure study,100.0,113,0.43965014577259476
T250_OUTER_03,University of Edinburgh-led controlled human exposure study,100.0,114,0.7190962099125365
T250_OUTER_03,University of Edinburgh-led controlled human exposure study,100.0,115,0.24825072886297372
T250_OUTER_03,University of Edinburgh-led controlled human exposure study,100.0,116,0.3849854227405248
T250_OUTER_03,University of Edinburgh-led controlled human exposure study,100.0,117,0.5966472303206997
T250_OUTER_03,University of Edinburgh-led controlled human exposure study,100.0,118,0.4782798833819242
T250_OUTER_03,University of Edinburgh-led controlled human exposure study,100.0,119,0.7510204081632654
T250_OUTER_03,University of Edinburgh-led controlled human exposure study,100.0,120,0.26268221574344025
T250_OUTER_03,University of Edinburgh-led controlled human exposure study,100.0,121,0.31793002915451896
T250_OUTER_03,University of Edinburgh-led controlled human exposure study,100.0,122,0.632798833819242
T250_OUTER_03,University of Edinburgh-led controlled human exposure study,100.0,123,-0.6151603498542274
T250_OUTER_03,University of Edinburgh-led controlled human exposure study,100.0,124,0.4110787172011662
T250_OUTER_03,University of Edinburgh-led controlled human exposure study,100.0,125,-0.23367346938775513
T250_OUTER_03,University of Edinburgh-led controlled human exposure study,100.0,126,0.7263848396501458
T250_OUTER_03,University of Edinburgh-led controlled human exposure study,100.0,127,0.2791545189504373
T250_OUTER_03,University of Edinburgh-led controlled human exposure study,100.0,128,-0.027842565597667634
T250_OUTER_03,University of Edinburgh-led controlled human exposure study,100.0,129,-0.3067055393586006
T250_OUTER_03,University of Edinburgh-led controlled human exposure study,100.0,130,0.25918367346938775
T250_OUTER_03,University of Edinburgh-led controlled human exposure study,100.0,131,0.10131195335276966
T250_OUTER_03,University of Edinburgh-led controlled human exposure study,100.0,132,0.16647230320699707
T250_OUTER_03,University of Edinburgh-led controlled human exposure study,100.0,133,0.29693877551020403
T250_OUTER_03,University of Edinburgh-led controlled human exposure study,100.0,134,0.18819241982507284
T250_OUTER_03,University of Edinburgh-led controlled human exposure study,100.0,135,-0.1032069970845481
T250_OUTER_03,University of Edinburgh-led controlled human exposure study,100.0,136,-0.034548104956268214
T250_OUTER_03,University of Edinburgh-led controlled human exposure study,100.0,137,0.05466472303206997
T250_OUTER_03,University of Edinburgh-led controlled human exposure study,100.0,138,0.17769679300291547
T250_OUTER_03,University of Edinburgh-led controlled human exposure study,100.0,139,0.41705539358600585
T250_OUTER_03,University of Edinburgh-led controlled human exposure study,100.0,140,0.31793002915451896
T250_OUTER_03,University of Edinburgh-led controlled human exposure study,100.0,141,-0.1055393586005831
T250_OUTER_03,University of Edinburgh-led controlled human exposure study,100.0,142,0.06807580174927114
T250_OUTER_03,University of Edinburgh-led controlled human exposure study,100.0,143,0.6838192419825072
T250_OUTER_03,University of Edinburgh-led controlled human exposure study,100.0,144,0.4395043731778425
T250_OUTER_03,University of Edinburgh-led controlled human exposure study,100.0,145,0.22871720116618077
T250_OUTER_03,University of Edinburgh-led controlled human exposure study,100.0,146,0.7263848396501458
T250_OUTER_03,University of Edinburgh-led controlled human exposure study,100.0,147,0.6950437317784256
T250_OUTER_03,University of Edinburgh-led controlled human exposure study,100.0,148,0.19620991253644315
T250_OUTER_03,University of Edinburgh-led controlled human exposure study,100.0,149,0.724198250728863
T250_OUTER_03,University of Edinburgh-led controlled human exposure study,100.0,150,-0.3486880466472303
T250_OUTER_03,University of Edinburgh-led controlled human exposure study,100.0,151,0.6180758017492712
T250_OUTER_03,University of Edinburgh-led controlled human exposure study,100.0,152,0.36268221574344023
T250_OUTER_03,University of Edinburgh-led controlled human exposure study,100.0,153,0.6533527696793002
T250_OUTER_03,University of Edinburgh-led controlled human exposure study,100.0,154,0.48265306122448987
T250_OUTER_03,University of Edinburgh-led controlled human exposure study,100.0,155,0.3711370262390671
T250_OUTER_03,University of Edinburgh-led controlled human exposure study,100.0,156,0.6658892128279884
T250_OUTER_03,University of Edinburgh-led controlled human exposure study,100.0,157,-0.15466472303207
T250_OUTER_03,University of Edinburgh-led controlled human exposure study,100.0,158,0.1631195335276968
T250_OUTER_03,University of Edinburgh-led controlled human exposure study,100.0,159,-0.2120991253644315
T250_OUTER_03,University of Edinburgh-led controlled human exposure study,100.0,160,0.2677842565597668
T250_OUTER_03,University of Edinburgh-led controlled human exposure study,100.0,161,0.4419825072886297
T250_OUTER_03,University of Edinburgh-led controlled human exposure study,100.0,162,0.43892128279883386
T250_OUTER_03,University of Edinburgh-led controlled human exposure study,100.0,163,0.5269679300291544
T250_OUTER_03,University of Edinburgh-led controlled human exposure study,100.0,164,0.4278425655976676
T250_OUTER_03,University of Edinburgh-led controlled human exposure study,100.0,165,0.6099125364431486
T250_OUTER_03,University of Edinburgh-led controlled human exposure study,100.0,166,0.6631195335276967
T250_OUTER_03,University of Edinburgh-led controlled human exposure study,100.0,167,0.2916909620991254
T250_OUTER_03,University of Edinburgh-led controlled human exposure study,100.0,168,0.2696793002915452
T250_OUTER_03,University of Edinburgh-led controlled human exposure study,100.0,169,0.4173469387755102
T250_OUTER_03,University of Edinburgh-led controlled human exposure study,100.0,170,-0.22040816326530613
T250_OUTER_03,University of Edinburgh-led controlled human exposure study,100.0,171,0.628134110787172
T250_OUTER_03,University of Edinburgh-led controlled human exposure study,100.0,172,0.2260932944606414
T250_OUTER_03,University of Edinburgh-led controlled human exposure study,100.0,173,0.11355685131195335
T250_OUTER_03,University of Edinburgh-led controlled human exposure study,100.0,174,-0.07259475218658892
T250_OUTER_03,University of Edinburgh-led controlled human exposure study,100.0,175,0.3584548104956268
T250_OUTER_03,University of Edinburgh-led controlled human exposure study,100.0,176,0.4122448979591837
T250_OUTER_03,University of Edinburgh-led controlled human exposure study,100.0,177,-0.07448979591836737
T250_OUTER_03,University of Edinburgh-led controlled human exposure study,100.0,178,0.5295918367346939
T250_OUTER_03,University of Edinburgh-led controlled human exposure study,100.0,179,0.43090379008746355
T250_OUTER_03,University of Edinburgh-led controlled human exposure study,100.0,180,0.5161807580174927
T250_OUTER_03,University of Edinburgh-led controlled human exposure study,100.0,181,0.4800291545189504
T250_OUTER_03,University of Edinburgh-led controlled human exposure study,100.0,182,0.4765306122448979
T250_OUTER_03,University of Edinburgh-led controlled human exposure study,100.0,183,0.5492711370262391
T250_OUTER_03,University of Edinburgh-led controlled human exposure study,100.0,184,0.2412536443148688
T250_OUTER_03,University of Edinburgh-led controlled human exposure study,100.0,185,0.27332361516034986
T250_OUTER_03,University of Edinburgh-led controlled human exposure study,100.0,186,0.08250728862973761
T250_OUTER_03,University of Edinburgh-led controlled human exposure study,100.0,187,0.35728862973760933
T250_OUTER_03,University of Edinburgh-led controlled human exposure study,100.0,188,0.596064139941691
T250_OUTER_03,University of Edinburgh-led controlled human exposure study,100.0,189,0.020991253644314877
T250_OUTER_03,University of Edinburgh-led controlled human exposure study,100.0,190,0.31938775510204076
T250_OUTER_03,University of Edinburgh-led controlled human exposure study,100.0,191,0.3972303206997085
T250_OUTER_03,University of Edinburgh-led controlled human exposure study,100.0,192,0.1760932944606414
T250_OUTER_03,University of Edinburgh-led controlled human exposure study,100.0,193,0.17886297376093294
T250_OUTER_03,University of Edinburgh-led controlled human exposure study,100.0,194,-0.1008746355685131
T250_OUTER_03,University of Edinburgh-led controlled human exposure study,100.0,195,0.14285714285714288
T250_OUTER_03,University of Edinburgh-led controlled human exposure study,100.0,196,0.5988338192419825
T250_OUTER_03,University of Edinburgh-led controlled human exposure study,100.0,197,0.5227405247813411
T250_OUTER_03,University of Edinburgh-led controlled human exposure study,100.0,198,0.3736151603498542
T250_OUTER_03,University of Edinburgh-led controlled human exposure study,100.0,199,0.4154518950437318
T250_OUTER_03,University of Edinburgh-led controlled human exposure study,100.0,200,0.22930029154518947
T250_OUTER_03,University of Edinburgh-led controlled human exposure study,100.0,201,-0.07492711370262388
T250_OUTER_03,University of Edinburgh-led controlled human exposure study,100.0,202,-0.023032069970845476
T250_OUTER_03,University of Edinburgh-led controlled human exposure study,100.0,203,0.2297376093294461
T250_OUTER_03,University of Edinburgh-led controlled human exposure study,100.0,204,-0.11705539358600583
T250_OUTER_03,University of Edinburgh-led controlled human exposure study,100.0,205,0.002478134110787172
T250_OUTER_03,University of Edinburgh-led controlled human exposure study,100.0,206,0.1042274052478134
T250_OUTER_03,University of Edinburgh-led controlled human exposure study,100.0,207,0.1284256559766764
T250_OUTER_03,University of Edinburgh-led controlled human exposure study,100.0,208,0.2775510204081632
T250_OUTER_03,University of Edinburgh-led controlled human exposure study,100.0,209,-0.1346938775510204
T250_OUTER_03,University of Edinburgh-led controlled human exposure study,100.0,210,0.29781341107871717
T250_OUTER_03,University of Edinburgh-led controlled human exposure study,100.0,211,-0.7564139941690962
T250_OUTER_03,University of Edinburgh-led controlled human exposure study,100.0,212,0.2883381924198251
T250_OUTER_03,University of Edinburgh-led controlled human exposure study,100.0,213,0.3220116618075802
T250_OUTER_03,University of Edinburgh-led controlled human exposure study,100.0,214,0.18833819241982505
T250_OUTER_03,University of Edinburgh-led controlled human exposure study,100.0,215,-0.1489795918367347
T250_OUTER_03,University of Edinburgh-led controlled human exposure study,100.0,216,0.5112244897959184
T250_OUTER_03,University of Edinburgh-led controlled human exposure study,100.0,217,-0.36865889212827985
T250_OUTER_03,University of Edinburgh-led controlled human exposure study,100.0,218,-0.19169096209912537
T250_OUTER_03,University of Edinburgh-led controlled human exposure study,100.0,219,0.1574344023323615
T250_OUTER_03,University of Edinburgh-led controlled human exposure study,100.0,220,0.7626822157434403
T250_OUTER_03,University of Edinburgh-led controlled human exposure study,100.0,221,0.26268221574344025
T250_OUTER_03,University of Edinburgh-led controlled human exposure study,100.0,222,-0.0075801749271137
T250_OUTER_03,University of Edinburgh-led controlled human exposure study,100.0,223,0.05349854227405248
T250_OUTER_03,University of Edinburgh-led controlled human exposure study,100.0,224,0.5849854227405248
T250_OUTER_03,University of Edinburgh-led controlled human exposure study,100.0,225,0.3383381924198251
T250_OUTER_03,University of Edinburgh-led controlled human exposure study,100.0,226,-0.05670553935860058
T250_OUTER_03,University of Edinburgh-led controlled human exposure study,100.0,227,0.2323615160349854
T250_OUTER_03,University of Edinburgh-led controlled human exposure study,100.0,228,0.2957725947521866
T250_OUTER_03,University of Edinburgh-led controlled human exposure study,100.0,229,0.12303206997084548
T250_OUTER_03,University of Edinburgh-led controlled human exposure study,100.0,230,0.45670553935860053
T250_OUTER_03,University of Edinburgh-led controlled human exposure study,100.0,231,-0.3099125364431487
T250_OUTER_03,University of Edinburgh-led controlled human exposure study,100.0,232,0.39139941690962093
T250_OUTER_03,University of Edinburgh-led controlled human exposure study,100.0,233,0.4854227405247813
T250_OUTER_03,University of Edinburgh-led controlled human exposure study,100.0,234,0.4482507288629738
T250_OUTER_03,University of Edinburgh-led controlled human exposure study,100.0,235,0.632069970845481
T250_OUTER_03,University of Edinburgh-led controlled human exposure study,100.0,236,0.7223032069970845
T250_OUTER_03,University of Edinburgh-led controlled human exposure study,100.0,237,0.28338192419825076
T250_OUTER_03,University of Edinburgh-led controlled human exposure study,100.0,238,0.3830903790087464
T250_OUTER_03,University of Edinburgh-led controlled human exposure study,100.0,239,-0.45437317784256553
T250_OUTER_03,University of Edinburgh-led controlled human exposure study,100.0,240,0.1889212827988338
T250_OUTER_03,University of Edinburgh-led controlled human exposure study,100.0,241,0.18965014577259476
T250_OUTER_03,University of Edinburgh-led controlled human exposure study,100.0,242,0.18061224489795918
T250_OUTER_03,University of Edinburgh-led controlled human exposure study,100.0,243,0.5947521865889213
T250_OUTER_03,University of Edinburgh-led controlled human exposure study,100.0,244,0.4590379008746356
T250_OUTER_03,University of Edinburgh-led controlled human exposure study,100.0,245,0.6068513119533528
T250_OUTER_03,University of Edinburgh-led controlled human exposure study,100.0,246,0.6307580174927113
T250_OUTER_03,University of Edinburgh-led controlled human exposure study,100.0,247,0.33104956268221575
T250_OUTER_03,University of Edinburgh-led controlled human exposure study,100.0,248,0.49562682215743437
T250_OUTER_03,University of Edinburgh-led controlled human exposure study,100.0,249,0.2018950437317784
T250_OUTER_03,University of Edinburgh-led controlled human exposure study,100.0,250,0.04300291545189504
T250_OUTER_03,University of Edinburgh-led controlled human exposure study,100.0,251,0.42871720116618073
T250_OUTER_03,University of Edinburgh-led controlled human exposure study,100.0,252,0.35728862973760933
T250_OUTER_03,University of Edinburgh-led controlled human exposure study,100.0,253,0.1185131195335277
T250_OUTER_03,University of Edinburgh-led controlled human exposure study,100.0,254,0.6514577259475218
T250_OUTER_03,University of Edinburgh-led controlled human exposure study,100.0,255,0.3067055393586006
T250_OUTER_03,University of Edinburgh-led controlled human exposure study,100.0,256,0.1371720116618076
T250_OUTER_04,University of Southern Denmark / Russian Academy of Sciences study,1.0,1,0.22238095238095237
T250_OUTER_04,University of Southern Denmark / Russian Academy of Sciences study,1.0,2,0.00023809523809523078
T250_OUTER_04,University of Southern Denmark / Russian Academy of Sciences study,1.0,3,0.3723809523809523
T250_OUTER_04,University of Southern Denmark / Russian Academy of Sciences study,1.0,4,-0.17785714285714288
T250_OUTER_04,University of Southern Denmark / Russian Academy of Sciences study,1.0,5,-0.0857142857142857
T250_OUTER_04,University of Southern Denmark / Russian Academy of Sciences study,1.0,6,0.24809523809523806
T250_OUTER_04,University of Southern Denmark / Russian Academy of Sciences study,1.0,7,0.7759523809523811
T250_OUTER_04,University of Southern Denmark / Russian Academy of Sciences study,1.0,8,0.32595238095238094
T250_OUTER_04,University of Southern Denmark / Russian Academy of Sciences study,1.0,9,0.4316666666666666
T250_OUTER_04,University of Southern Denmark / Russian Academy of Sciences study,1.0,10,0.44190476190476197
T250_OUTER_04,University of Southern Denmark / Russian Academy of Sciences study,1.0,11,0.7042857142857142
T250_OUTER_04,University of Southern Denmark / Russian Academy of Sciences study,1.0,12,0.25476190476190474
T250_OUTER_04,University of Southern Denmark / Russian Academy of Sciences study,1.0,13,0.37023809523809526
T250_OUTER_04,University of Southern Denmark / Russian Academy of Sciences study,1.0,14,0.31880952380952376
T250_OUTER_04,University of Southern Denmark / Russian Academy of Sciences study,1.0,15,0.7066666666666667
T250_OUTER_04,University of Southern Denmark / Russian Academy of Sciences study,1.0,16,0.8357142857142854
T250_OUTER_04,University of Southern Denmark / Russian Academy of Sciences study,1.0,17,0.35238095238095235
T250_OUTER_04,University of Southern Denmark / Russian Academy of Sciences study,1.0,18,-0.039523809523809524
T250_OUTER_04,University of Southern Denmark / Russian Academy of Sciences study,1.0,19,0.23666666666666664
T250_OUTER_04,University of Southern Denmark / Russian Academy of Sciences study,1.0,20,0.7792857142857142
T250_OUTER_04,University of Southern Denmark / Russian Academy of Sciences study,1.0,21,0.04642857142857142
T250_OUTER_04,University of Southern Denmark / Russian Academy of Sciences study,1.0,22,0.3654761904761904
T250_OUTER_04,University of Southern Denmark / Russian Academy of Sciences study,1.0,23,0.24857142857142855
T250_OUTER_04,University of Southern Denmark / Russian Academy of Sciences study,1.0,24,0.47523809523809535
T250_OUTER_04,University of Southern Denmark / Russian Academy of Sciences study,1.0,25,0.42523809523809525
T250_OUTER_04,University of Southern Denmark / Russian Academy of Sciences study,1.0,26,0.035476190476190474
T250_OUTER_04,University of Southern Denmark / Russian Academy of Sciences study,1.0,27,0.7145238095238095
T250_OUTER_04,University of Southern Denmark / Russian Academy of Sciences study,1.0,28,-0.40690476190476194
T250_OUTER_04,University of Southern Denmark / Russian Academy of Sciences study,1.0,29,0.6083333333333333
T250_OUTER_04,University of Southern Denmark / Russian Academy of Sciences study,1.0,30,0.13880952380952383
T250_OUTER_04,University of Southern Denmark / Russian Academy of Sciences study,1.0,31,0.059523809523809514
T250_OUTER_04,University of Southern Denmark / Russian Academy of Sciences study,1.0,32,0.7438095238095239
T250_OUTER_04,University of Southern Denmark / Russian Academy of Sciences study,1.0,33,0.2683333333333333
T250_OUTER_04,University of Southern Denmark / Russian Academy of Sciences study,1.0,34,-0.04476190476190478
T250_OUTER_04,University of Southern Denmark / Russian Academy of Sciences study,1.0,35,0.4207142857142856
T250_OUTER_04,University of Southern Denmark / Russian Academy of Sciences study,1.0,36,0.5942857142857144
T250_OUTER_04,University of Southern Denmark / Russian Academy of Sciences study,1.0,37,0.3097619047619048
T250_OUTER_04,University of Southern Denmark / Russian Academy of Sciences study,1.0,38,0.1069047619047619
T250_OUTER_04,University of Southern Denmark / Russian Academy of Sciences study,1.0,39,0.5045238095238097
T250_OUTER_04,University of Southern Denmark / Russian Academy of Sciences study,1.0,40,0.12642857142857145
T250_OUTER_04,University of Southern Denmark / Russian Academy of Sciences study,1.0,41,0.4207142857142856
T250_OUTER_04,University of Southern Denmark / Russian Academy of Sciences study,1.0,42,0.18285714285714286
T250_OUTER_04,University of Southern Denmark / Russian Academy of Sciences study,1.0,43,0.5561904761904762
T250_OUTER_04,University of Southern Denmark / Russian Academy of Sciences study,1.0,44,0.3838095238095239
T250_OUTER_04,University of Southern Denmark / Russian Academy of Sciences study,1.0,45,0.4528571428571428
T250_OUTER_04,University of Southern Denmark / Russian Academy of Sciences study,1.0,46,0.12452380952380952
T250_OUTER_04,University of Southern Denmark / Russian Academy of Sciences study,1.0,47,0.23285714285714285
T250_OUTER_04,University of Southern Denmark / Russian Academy of Sciences study,1.0,48,0.7902380952380955
T250_OUTER_04,University of Southern Denmark / Russian Academy of Sciences study,1.0,49,0.27761904761904765
T250_OUTER_04,University of Southern Denmark / Russian Academy of Sciences study,1.0,50,0.10642857142857141
T250_OUTER_04,University of Southern Denmark / Russian Academy of Sciences study,1.0,51,0.825952380952381
T250_OUTER_04,University of Southern Denmark / Russian Academy of Sciences study,1.0,52,0.6988095238095239
T250_OUTER_04,University of Southern Denmark / Russian Academy of Sciences study,1.0,53,0.5214285714285716
T250_OUTER_04,University of Southern Denmark / Russian Academy of Sciences study,1.0,54,0.9023809523809525
T250_OUTER_04,University of Southern Denmark / Russian Academy of Sciences study,1.0,55,0.5278571428571428
T250_OUTER_04,University of Southern Denmark / Russian Academy of Sciences study,1.0,56,0.010714285714285716
T250_OUTER_04,University of Southern Denmark / Russian Academy of Sciences study,1.0,57,0.7973809523809521
T250_OUTER_04,University of Southern Denmark / Russian Academy of Sciences study,1.0,58,-0.07357142857142857
T250_OUTER_04,University of Southern Denmark / Russian Academy of Sciences study,1.0,59,-0.2585714285714286
T250_OUTER_04,University of Southern Denmark / Russian Academy of Sciences study,1.0,60,0.4516666666666668
T250_OUTER_04,University of Southern Denmark / Russian Academy of Sciences study,1.0,61,0.6261904761904762
T250_OUTER_04,University of Southern Denmark / Russian Academy of Sciences study,1.0,62,-0.11404761904761905
T250_OUTER_04,University of Southern Denmark / Russian Academy of Sciences study,1.0,63,0.6566666666666667
T250_OUTER_04,University of Southern Denmark / Russian Academy of Sciences study,1.0,64,0.33666666666666667
T250_OUTER_04,University of Southern Denmark / Russian Academy of Sciences study,1.0,65,0.8011904761904762
T250_OUTER_04,University of Southern Denmark / Russian Academy of Sciences study,1.0,66,0.27142857142857146
T250_OUTER_04,University of Southern Denmark / Russian Academy of Sciences study,1.0,67,0.6683333333333333
T250_OUTER_04,University of Southern Denmark / Russian Academy of Sciences study,1.0,68,0.22666666666666668
T250_OUTER_04,University of Southern Denmark / Russian Academy of Sciences study,1.0,69,-0.09309523809523813
T250_OUTER_04,University of Southern Denmark / Russian Academy of Sciences study,1.0,70,0.06619047619047619
T250_OUTER_04,University of Southern Denmark / Russian Academy of Sciences study,1.0,71,0.46571428571428586
T250_OUTER_04,University of Southern Denmark / Russian Academy of Sciences study,1.0,72,0.10047619047619047
T250_OUTER_04,University of Southern Denmark / Russian Academy of Sciences study,1.0,73,0.26333333333333336
T250_OUTER_04,University of Southern Denmark / Russian Academy of Sciences study,1.0,74,0.3476190476190475
T250_OUTER_04,University of Southern Denmark / Russian Academy of Sciences study,1.0,75,-0.12523809523809518
T250_OUTER_04,University of Southern Denmark / Russian Academy of Sciences study,1.0,76,0.6864285714285714
T250_OUTER_04,University of Southern Denmark / Russian Academy of Sciences study,1.0,77,0.7066666666666667
T250_OUTER_04,University of Southern Denmark / Russian Academy of Sciences study,1.0,78,0.3352380952380952
T250_OUTER_04,University of Southern Denmark / Russian Academy of Sciences study,1.0,79,0.4371428571428571
T250_OUTER_04,University of Southern Denmark / Russian Academy of Sciences study,1.0,80,0.45190476190476186
T250_OUTER_04,University of Southern Denmark / Russian Academy of Sciences study,1.0,81,0.4371428571428571
T250_OUTER_04,University of Southern Denmark / Russian Academy of Sciences study,1.0,82,0.7614285714285715
T250_OUTER_04,University of Southern Denmark / Russian Academy of Sciences study,1.0,83,0.7061904761904763
T250_OUTER_04,University of Southern Denmark / Russian Academy of Sciences study,1.0,84,0.3616666666666666
T250_OUTER_04,University of Southern Denmark / Russian Academy of Sciences study,1.0,85,0.3519047619047619
T250_OUTER_04,University of Southern Denmark / Russian Academy of Sciences study,1.0,86,0.31880952380952376
T250_OUTER_04,University of Southern Denmark / Russian Academy of Sciences study,1.0,87,0.43857142857142856
T250_OUTER_04,University of Southern Denmark / Russian Academy of Sciences study,1.0,88,0.7145238095238095
T250_OUTER_04,University of Southern Denmark / Russian Academy of Sciences study,1.0,89,0.2780952380952381
T250_OUTER_04,University of Southern Denmark / Russian Academy of Sciences study,1.0,90,0.5333333333333333
T250_OUTER_04,University of Southern Denmark / Russian Academy of Sciences study,1.0,91,0.549047619047619
T250_OUTER_04,University of Southern Denmark / Russian Academy of Sciences study,1.0,92,0.6895238095238095
T250_OUTER_04,University of Southern Denmark / Russian Academy of Sciences study,1.0,93,0.36190476190476184
T250_OUTER_04,University of Southern Denmark / Russian Academy of Sciences study,1.0,94,0.45690476190476187
T250_OUTER_04,University of Southern Denmark / Russian Academy of Sciences study,1.0,95,0.6390476190476189
T250_OUTER_04,University of Southern Denmark / Russian Academy of Sciences study,1.0,96,0.40238095238095245
T250_OUTER_04,University of Southern Denmark / Russian Academy of Sciences study,1.0,97,0.6911904761904762
T250_OUTER_04,University of Southern Denmark / Russian Academy of Sciences study,1.0,98,0.4047619047619049
T250_OUTER_04,University of Southern Denmark / Russian Academy of Sciences study,1.0,99,0.7614285714285715
T250_OUTER_04,University of Southern Denmark / Russian Academy of Sciences study,1.0,100,0.29380952380952385
T250_OUTER_04,University of Southern Denmark / Russian Academy of Sciences study,1.0,101,0.11619047619047619
T250_OUTER_04,University of Southern Denmark / Russian Academy of Sciences study,1.0,102,0.6359523809523809
T250_OUTER_04,University of Southern Denmark / Russian Academy of Sciences study,1.0,103,0.5045238095238097
T250_OUTER_04,University of Southern Denmark / Russian Academy of Sciences study,1.0,104,0.4766666666666667
T250_OUTER_04,University of Southern Denmark / Russian Academy of Sciences study,1.0,105,0.7638095238095238
T250_OUTER_04,University of Southern Denmark / Russian Academy of Sciences study,1.0,106,0.12452380952380952
T250_OUTER_04,University of Southern Denmark / Russian Academy of Sciences study,1.0,107,0.6495238095238096
T250_OUTER_04,University of Southern Denmark / Russian Academy of Sciences study,1.0,108,0.7292857142857143
T250_OUTER_04,University of Southern Denmark / Russian Academy of Sciences study,1.0,109,0.825952380952381
T250_OUTER_04,University of Southern Denmark / Russian Academy of Sciences study,1.0,110,0.7857142857142859
T250_OUTER_04,University of Southern Denmark / Russian Academy of Sciences study,1.0,111,0.02
T250_OUTER_04,University of Southern Denmark / Russian Academy of Sciences study,1.0,112,0.24738095238095242
T250_OUTER_04,University of Southern Denmark / Russian Academy of Sciences study,1.0,113,0.10666666666666669
T250_OUTER_04,University of Southern Denmark / Russian Academy of Sciences study,1.0,114,0.5433333333333332
T250_OUTER_04,University of Southern Denmark / Russian Academy of Sciences study,1.0,115,0.21880952380952376
T250_OUTER_04,University of Southern Denmark / Russian Academy of Sciences study,1.0,116,0.19238095238095235
T250_OUTER_04,University of Southern Denmark / Russian Academy of Sciences study,1.0,117,0.5397619047619049
T250_OUTER_04,University of Southern Denmark / Russian Academy of Sciences study,1.0,118,0.40857142857142853
T250_OUTER_04,University of Southern Denmark / Russian Academy of Sciences study,1.0,119,-0.039047619047619025
T250_OUTER_04,University of Southern Denmark / Russian Academy of Sciences study,1.0,120,0.5159523809523809
T250_OUTER_04,University of Southern Denmark / Russian Academy of Sciences study,1.0,121,0.40857142857142853
T250_OUTER_04,University of Southern Denmark / Russian Academy of Sciences study,1.0,122,0.003809523809523807
T250_OUTER_04,University of Southern Denmark / Russian Academy of Sciences study,1.0,123,0.388095238095238
T250_OUTER_04,University of Southern Denmark / Russian Academy of Sciences study,1.0,124,0.2683333333333333
T250_OUTER_04,University of Southern Denmark / Russian Academy of Sciences study,1.0,125,0.2780952380952381
T250_OUTER_04,University of Southern Denmark / Russian Academy of Sciences study,1.0,126,0.3116666666666666
T250_OUTER_04,University of Southern Denmark / Russian Academy of Sciences study,1.0,127,0.4728571428571428
T250_OUTER_04,University of Southern Denmark / Russian Academy of Sciences study,1.0,128,0.28809523809523807
T250_OUTER_04,University of Southern Denmark / Russian Academy of Sciences study,1.0,129,0.14761904761904762
T250_OUTER_04,University of Southern Denmark / Russian Academy of Sciences study,1.0,130,0.3547619047619048
T250_OUTER_04,University of Southern Denmark / Russian Academy of Sciences study,1.0,131,0.6780952380952381
T250_OUTER_04,University of Southern Denmark / Russian Academy of Sciences study,1.0,132,0.23666666666666664
T250_OUTER_04,University of Southern Denmark / Russian Academy of Sciences study,1.0,133,0.6683333333333333
T250_OUTER_04,University of Southern Denmark / Russian Academy of Sciences study,1.0,134,0.4528571428571428
T250_OUTER_04,University of Southern Denmark / Russian Academy of Sciences study,1.0,135,0.29380952380952385
T250_OUTER_04,University of Southern Denmark / Russian Academy of Sciences study,1.0,136,0.7902380952380955
T250_OUTER_04,University of Southern Denmark / Russian Academy of Sciences study,1.0,137,0.1064285714285714
T250_OUTER_04,University of Southern Denmark / Russian Academy of Sciences study,1.0,138,0.2585714285714286
T250_OUTER_04,University of Southern Denmark / Russian Academy of Sciences study,1.0,139,0.3942857142857142
T250_OUTER_04,University of Southern Denmark / Russian Academy of Sciences study,1.0,140,0.4766666666666667
T250_OUTER_04,University of Southern Denmark / Russian Academy of Sciences study,1.0,141,0.13166666666666665
T250_OUTER_04,University of Southern Denmark / Russian Academy of Sciences study,1.0,142,0.22833333333333336
T250_OUTER_04,University of Southern Denmark / Russian Academy of Sciences study,1.0,143,0.24380952380952384
T250_OUTER_04,University of Southern Denmark / Russian Academy of Sciences study,1.0,144,0.5126190476190476
T250_OUTER_04,University of Southern Denmark / Russian Academy of Sciences study,1.0,145,0.6633333333333333
T250_OUTER_04,University of Southern Denmark / Russian Academy of Sciences study,1.0,146,0.27309523809523806
T250_OUTER_04,University of Southern Denmark / Russian Academy of Sciences study,1.0,147,0.29499999999999993
T250_OUTER_04,University of Southern Denmark / Russian Academy of Sciences study,1.0,148,-0.04309523809523809
T250_OUTER_04,University of Southern Denmark / Russian Academy of Sciences study,1.0,149,0.3395238095238095
T250_OUTER_04,University of Southern Denmark / Russian Academy of Sciences study,1.0,150,0.3976190476190476
T250_OUTER_04,University of Southern Denmark / Russian Academy of Sciences study,1.0,151,0.8188095238095238
T250_OUTER_04,University of Southern Denmark / Russian Academy of Sciences study,1.0,152,0.4333333333333334
T250_OUTER_04,University of Southern Denmark / Russian Academy of Sciences study,1.0,153,0.28666666666666674
T250_OUTER_04,University of Southern Denmark / Russian Academy of Sciences study,1.0,154,0.27142857142857146
T250_OUTER_04,University of Southern Denmark / Russian Academy of Sciences study,1.0,155,0.13880952380952383
T250_OUTER_04,University of Southern Denmark / Russian Academy of Sciences study,1.0,156,-0.09095238095238097
T250_OUTER_04,University of Southern Denmark / Russian Academy of Sciences study,1.0,157,0.6097619047619046
T250_OUTER_04,University of Southern Denmark / Russian Academy of Sciences study,1.0,158,-0.17047619047619056
T250_OUTER_04,University of Southern Denmark / Russian Academy of Sciences study,1.0,159,0.1519047619047619
T250_OUTER_04,University of Southern Denmark / Russian Academy of Sciences study,1.0,160,-0.21476190476190476
T250_OUTER_04,University of Southern Denmark / Russian Academy of Sciences study,1.0,161,0.641904761904762
T250_OUTER_04,University of Southern Denmark / Russian Academy of Sciences study,1.0,162,0.035476190476190474
T250_OUTER_04,University of Southern Denmark / Russian Academy of Sciences study,1.0,163,0.7614285714285715
T250_OUTER_04,University of Southern Denmark / Russian Academy of Sciences study,1.0,164,0.010952380952380951
T250_OUTER_04,University of Southern Denmark / Russian Academy of Sciences study,1.0,165,0.45690476190476187
T250_OUTER_04,University of Southern Denmark / Russian Academy of Sciences study,1.0,166,0.29380952380952385
T250_OUTER_04,University of Southern Denmark / Russian Academy of Sciences study,1.0,167,0.30142857142857143
T250_OUTER_04,University of Southern Denmark / Russian Academy of Sciences study,1.0,168,0.10142857142857142
T250_OUTER_04,University of Southern Denmark / Russian Academy of Sciences study,1.0,169,0.1311904761904762
T250_OUTER_04,University of Southern Denmark / Russian Academy of Sciences study,1.0,170,0.019761904761904765
T250_OUTER_04,University of Southern Denmark / Russian Academy of Sciences study,1.0,171,0.804285714285714
T250_OUTER_04,University of Southern Denmark / Russian Academy of Sciences study,1.0,172,0.6083333333333333
T250_OUTER_04,University of Southern Denmark / Russian Academy of Sciences study,1.0,173,0.5242857142857142
T250_OUTER_04,University of Southern Denmark / Russian Academy of Sciences study,1.0,174,0.22833333333333336
T250_OUTER_04,University of Southern Denmark / Russian Academy of Sciences study,1.0,175,0.825952380952381
T250_OUTER_04,University of Southern Denmark / Russian Academy of Sciences study,1.0,176,0.025476190476190475
T250_OUTER_04,University of Southern Denmark / Russian Academy of Sciences study,1.0,177,0.41285714285714287
T250_OUTER_04,University of Southern Denmark / Russian Academy of Sciences study,1.0,178,-0.408095238095238
T250_OUTER_04,University of Southern Denmark / Russian Academy of Sciences study,1.0,179,-0.02976190476190476
T250_OUTER_04,University of Southern Denmark / Russian Academy of Sciences study,1.0,180,0.5133333333333334
T250_OUTER_04,University of Southern Denmark / Russian Academy of Sciences study,1.0,181,0.4528571428571428
T250_OUTER_04,University of Southern Denmark / Russian Academy of Sciences study,1.0,182,0.1335714285714286
T250_OUTER_04,University of Southern Denmark / Russian Academy of Sciences study,1.0,183,-0.04904761904761905
T250_OUTER_04,University of Southern Denmark / Russian Academy of Sciences study,1.0,184,-0.01857142857142857
T250_OUTER_04,University of Southern Denmark / Russian Academy of Sciences study,1.0,185,0.7066666666666667
T250_OUTER_04,University of Southern Denmark / Russian Academy of Sciences study,1.0,186,0.5433333333333332
T250_OUTER_04,University of Southern Denmark / Russian Academy of Sciences study,1.0,187,0.2735714285714285
T250_OUTER_04,University of Southern Denmark / Russian Academy of Sciences study,1.0,188,-0.17404761904761903
T250_OUTER_04,University of Southern Denmark / Russian Academy of Sciences study,1.0,189,0.6623809523809526
T250_OUTER_04,University of Southern Denmark / Russian Academy of Sciences study,1.0,190,0.23142857142857146
T250_OUTER_04,University of Southern Denmark / Russian Academy of Sciences study,1.0,191,0.33595238095238084
T250_OUTER_04,University of Southern Denmark / Russian Academy of Sciences study,1.0,192,0.5278571428571428
T250_OUTER_04,University of Southern Denmark / Russian Academy of Sciences study,1.0,193,0.7161904761904763
T250_OUTER_04,University of Southern Denmark / Russian Academy of Sciences study,1.0,194,0.26
T250_OUTER_04,University of Southern Denmark / Russian Academy of Sciences study,1.0,195,0.06285714285714286
T250_OUTER_04,University of Southern Denmark / Russian Academy of Sciences study,1.0,196,0.056428571428571425
T250_OUTER_04,University of Southern Denmark / Russian Academy of Sciences study,1.0,197,-0.020000000000000004
T250_OUTER_04,University of Southern Denmark / Russian Academy of Sciences study,1.0,198,0.33904761904761904
T250_OUTER_04,University of Southern Denmark / Russian Academy of Sciences study,1.0,199,0.3942857142857142
T250_OUTER_04,University of Southern Denmark / Russian Academy of Sciences study,1.0,200,0.4442857142857142
T250_OUTER_04,University of Southern Denmark / Russian Academy of Sciences study,1.0,201,-0.02642857142857143
T250_OUTER_04,University of Southern Denmark / Russian Academy of Sciences study,1.0,202,0.5276190476190477
T250_OUTER_04,University of Southern Denmark / Russian Academy of Sciences study,1.0,203,0.26523809523809516
T250_OUTER_04,University of Southern Denmark / Russian Academy of Sciences study,1.0,204,0.6895238095238095
T250_OUTER_04,University of Southern Denmark / Russian Academy of Sciences study,1.0,205,0.5357142857142857
T250_OUTER_04,University of Southern Denmark / Russian Academy of Sciences study,1.0,206,0.31523809523809526
T250_OUTER_04,University of Southern Denmark / Russian Academy of Sciences study,1.0,207,0.6780952380952381
T250_OUTER_04,University of Southern Denmark / Russian Academy of Sciences study,1.0,208,0.44380952380952376
T250_OUTER_04,University of Southern Denmark / Russian Academy of Sciences study,1.0,209,-0.07690476190476189
T250_OUTER_04,University of Southern Denmark / Russian Academy of Sciences study,1.0,210,0.44642857142857145
T250_OUTER_04,University of Southern Denmark / Russian Academy of Sciences study,1.0,211,0.16809523809523813
T250_OUTER_04,University of Southern Denmark / Russian Academy of Sciences study,1.0,212,-0.2964285714285715
T250_OUTER_04,University of Southern Denmark / Russian Academy of Sciences study,1.0,213,0.5133333333333334
T250_OUTER_04,University of Southern Denmark / Russian Academy of Sciences study,1.0,214,0.2892857142857143
T250_OUTER_04,University of Southern Denmark / Russian Academy of Sciences study,1.0,215,0.19809523809523805
T250_OUTER_04,University of Southern Denmark / Russian Academy of Sciences study,1.0,216,0.3402380952380952
T250_OUTER_04,University of Southern Denmark / Russian Academy of Sciences study,1.0,217,0.3764285714285716
T250_OUTER_04,University of Southern Denmark / Russian Academy of Sciences study,1.0,218,0.47642857142857153
T250_OUTER_04,University of Southern Denmark / Russian Academy of Sciences study,1.0,219,-0.01047619047619048
T250_OUTER_04,University of Southern Denmark / Russian Academy of Sciences study,1.0,220,0.5492857142857143
T250_OUTER_04,University of Southern Denmark / Russian Academy of Sciences study,1.0,221,0.4238095238095238
T250_OUTER_04,University of Southern Denmark / Russian Academy of Sciences study,1.0,222,0.33809523809523817
T250_OUTER_04,University of Southern Denmark / Russian Academy of Sciences study,1.0,223,0.6961904761904761
T250_OUTER_04,University of Southern Denmark / Russian Academy of Sciences study,1.0,224,0.2761904761904761
T250_OUTER_04,University of Southern Denmark / Russian Academy of Sciences study,1.0,225,0.6383333333333334
T250_OUTER_04,University of Southern Denmark / Russian Academy of Sciences study,1.0,226,-0.3830952380952382
T250_OUTER_04,University of Southern Denmark / Russian Academy of Sciences study,1.0,227,0.825952380952381
T250_OUTER_04,University of Southern Denmark / Russian Academy of Sciences study,1.0,228,0.4371428571428571
T250_OUTER_04,University of Southern Denmark / Russian Academy of Sciences study,1.0,229,0.6397619047619046
T250_OUTER_04,University of Southern Denmark / Russian Academy of Sciences study,1.0,230,0.13738095238095235
T250_OUTER_04,University of Southern Denmark / Russian Academy of Sciences study,1.0,231,0.5278571428571428
T250_OUTER_04,University of Southern Denmark / Russian Academy of Sciences study,1.0,232,0.6633333333333333
T250_OUTER_04,University of Southern Denmark / Russian Academy of Sciences study,1.0,233,0.5883333333333333
T250_OUTER_04,University of Southern Denmark / Russian Academy of Sciences study,1.0,234,0.32595238095238094
T250_OUTER_04,University of Southern Denmark / Russian Academy of Sciences study,1.0,235,0.388095238095238
T250_OUTER_04,University of Southern Denmark / Russian Academy of Sciences study,1.0,236,0.5114285714285715
T250_OUTER_04,University of Southern Denmark / Russian Academy of Sciences study,1.0,237,0.0016666666666666737
T250_OUTER_04,University of Southern Denmark / Russian Academy of Sciences study,1.0,238,0.49761904761904757
T250_OUTER_04,University of Southern Denmark / Russian Academy of Sciences study,1.0,239,0.5990476190476189
T250_OUTER_04,University of Southern Denmark / Russian Academy of Sciences study,1.0,240,-0.1145238095238095
T250_OUTER_04,University of Southern Denmark / Russian Academy of Sciences study,1.0,241,0.11452380952380951
T250_OUTER_04,University of Southern Denmark / Russian Academy of Sciences study,1.0,242,0.7292857142857143
T250_OUTER_04,University of Southern Denmark / Russian Academy of Sciences study,1.0,243,-0.4442857142857143
T250_OUTER_04,University of Southern Denmark / Russian Academy of Sciences study,1.0,244,0.641904761904762
T250_OUTER_04,University of Southern Denmark / Russian Academy of Sciences study,1.0,245,-0.08880952380952384
T250_OUTER_04,University of Southern Denmark / Russian Academy of Sciences study,1.0,246,0.7390476190476193
T250_OUTER_04,University of Southern Denmark / Russian Academy of Sciences study,1.0,247,0.7578571428571428
T250_OUTER_04,University of Southern Denmark / Russian Academy of Sciences study,1.0,248,0.635
T250_OUTER_04,University of Southern Denmark / Russian Academy of Sciences study,1.0,249,0.4528571428571428
T250_OUTER_04,University of Southern Denmark / Russian Academy of Sciences study,1.0,250,0.33190476190476187
T250_OUTER_04,University of Southern Denmark / Russian Academy of Sciences study,1.0,251,0.7852380952380952
T250_OUTER_04,University of Southern Denmark / Russian Academy of Sciences study,1.0,252,0.469047619047619
T250_OUTER_04,University of Southern Denmark / Russian Academy of Sciences study,1.0,253,0.7433333333333333
T250_OUTER_04,University of Southern Denmark / Russian Academy of Sciences study,1.0,254,0.31880952380952376
T250_OUTER_04,University of Southern Denmark / Russian Academy of Sciences study,1.0,255,0.5333333333333333
T250_OUTER_04,University of Southern Denmark / Russian Academy of Sciences study,1.0,256,0.22499999999999995
