outer_fold_id,held_out_source_id,model_id,measurement_batch_id,protein_count,spearman,mae,rmse,spearman_status
T197_OUTER_01,EDINBURGH_DS7545_HUMAN_PLASMA_NANOOMICS,CONSTANT_TRAINING_MEAN,R4_EDINBURGH_SGO_20210324_6pm_KostarelosK_OkweloguE_EO10,8,,0.3194444444444444,0.3493377027399073,UNDEFINED_CONSTANT_PREDICTION
T197_OUTER_01,EDINBURGH_DS7545_HUMAN_PLASMA_NANOOMICS,CONSTANT_TRAINING_MEAN,R4_EDINBURGH_SGO_20210324_6pm_KostarelosK_OkweloguE_EO103,8,,0.2958356572216293,0.3362863915770919,UNDEFINED_CONSTANT_PREDICTION
T197_OUTER_01,EDINBURGH_DS7545_HUMAN_PLASMA_NANOOMICS,CONSTANT_TRAINING_MEAN,R4_EDINBURGH_SGO_20210324_6pm_KostarelosK_OkweloguE_EO105,8,,0.28194676833274046,0.3369725022663741,UNDEFINED_CONSTANT_PREDICTION
T197_OUTER_01,EDINBURGH_DS7545_HUMAN_PLASMA_NANOOMICS,CONSTANT_TRAINING_MEAN,R4_EDINBURGH_SGO_20210324_6pm_KostarelosK_OkweloguE_EO107,8,,0.29306020333214755,0.3328278351785695,UNDEFINED_CONSTANT_PREDICTION
T197_OUTER_01,EDINBURGH_DS7545_HUMAN_PLASMA_NANOOMICS,CONSTANT_TRAINING_MEAN,R4_EDINBURGH_SGO_20210324_6pm_KostarelosK_OkweloguE_EO113,8,,0.30000464777659197,0.3316656711311178,UNDEFINED_CONSTANT_PREDICTION
T197_OUTER_01,EDINBURGH_DS7545_HUMAN_PLASMA_NANOOMICS,CONSTANT_TRAINING_MEAN,R4_EDINBURGH_SGO_20210324_6pm_KostarelosK_OkweloguE_EO116,7,,0.2396398381502441,0.28453072888849845,UNDEFINED_CONSTANT_PREDICTION
T197_OUTER_01,EDINBURGH_DS7545_HUMAN_PLASMA_NANOOMICS,CONSTANT_TRAINING_MEAN,R4_EDINBURGH_SGO_20210324_6pm_KostarelosK_OkweloguE_EO12,7,,0.30957182280078166,0.33248890902474265,UNDEFINED_CONSTANT_PREDICTION
T197_OUTER_01,EDINBURGH_DS7545_HUMAN_PLASMA_NANOOMICS,CONSTANT_TRAINING_MEAN,R4_EDINBURGH_SGO_20210324_6pm_KostarelosK_OkweloguE_EO16,7,,0.23394157069994131,0.2827581282172862,UNDEFINED_CONSTANT_PREDICTION
T197_OUTER_01,EDINBURGH_DS7545_HUMAN_PLASMA_NANOOMICS,CONSTANT_TRAINING_MEAN,R4_EDINBURGH_SGO_20210324_6pm_KostarelosK_OkweloguE_EO21,8,,0.33333333333333337,0.3519778745853736,UNDEFINED_CONSTANT_PREDICTION
T197_OUTER_01,EDINBURGH_DS7545_HUMAN_PLASMA_NANOOMICS,CONSTANT_TRAINING_MEAN,R4_EDINBURGH_SGO_20210324_6pm_KostarelosK_OkweloguE_EO24,8,,0.2964846042162792,0.3410059535319005,UNDEFINED_CONSTANT_PREDICTION
T197_OUTER_01,EDINBURGH_DS7545_HUMAN_PLASMA_NANOOMICS,CONSTANT_TRAINING_MEAN,R4_EDINBURGH_SGO_20210324_6pm_KostarelosK_OkweloguE_EO31,8,,0.3194444444444444,0.34600869315781796,UNDEFINED_CONSTANT_PREDICTION
T197_OUTER_01,EDINBURGH_DS7545_HUMAN_PLASMA_NANOOMICS,CONSTANT_TRAINING_MEAN,R4_EDINBURGH_SGO_20210324_6pm_KostarelosK_OkweloguE_EO34,8,,0.2513935366654809,0.30067085768334784,UNDEFINED_CONSTANT_PREDICTION
T197_OUTER_01,EDINBURGH_DS7545_HUMAN_PLASMA_NANOOMICS,CONSTANT_TRAINING_MEAN,R4_EDINBURGH_SGO_20210324_6pm_KostarelosK_OkweloguE_EO4,8,,0.33055787944385157,0.3686819292683212,UNDEFINED_CONSTANT_PREDICTION
T197_OUTER_01,EDINBURGH_DS7545_HUMAN_PLASMA_NANOOMICS,CONSTANT_TRAINING_MEAN,R4_EDINBURGH_SGO_20210324_6pm_KostarelosK_OkweloguE_EO43,7,,0.24804319949478196,0.2964139083178672,UNDEFINED_CONSTANT_PREDICTION
T197_OUTER_01,EDINBURGH_DS7545_HUMAN_PLASMA_NANOOMICS,CONSTANT_TRAINING_MEAN,R4_EDINBURGH_SGO_20210324_6pm_KostarelosK_OkweloguE_EO52,8,,0.27467785039097103,0.3224667950821992,UNDEFINED_CONSTANT_PREDICTION
T197_OUTER_01,EDINBURGH_DS7545_HUMAN_PLASMA_NANOOMICS,CONSTANT_TRAINING_MEAN,R4_EDINBURGH_SGO_20210324_6pm_KostarelosK_OkweloguE_EO64,8,,0.2770448075484267,0.3174950265217776,UNDEFINED_CONSTANT_PREDICTION
T197_OUTER_01,EDINBURGH_DS7545_HUMAN_PLASMA_NANOOMICS,CONSTANT_TRAINING_MEAN,R4_EDINBURGH_SGO_20210324_6pm_KostarelosK_OkweloguE_EO66,8,,0.2472245461105182,0.3082735705338192,UNDEFINED_CONSTANT_PREDICTION
T197_OUTER_01,EDINBURGH_DS7545_HUMAN_PLASMA_NANOOMICS,CONSTANT_TRAINING_MEAN,R4_EDINBURGH_SGO_20210324_6pm_KostarelosK_OkweloguE_EO73,8,,0.30278010166607383,0.3346758176678514,UNDEFINED_CONSTANT_PREDICTION
T197_OUTER_01,EDINBURGH_DS7545_HUMAN_PLASMA_NANOOMICS,CONSTANT_TRAINING_MEAN,R4_EDINBURGH_SGO_20210324_6pm_KostarelosK_OkweloguE_EO83,8,,0.3097245461105182,0.34129466686350707,UNDEFINED_CONSTANT_PREDICTION
T197_OUTER_01,EDINBURGH_DS7545_HUMAN_PLASMA_NANOOMICS,CONSTANT_TRAINING_MEAN,R4_EDINBURGH_SGO_20210324_6pm_KostarelosK_OkweloguE_EO88,7,,0.2732532835283954,0.30570868047834565,UNDEFINED_CONSTANT_PREDICTION
T197_OUTER_01,EDINBURGH_DS7545_HUMAN_PLASMA_NANOOMICS,CONSTANT_TRAINING_MEAN,R4_EDINBURGH_SGO_20210324_6pm_KostarelosK_OkweloguE_EO94,8,,0.30087270333214755,0.3209727408693612,UNDEFINED_CONSTANT_PREDICTION
T197_OUTER_01,EDINBURGH_DS7545_HUMAN_PLASMA_NANOOMICS,CONSTANT_TRAINING_MEAN,R4_EDINBURGH_SGO_20210324_6pm_KostarelosK_OkweloguE_EO96,8,,0.28194676833274046,0.3309666089412664,UNDEFINED_CONSTANT_PREDICTION
T197_OUTER_01,EDINBURGH_DS7545_HUMAN_PLASMA_NANOOMICS,CONSTANT_TRAINING_MEAN,R4_EDINBURGH_SGO_20210324_6pm_KostarelosK_OkweloguE_EO97,8,,0.3236134349994071,0.3471237700419058,UNDEFINED_CONSTANT_PREDICTION
T197_OUTER_01,EDINBURGH_DS7545_HUMAN_PLASMA_NANOOMICS,CONSTANT_TRAINING_MEAN,R4_EDINBURGH_USGO_20210324_6pm_KostarelosK_OkweloguE_EO106,9,,0.23148664567769484,0.278405627398031,UNDEFINED_CONSTANT_PREDICTION
T197_OUTER_01,EDINBURGH_DS7545_HUMAN_PLASMA_NANOOMICS,CONSTANT_TRAINING_MEAN,R4_EDINBURGH_USGO_20210324_6pm_KostarelosK_OkweloguE_EO11,9,,0.27930577617907376,0.33643003233921875,UNDEFINED_CONSTANT_PREDICTION
T197_OUTER_01,EDINBURGH_DS7545_HUMAN_PLASMA_NANOOMICS,CONSTANT_TRAINING_MEAN,R4_EDINBURGH_USGO_20210324_6pm_KostarelosK_OkweloguE_EO111,9,,0.23765948518386765,0.28061428336426797,UNDEFINED_CONSTANT_PREDICTION
T197_OUTER_01,EDINBURGH_DS7545_HUMAN_PLASMA_NANOOMICS,CONSTANT_TRAINING_MEAN,R4_EDINBURGH_USGO_20210324_6pm_KostarelosK_OkweloguE_EO112,9,,0.2561780037023862,0.2886552443770939,UNDEFINED_CONSTANT_PREDICTION
T197_OUTER_01,EDINBURGH_DS7545_HUMAN_PLASMA_NANOOMICS,CONSTANT_TRAINING_MEAN,R4_EDINBURGH_USGO_20210324_6pm_KostarelosK_OkweloguE_EO115,9,,0.25312200689979425,0.29251960072831107,UNDEFINED_CONSTANT_PREDICTION
T197_OUTER_01,EDINBURGH_DS7545_HUMAN_PLASMA_NANOOMICS,CONSTANT_TRAINING_MEAN,R4_EDINBURGH_USGO_20210324_6pm_KostarelosK_OkweloguE_EO120,9,,0.2823617729816656,0.32333458990589165,UNDEFINED_CONSTANT_PREDICTION
T197_OUTER_01,EDINBURGH_DS7545_HUMAN_PLASMA_NANOOMICS,CONSTANT_TRAINING_MEAN,R4_EDINBURGH_USGO_20210324_6pm_KostarelosK_OkweloguE_EO121,9,,0.22160803678933297,0.2815874042534802,UNDEFINED_CONSTANT_PREDICTION
T197_OUTER_01,EDINBURGH_DS7545_HUMAN_PLASMA_NANOOMICS,CONSTANT_TRAINING_MEAN,R4_EDINBURGH_USGO_20210324_6pm_KostarelosK_OkweloguE_EO125,9,,0.2746965222209047,0.3245854494128559,UNDEFINED_CONSTANT_PREDICTION
T197_OUTER_01,EDINBURGH_DS7545_HUMAN_PLASMA_NANOOMICS,CONSTANT_TRAINING_MEAN,R4_EDINBURGH_USGO_20210324_6pm_KostarelosK_OkweloguE_EO126,9,,0.2971136762170061,0.33106328311013544,UNDEFINED_CONSTANT_PREDICTION
T197_OUTER_01,EDINBURGH_DS7545_HUMAN_PLASMA_NANOOMICS,CONSTANT_TRAINING_MEAN,R4_EDINBURGH_USGO_20210324_6pm_KostarelosK_OkweloguE_EO13,8,,0.23472919388711022,0.280768280187677,UNDEFINED_CONSTANT_PREDICTION
T197_OUTER_01,EDINBURGH_DS7545_HUMAN_PLASMA_NANOOMICS,CONSTANT_TRAINING_MEAN,R4_EDINBURGH_USGO_20210324_6pm_KostarelosK_OkweloguE_EO26,8,,0.2888912127771849,0.31126224944845277,UNDEFINED_CONSTANT_PREDICTION
T197_OUTER_01,EDINBURGH_DS7545_HUMAN_PLASMA_NANOOMICS,CONSTANT_TRAINING_MEAN,R4_EDINBURGH_USGO_20210324_6pm_KostarelosK_OkweloguE_EO36,8,,0.26528242555436976,0.3032284049782219,UNDEFINED_CONSTANT_PREDICTION
T197_OUTER_01,EDINBURGH_DS7545_HUMAN_PLASMA_NANOOMICS,CONSTANT_TRAINING_MEAN,R4_EDINBURGH_USGO_20210324_6pm_KostarelosK_OkweloguE_EO40,8,,0.28194676833274046,0.3342138142591061,UNDEFINED_CONSTANT_PREDICTION
T197_OUTER_01,EDINBURGH_DS7545_HUMAN_PLASMA_NANOOMICS,CONSTANT_TRAINING_MEAN,R4_EDINBURGH_USGO_20210324_6pm_KostarelosK_OkweloguE_EO42,8,,0.3444467683327404,0.3728441828996368,UNDEFINED_CONSTANT_PREDICTION
T197_OUTER_01,EDINBURGH_DS7545_HUMAN_PLASMA_NANOOMICS,CONSTANT_TRAINING_MEAN,R4_EDINBURGH_USGO_20210324_6pm_KostarelosK_OkweloguE_EO44,8,,0.2526190268615593,0.29882064722387747,UNDEFINED_CONSTANT_PREDICTION
T197_OUTER_01,EDINBURGH_DS7545_HUMAN_PLASMA_NANOOMICS,CONSTANT_TRAINING_MEAN,R4_EDINBURGH_USGO_20210324_6pm_KostarelosK_OkweloguE_EO5,9,,0.2793057761790737,0.3238225138709778,UNDEFINED_CONSTANT_PREDICTION
T197_OUTER_01,EDINBURGH_DS7545_HUMAN_PLASMA_NANOOMICS,CONSTANT_TRAINING_MEAN,R4_EDINBURGH_USGO_20210324_6pm_KostarelosK_OkweloguE_EO50,9,,0.2910016826118223,0.3341974299580024,UNDEFINED_CONSTANT_PREDICTION
T197_OUTER_01,EDINBURGH_DS7545_HUMAN_PLASMA_NANOOMICS,CONSTANT_TRAINING_MEAN,R4_EDINBURGH_USGO_20210324_6pm_KostarelosK_OkweloguE_EO53,8,,0.2680578794438515,0.29887057647215304,UNDEFINED_CONSTANT_PREDICTION
T197_OUTER_01,EDINBURGH_DS7545_HUMAN_PLASMA_NANOOMICS,CONSTANT_TRAINING_MEAN,R4_EDINBURGH_USGO_20210324_6pm_KostarelosK_OkweloguE_EO60,8,,0.26250697166488796,0.2967997412714593,UNDEFINED_CONSTANT_PREDICTION
T197_OUTER_01,EDINBURGH_DS7545_HUMAN_PLASMA_NANOOMICS,CONSTANT_TRAINING_MEAN,R4_EDINBURGH_USGO_20210324_6pm_KostarelosK_OkweloguE_EO62,9,,0.2442180568808281,0.2833613365103746,UNDEFINED_CONSTANT_PREDICTION
T197_OUTER_01,EDINBURGH_DS7545_HUMAN_PLASMA_NANOOMICS,CONSTANT_TRAINING_MEAN,R4_EDINBURGH_USGO_20210324_6pm_KostarelosK_OkweloguE_EO69,9,,0.24012655530785146,0.28689657223714393,UNDEFINED_CONSTANT_PREDICTION
T197_OUTER_01,EDINBURGH_DS7545_HUMAN_PLASMA_NANOOMICS,CONSTANT_TRAINING_MEAN,R4_EDINBURGH_USGO_20210324_6pm_KostarelosK_OkweloguE_EO76,9,,0.2987643992595228,0.3330560600680166,UNDEFINED_CONSTANT_PREDICTION
T197_OUTER_01,EDINBURGH_DS7545_HUMAN_PLASMA_NANOOMICS,CONSTANT_TRAINING_MEAN,R4_EDINBURGH_USGO_20210324_6pm_KostarelosK_OkweloguE_EO77,8,,0.2486180827759991,0.2891630927287423,UNDEFINED_CONSTANT_PREDICTION
T197_OUTER_01,EDINBURGH_DS7545_HUMAN_PLASMA_NANOOMICS,CONSTANT_TRAINING_MEAN,R4_EDINBURGH_USGO_20210324_6pm_KostarelosK_OkweloguE_EO79,9,,0.2648179133325428,0.2888051487948219,UNDEFINED_CONSTANT_PREDICTION
T197_OUTER_01,EDINBURGH_DS7545_HUMAN_PLASMA_NANOOMICS,CONSTANT_TRAINING_MEAN,R4_EDINBURGH_USGO_20210324_6pm_KostarelosK_OkweloguE_EO86,9,,0.2940576794144142,0.3279325326466997,UNDEFINED_CONSTANT_PREDICTION
T197_OUTER_01,EDINBURGH_DS7545_HUMAN_PLASMA_NANOOMICS,CONSTANT_TRAINING_MEAN,R4_EDINBURGH_USGO_20210324_6pm_KostarelosK_OkweloguE_EO87,9,,0.26455387294373334,0.3167579090457438,UNDEFINED_CONSTANT_PREDICTION
T197_OUTER_01,EDINBURGH_DS7545_HUMAN_PLASMA_NANOOMICS,SEQUENCE_RIDGE_FULL,R4_EDINBURGH_SGO_20210324_6pm_KostarelosK_OkweloguE_EO10,8,0.35714285714285715,0.34797959398147604,0.3900218660488525,DEFINED
T197_OUTER_01,EDINBURGH_DS7545_HUMAN_PLASMA_NANOOMICS,SEQUENCE_RIDGE_FULL,R4_EDINBURGH_SGO_20210324_6pm_KostarelosK_OkweloguE_EO103,8,0.40476190476190477,0.36210382113931283,0.3974002954872103,DEFINED
T197_OUTER_01,EDINBURGH_DS7545_HUMAN_PLASMA_NANOOMICS,SEQUENCE_RIDGE_FULL,R4_EDINBURGH_SGO_20210324_6pm_KostarelosK_OkweloguE_EO105,8,0.5,0.29265937669486836,0.34935377387386524,DEFINED
T197_OUTER_01,EDINBURGH_DS7545_HUMAN_PLASMA_NANOOMICS,SEQUENCE_RIDGE_FULL,R4_EDINBURGH_SGO_20210324_6pm_KostarelosK_OkweloguE_EO107,8,0.47619047619047616,0.36904826558375725,0.3989533728409315,DEFINED
T197_OUTER_01,EDINBURGH_DS7545_HUMAN_PLASMA_NANOOMICS,SEQUENCE_RIDGE_FULL,R4_EDINBURGH_SGO_20210324_6pm_KostarelosK_OkweloguE_EO113,8,0.4523809523809524,0.30654826558375725,0.35691051345487673,DEFINED
T197_OUTER_01,EDINBURGH_DS7545_HUMAN_PLASMA_NANOOMICS,SEQUENCE_RIDGE_FULL,R4_EDINBURGH_SGO_20210324_6pm_KostarelosK_OkweloguE_EO116,7,0.17857142857142858,0.365829645418025,0.39021591975994296,DEFINED
T197_OUTER_01,EDINBURGH_DS7545_HUMAN_PLASMA_NANOOMICS,SEQUENCE_RIDGE_FULL,R4_EDINBURGH_SGO_20210324_6pm_KostarelosK_OkweloguE_EO12,7,0.2857142857142857,0.35809103286789223,0.404840419921133,DEFINED
T197_OUTER_01,EDINBURGH_DS7545_HUMAN_PLASMA_NANOOMICS,SEQUENCE_RIDGE_FULL,R4_EDINBURGH_SGO_20210324_6pm_KostarelosK_OkweloguE_EO16,7,0.39285714285714285,0.3070061160062602,0.3712714877702578,DEFINED
T197_OUTER_01,EDINBURGH_DS7545_HUMAN_PLASMA_NANOOMICS,SEQUENCE_RIDGE_FULL,R4_EDINBURGH_SGO_20210324_6pm_KostarelosK_OkweloguE_EO21,8,0.19047619047619047,0.32478083030972726,0.4168859771025969,DEFINED
T197_OUTER_01,EDINBURGH_DS7545_HUMAN_PLASMA_NANOOMICS,SEQUENCE_RIDGE_FULL,R4_EDINBURGH_SGO_20210324_6pm_KostarelosK_OkweloguE_EO24,8,0.3333333333333333,0.29251465159496215,0.35731222213935226,DEFINED
T197_OUTER_01,EDINBURGH_DS7545_HUMAN_PLASMA_NANOOMICS,SEQUENCE_RIDGE_FULL,R4_EDINBURGH_SGO_20210324_6pm_KostarelosK_OkweloguE_EO31,8,0.07142857142857142,0.36849504375182485,0.4214410845087541,DEFINED
T197_OUTER_01,EDINBURGH_DS7545_HUMAN_PLASMA_NANOOMICS,SEQUENCE_RIDGE_FULL,R4_EDINBURGH_SGO_20210324_6pm_KostarelosK_OkweloguE_EO34,8,0.2619047619047619,0.23960390060629502,0.31930644884252607,DEFINED
T197_OUTER_01,EDINBURGH_DS7545_HUMAN_PLASMA_NANOOMICS,SEQUENCE_RIDGE_FULL,R4_EDINBURGH_SGO_20210324_6pm_KostarelosK_OkweloguE_EO4,8,0.35714285714285715,0.35492403842592046,0.38618007487598177,DEFINED
T197_OUTER_01,EDINBURGH_DS7545_HUMAN_PLASMA_NANOOMICS,SEQUENCE_RIDGE_FULL,R4_EDINBURGH_SGO_20210324_6pm_KostarelosK_OkweloguE_EO43,7,0.17857142857142858,0.3070061160062603,0.37784666364036856,DEFINED
T197_OUTER_01,EDINBURGH_DS7545_HUMAN_PLASMA_NANOOMICS,SEQUENCE_RIDGE_FULL,R4_EDINBURGH_SGO_20210324_6pm_KostarelosK_OkweloguE_EO52,8,0.40476190476190477,0.34903192571447617,0.37811148358426677,DEFINED
T197_OUTER_01,EDINBURGH_DS7545_HUMAN_PLASMA_NANOOMICS,SEQUENCE_RIDGE_FULL,R4_EDINBURGH_SGO_20210324_6pm_KostarelosK_OkweloguE_EO64,8,0.35714285714285715,0.3128488750272277,0.36951601710642734,DEFINED
T197_OUTER_01,EDINBURGH_DS7545_HUMAN_PLASMA_NANOOMICS,SEQUENCE_RIDGE_FULL,R4_EDINBURGH_SGO_20210324_6pm_KostarelosK_OkweloguE_EO66,8,0.5,0.31349271002820167,0.36265074167913225,DEFINED
T197_OUTER_01,EDINBURGH_DS7545_HUMAN_PLASMA_NANOOMICS,SEQUENCE_RIDGE_FULL,R4_EDINBURGH_SGO_20210324_6pm_KostarelosK_OkweloguE_EO73,8,0.4523809523809524,0.2993684828703649,0.3479938284619562,DEFINED
T197_OUTER_01,EDINBURGH_DS7545_HUMAN_PLASMA_NANOOMICS,SEQUENCE_RIDGE_FULL,R4_EDINBURGH_SGO_20210324_6pm_KostarelosK_OkweloguE_EO83,8,0.4523809523809524,0.2785351495370316,0.31513641426344247,DEFINED
T197_OUTER_01,EDINBURGH_DS7545_HUMAN_PLASMA_NANOOMICS,SEQUENCE_RIDGE_FULL,R4_EDINBURGH_SGO_20210324_6pm_KostarelosK_OkweloguE_EO88,7,0.10714285714285714,0.3826363681071006,0.4395378785493888,DEFINED
T197_OUTER_01,EDINBURGH_DS7545_HUMAN_PLASMA_NANOOMICS,SEQUENCE_RIDGE_FULL,R4_EDINBURGH_SGO_20210324_6pm_KostarelosK_OkweloguE_EO94,8,0.5714285714285714,0.31088854336153504,0.35046251182079224,DEFINED
T197_OUTER_01,EDINBURGH_DS7545_HUMAN_PLASMA_NANOOMICS,SEQUENCE_RIDGE_FULL,R4_EDINBURGH_SGO_20210324_6pm_KostarelosK_OkweloguE_EO96,8,0.4523809523809524,0.32043715447264615,0.3735997273799301,DEFINED
T197_OUTER_01,EDINBURGH_DS7545_HUMAN_PLASMA_NANOOMICS,SEQUENCE_RIDGE_FULL,R4_EDINBURGH_SGO_20210324_6pm_KostarelosK_OkweloguE_EO97,8,0.38095238095238093,0.3482149322504239,0.41036341096021123,DEFINED
T197_OUTER_01,EDINBURGH_DS7545_HUMAN_PLASMA_NANOOMICS,SEQUENCE_RIDGE_FULL,R4_EDINBURGH_USGO_20210324_6pm_KostarelosK_OkweloguE_EO106,9,0.7,0.2881405922365398,0.3189798706144408,DEFINED
T197_OUTER_01,EDINBURGH_DS7545_HUMAN_PLASMA_NANOOMICS,SEQUENCE_RIDGE_FULL,R4_EDINBURGH_USGO_20210324_6pm_KostarelosK_OkweloguE_EO11,9,0.25,0.31457207842762447,0.385730237565483,DEFINED
T197_OUTER_01,EDINBURGH_DS7545_HUMAN_PLASMA_NANOOMICS,SEQUENCE_RIDGE_FULL,R4_EDINBURGH_USGO_20210324_6pm_KostarelosK_OkweloguE_EO111,9,0.6666666666666666,0.2572763947056756,0.31462467456243653,DEFINED
T197_OUTER_01,EDINBURGH_DS7545_HUMAN_PLASMA_NANOOMICS,SEQUENCE_RIDGE_FULL,R4_EDINBURGH_USGO_20210324_6pm_KostarelosK_OkweloguE_EO112,9,0.5,0.26124619864219145,0.3398987473587349,DEFINED
T197_OUTER_01,EDINBURGH_DS7545_HUMAN_PLASMA_NANOOMICS,SEQUENCE_RIDGE_FULL,R4_EDINBURGH_USGO_20210324_6pm_KostarelosK_OkweloguE_EO115,9,0.3,0.2861912744977484,0.35057879329609765,DEFINED
T197_OUTER_01,EDINBURGH_DS7545_HUMAN_PLASMA_NANOOMICS,SEQUENCE_RIDGE_FULL,R4_EDINBURGH_USGO_20210324_6pm_KostarelosK_OkweloguE_EO120,9,0.55,0.29203922771412266,0.3737226451095645,DEFINED
T197_OUTER_01,EDINBURGH_DS7545_HUMAN_PLASMA_NANOOMICS,SEQUENCE_RIDGE_FULL,R4_EDINBURGH_USGO_20210324_6pm_KostarelosK_OkweloguE_EO121,9,0.31666666666666665,0.281967752730367,0.33270562810915416,DEFINED
T197_OUTER_01,EDINBURGH_DS7545_HUMAN_PLASMA_NANOOMICS,SEQUENCE_RIDGE_FULL,R4_EDINBURGH_USGO_20210324_6pm_KostarelosK_OkweloguE_EO125,9,0.8333333333333334,0.281967752730367,0.3145868813846305,DEFINED
T197_OUTER_01,EDINBURGH_DS7545_HUMAN_PLASMA_NANOOMICS,SEQUENCE_RIDGE_FULL,R4_EDINBURGH_USGO_20210324_6pm_KostarelosK_OkweloguE_EO126,9,0.43333333333333335,0.3446708066614911,0.3716642351016127,DEFINED
T197_OUTER_01,EDINBURGH_DS7545_HUMAN_PLASMA_NANOOMICS,SEQUENCE_RIDGE_FULL,R4_EDINBURGH_USGO_20210324_6pm_KostarelosK_OkweloguE_EO13,8,0.5,0.3082990757172396,0.35576613581638433,DEFINED
T197_OUTER_01,EDINBURGH_DS7545_HUMAN_PLASMA_NANOOMICS,SEQUENCE_RIDGE_FULL,R4_EDINBURGH_USGO_20210324_6pm_KostarelosK_OkweloguE_EO26,8,0.11904761904761904,0.3141927191872737,0.3722791922007022,DEFINED
T197_OUTER_01,EDINBURGH_DS7545_HUMAN_PLASMA_NANOOMICS,SEQUENCE_RIDGE_FULL,R4_EDINBURGH_USGO_20210324_6pm_KostarelosK_OkweloguE_EO36,8,0.40476190476190477,0.24579907571723958,0.33666071672686704,DEFINED
T197_OUTER_01,EDINBURGH_DS7545_HUMAN_PLASMA_NANOOMICS,SEQUENCE_RIDGE_FULL,R4_EDINBURGH_USGO_20210324_6pm_KostarelosK_OkweloguE_EO40,8,0.3333333333333333,0.28028595967051395,0.35773007301842835,DEFINED
T197_OUTER_01,EDINBURGH_DS7545_HUMAN_PLASMA_NANOOMICS,SEQUENCE_RIDGE_FULL,R4_EDINBURGH_USGO_20210324_6pm_KostarelosK_OkweloguE_EO42,8,0.42857142857142855,0.2726578579890716,0.3461260258480241,DEFINED
T197_OUTER_01,EDINBURGH_DS7545_HUMAN_PLASMA_NANOOMICS,SEQUENCE_RIDGE_FULL,R4_EDINBURGH_USGO_20210324_6pm_KostarelosK_OkweloguE_EO44,8,0.7380952380952381,0.21679580774338336,0.27670548761512065,DEFINED
T197_OUTER_01,EDINBURGH_DS7545_HUMAN_PLASMA_NANOOMICS,SEQUENCE_RIDGE_FULL,R4_EDINBURGH_USGO_20210324_6pm_KostarelosK_OkweloguE_EO5,9,0.5833333333333334,0.2677884526966304,0.3056698467993275,DEFINED
T197_OUTER_01,EDINBURGH_DS7545_HUMAN_PLASMA_NANOOMICS,SEQUENCE_RIDGE_FULL,R4_EDINBURGH_USGO_20210324_6pm_KostarelosK_OkweloguE_EO50,9,0.26666666666666666,0.32626798486037306,0.3820381173129869,DEFINED
T197_OUTER_01,EDINBURGH_DS7545_HUMAN_PLASMA_NANOOMICS,SEQUENCE_RIDGE_FULL,R4_EDINBURGH_USGO_20210324_6pm_KostarelosK_OkweloguE_EO53,8,0.5238095238095238,0.24530149657476166,0.3015242643074304,DEFINED
T197_OUTER_01,EDINBURGH_DS7545_HUMAN_PLASMA_NANOOMICS,SEQUENCE_RIDGE_FULL,R4_EDINBURGH_USGO_20210324_6pm_KostarelosK_OkweloguE_EO60,8,0.42857142857142855,0.29441018682835063,0.3503656177654452,DEFINED
T197_OUTER_01,EDINBURGH_DS7545_HUMAN_PLASMA_NANOOMICS,SEQUENCE_RIDGE_FULL,R4_EDINBURGH_USGO_20210324_6pm_KostarelosK_OkweloguE_EO62,9,0.08333333333333333,0.2825856083675881,0.3611651756655546,DEFINED
T197_OUTER_01,EDINBURGH_DS7545_HUMAN_PLASMA_NANOOMICS,SEQUENCE_RIDGE_FULL,R4_EDINBURGH_USGO_20210324_6pm_KostarelosK_OkweloguE_EO69,9,0.5333333333333333,0.28814059223653987,0.3202045706463683,DEFINED
T197_OUTER_01,EDINBURGH_DS7545_HUMAN_PLASMA_NANOOMICS,SEQUENCE_RIDGE_FULL,R4_EDINBURGH_USGO_20210324_6pm_KostarelosK_OkweloguE_EO76,9,0.3333333333333333,0.31423344294444583,0.3417885400892892,DEFINED
T197_OUTER_01,EDINBURGH_DS7545_HUMAN_PLASMA_NANOOMICS,SEQUENCE_RIDGE_FULL,R4_EDINBURGH_USGO_20210324_6pm_KostarelosK_OkweloguE_EO77,8,0.5,0.3082990757172396,0.3617889137958183,DEFINED
T197_OUTER_01,EDINBURGH_DS7545_HUMAN_PLASMA_NANOOMICS,SEQUENCE_RIDGE_FULL,R4_EDINBURGH_USGO_20210324_6pm_KostarelosK_OkweloguE_EO79,9,0.45,0.33402072755707124,0.38264301625583985,DEFINED
T197_OUTER_01,EDINBURGH_DS7545_HUMAN_PLASMA_NANOOMICS,SEQUENCE_RIDGE_FULL,R4_EDINBURGH_USGO_20210324_6pm_KostarelosK_OkweloguE_EO86,9,0.4166666666666667,0.32042003164399874,0.3542508764150774,DEFINED
T197_OUTER_01,EDINBURGH_DS7545_HUMAN_PLASMA_NANOOMICS,SEQUENCE_RIDGE_FULL,R4_EDINBURGH_USGO_20210324_6pm_KostarelosK_OkweloguE_EO87,9,0.6833333333333333,0.21726359092640773,0.2513193744187038,DEFINED
T197_OUTER_01,EDINBURGH_DS7545_HUMAN_PLASMA_NANOOMICS,SEQUENCE_RIDGE_COMPOSITION_ONLY,R4_EDINBURGH_SGO_20210324_6pm_KostarelosK_OkweloguE_EO10,8,0.35714285714285715,0.3481226092238402,0.3901258122559023,DEFINED
T197_OUTER_01,EDINBURGH_DS7545_HUMAN_PLASMA_NANOOMICS,SEQUENCE_RIDGE_COMPOSITION_ONLY,R4_EDINBURGH_SGO_20210324_6pm_KostarelosK_OkweloguE_EO103,8,0.40476190476190477,0.3622355431706942,0.3975028121789824,DEFINED
T197_OUTER_01,EDINBURGH_DS7545_HUMAN_PLASMA_NANOOMICS,SEQUENCE_RIDGE_COMPOSITION_ONLY,R4_EDINBURGH_SGO_20210324_6pm_KostarelosK_OkweloguE_EO105,8,0.5,0.29279109872624975,0.349455598045095,DEFINED
T197_OUTER_01,EDINBURGH_DS7545_HUMAN_PLASMA_NANOOMICS,SEQUENCE_RIDGE_COMPOSITION_ONLY,R4_EDINBURGH_SGO_20210324_6pm_KostarelosK_OkweloguE_EO107,8,0.47619047619047616,0.36917998761513865,0.3990456314021197,DEFINED
T197_OUTER_01,EDINBURGH_DS7545_HUMAN_PLASMA_NANOOMICS,SEQUENCE_RIDGE_COMPOSITION_ONLY,R4_EDINBURGH_SGO_20210324_6pm_KostarelosK_OkweloguE_EO113,8,0.4523809523809524,0.30667998761513865,0.3570075471338111,DEFINED
T197_OUTER_01,EDINBURGH_DS7545_HUMAN_PLASMA_NANOOMICS,SEQUENCE_RIDGE_COMPOSITION_ONLY,R4_EDINBURGH_SGO_20210324_6pm_KostarelosK_OkweloguE_EO116,7,0.17857142857142858,0.3658240242096757,0.39021039055341467,DEFINED
T197_OUTER_01,EDINBURGH_DS7545_HUMAN_PLASMA_NANOOMICS,SEQUENCE_RIDGE_COMPOSITION_ONLY,R4_EDINBURGH_SGO_20210324_6pm_KostarelosK_OkweloguE_EO12,7,0.2857142857142857,0.3580983181863803,0.40481554009680276,DEFINED
T197_OUTER_01,EDINBURGH_DS7545_HUMAN_PLASMA_NANOOMICS,SEQUENCE_RIDGE_COMPOSITION_ONLY,R4_EDINBURGH_SGO_20210324_6pm_KostarelosK_OkweloguE_EO16,7,0.39285714285714285,0.3070004947979111,0.37125354617165357,DEFINED
T197_OUTER_01,EDINBURGH_DS7545_HUMAN_PLASMA_NANOOMICS,SEQUENCE_RIDGE_COMPOSITION_ONLY,R4_EDINBURGH_SGO_20210324_6pm_KostarelosK_OkweloguE_EO21,8,0.19047619047619047,0.32458412893167765,0.4167242020168485,DEFINED
T197_OUTER_01,EDINBURGH_DS7545_HUMAN_PLASMA_NANOOMICS,SEQUENCE_RIDGE_COMPOSITION_ONLY,R4_EDINBURGH_SGO_20210324_6pm_KostarelosK_OkweloguE_EO24,8,0.3333333333333333,0.2926733311752371,0.3574115560272335,DEFINED
T197_OUTER_01,EDINBURGH_DS7545_HUMAN_PLASMA_NANOOMICS,SEQUENCE_RIDGE_COMPOSITION_ONLY,R4_EDINBURGH_SGO_20210324_6pm_KostarelosK_OkweloguE_EO31,8,0.07142857142857142,0.3686537233320998,0.42153419292245364,DEFINED
T197_OUTER_01,EDINBURGH_DS7545_HUMAN_PLASMA_NANOOMICS,SEQUENCE_RIDGE_COMPOSITION_ONLY,R4_EDINBURGH_SGO_20210324_6pm_KostarelosK_OkweloguE_EO34,8,0.2619047619047619,0.23940768255047848,0.31901006526503545,DEFINED
T197_OUTER_01,EDINBURGH_DS7545_HUMAN_PLASMA_NANOOMICS,SEQUENCE_RIDGE_COMPOSITION_ONLY,R4_EDINBURGH_SGO_20210324_6pm_KostarelosK_OkweloguE_EO4,8,0.35714285714285715,0.3550670536682846,0.38629710337222484,DEFINED
T197_OUTER_01,EDINBURGH_DS7545_HUMAN_PLASMA_NANOOMICS,SEQUENCE_RIDGE_COMPOSITION_ONLY,R4_EDINBURGH_SGO_20210324_6pm_KostarelosK_OkweloguE_EO43,7,0.17857142857142858,0.3070004947979111,0.3778097832062487,DEFINED
T197_OUTER_01,EDINBURGH_DS7545_HUMAN_PLASMA_NANOOMICS,SEQUENCE_RIDGE_COMPOSITION_ONLY,R4_EDINBURGH_SGO_20210324_6pm_KostarelosK_OkweloguE_EO52,8,0.40476190476190477,0.3491636477458576,0.37823456022525376,DEFINED
T197_OUTER_01,EDINBURGH_DS7545_HUMAN_PLASMA_NANOOMICS,SEQUENCE_RIDGE_COMPOSITION_ONLY,R4_EDINBURGH_SGO_20210324_6pm_KostarelosK_OkweloguE_EO64,8,0.35714285714285715,0.3129918902695918,0.36962867036761343,DEFINED
T197_OUTER_01,EDINBURGH_DS7545_HUMAN_PLASMA_NANOOMICS,SEQUENCE_RIDGE_COMPOSITION_ONLY,R4_EDINBURGH_SGO_20210324_6pm_KostarelosK_OkweloguE_EO66,8,0.5,0.3136244320595831,0.3627494469000906,DEFINED
T197_OUTER_01,EDINBURGH_DS7545_HUMAN_PLASMA_NANOOMICS,SEQUENCE_RIDGE_COMPOSITION_ONLY,R4_EDINBURGH_SGO_20210324_6pm_KostarelosK_OkweloguE_EO73,8,0.4523809523809524,0.29951149811272904,0.34814525605316343,DEFINED
T197_OUTER_01,EDINBURGH_DS7545_HUMAN_PLASMA_NANOOMICS,SEQUENCE_RIDGE_COMPOSITION_ONLY,R4_EDINBURGH_SGO_20210324_6pm_KostarelosK_OkweloguE_EO83,8,0.4523809523809524,0.2786781647793957,0.3152825910470414,DEFINED
T197_OUTER_01,EDINBURGH_DS7545_HUMAN_PLASMA_NANOOMICS,SEQUENCE_RIDGE_COMPOSITION_ONLY,R4_EDINBURGH_SGO_20210324_6pm_KostarelosK_OkweloguE_EO88,7,0.10714285714285714,0.38263074689875143,0.4395030701390089,DEFINED
T197_OUTER_01,EDINBURGH_DS7545_HUMAN_PLASMA_NANOOMICS,SEQUENCE_RIDGE_COMPOSITION_ONLY,R4_EDINBURGH_SGO_20210324_6pm_KostarelosK_OkweloguE_EO94,8,0.5714285714285714,0.31102026539291644,0.35054675079553,DEFINED
T197_OUTER_01,EDINBURGH_DS7545_HUMAN_PLASMA_NANOOMICS,SEQUENCE_RIDGE_COMPOSITION_ONLY,R4_EDINBURGH_SGO_20210324_6pm_KostarelosK_OkweloguE_EO96,8,0.4523809523809524,0.32056887650402754,0.37372119766152356,DEFINED
T197_OUTER_01,EDINBURGH_DS7545_HUMAN_PLASMA_NANOOMICS,SEQUENCE_RIDGE_COMPOSITION_ONLY,R4_EDINBURGH_SGO_20210324_6pm_KostarelosK_OkweloguE_EO97,8,0.38095238095238093,0.34834665428180533,0.4104196183586587,DEFINED
T197_OUTER_01,EDINBURGH_DS7545_HUMAN_PLASMA_NANOOMICS,SEQUENCE_RIDGE_COMPOSITION_ONLY,R4_EDINBURGH_USGO_20210324_6pm_KostarelosK_OkweloguE_EO106,9,0.7,0.2882565055983931,0.3190475360121307,DEFINED
T197_OUTER_01,EDINBURGH_DS7545_HUMAN_PLASMA_NANOOMICS,SEQUENCE_RIDGE_COMPOSITION_ONLY,R4_EDINBURGH_USGO_20210324_6pm_KostarelosK_OkweloguE_EO11,9,0.25,0.31469803019924014,0.385859555117868,DEFINED
T197_OUTER_01,EDINBURGH_DS7545_HUMAN_PLASMA_NANOOMICS,SEQUENCE_RIDGE_COMPOSITION_ONLY,R4_EDINBURGH_USGO_20210324_6pm_KostarelosK_OkweloguE_EO111,9,0.6666666666666666,0.2573923080675289,0.31469820853327674,DEFINED
T197_OUTER_01,EDINBURGH_DS7545_HUMAN_PLASMA_NANOOMICS,SEQUENCE_RIDGE_COMPOSITION_ONLY,R4_EDINBURGH_USGO_20210324_6pm_KostarelosK_OkweloguE_EO112,9,0.5,0.2611191954019345,0.33988102989135305,DEFINED
T197_OUTER_01,EDINBURGH_DS7545_HUMAN_PLASMA_NANOOMICS,SEQUENCE_RIDGE_COMPOSITION_ONLY,R4_EDINBURGH_USGO_20210324_6pm_KostarelosK_OkweloguE_EO115,9,0.3,0.2863071878596017,0.3506313516854185,DEFINED
T197_OUTER_01,EDINBURGH_DS7545_HUMAN_PLASMA_NANOOMICS,SEQUENCE_RIDGE_COMPOSITION_ONLY,R4_EDINBURGH_USGO_20210324_6pm_KostarelosK_OkweloguE_EO120,9,0.55,0.29215514107597595,0.3738627812184771,DEFINED
T197_OUTER_01,EDINBURGH_DS7545_HUMAN_PLASMA_NANOOMICS,SEQUENCE_RIDGE_COMPOSITION_ONLY,R4_EDINBURGH_USGO_20210324_6pm_KostarelosK_OkweloguE_EO121,9,0.31666666666666665,0.2820836660922203,0.3328521473189103,DEFINED
T197_OUTER_01,EDINBURGH_DS7545_HUMAN_PLASMA_NANOOMICS,SEQUENCE_RIDGE_COMPOSITION_ONLY,R4_EDINBURGH_USGO_20210324_6pm_KostarelosK_OkweloguE_EO125,9,0.8333333333333334,0.28208366609222035,0.3147473631721383,DEFINED
T197_OUTER_01,EDINBURGH_DS7545_HUMAN_PLASMA_NANOOMICS,SEQUENCE_RIDGE_COMPOSITION_ONLY,R4_EDINBURGH_USGO_20210324_6pm_KostarelosK_OkweloguE_EO126,9,0.43333333333333335,0.3447867200233443,0.3717741404414958,DEFINED
T197_OUTER_01,EDINBURGH_DS7545_HUMAN_PLASMA_NANOOMICS,SEQUENCE_RIDGE_COMPOSITION_ONLY,R4_EDINBURGH_USGO_20210324_6pm_KostarelosK_OkweloguE_EO13,8,0.5,0.30829283766063753,0.355759660498843,DEFINED
T197_OUTER_01,EDINBURGH_DS7545_HUMAN_PLASMA_NANOOMICS,SEQUENCE_RIDGE_COMPOSITION_ONLY,R4_EDINBURGH_USGO_20210324_6pm_KostarelosK_OkweloguE_EO26,8,0.11904761904761904,0.3142160776781582,0.3722819766224632,DEFINED
T197_OUTER_01,EDINBURGH_DS7545_HUMAN_PLASMA_NANOOMICS,SEQUENCE_RIDGE_COMPOSITION_ONLY,R4_EDINBURGH_USGO_20210324_6pm_KostarelosK_OkweloguE_EO36,8,0.40476190476190477,0.24579283766063753,0.3366403395918687,DEFINED
T197_OUTER_01,EDINBURGH_DS7545_HUMAN_PLASMA_NANOOMICS,SEQUENCE_RIDGE_COMPOSITION_ONLY,R4_EDINBURGH_USGO_20210324_6pm_KostarelosK_OkweloguE_EO40,8,0.3333333333333333,0.2802910148248946,0.35772241683024375,DEFINED
T197_OUTER_01,EDINBURGH_DS7545_HUMAN_PLASMA_NANOOMICS,SEQUENCE_RIDGE_COMPOSITION_ONLY,R4_EDINBURGH_USGO_20210324_6pm_KostarelosK_OkweloguE_EO42,8,0.42857142857142855,0.27259522889431037,0.346089852039148,DEFINED
T197_OUTER_01,EDINBURGH_DS7545_HUMAN_PLASMA_NANOOMICS,SEQUENCE_RIDGE_COMPOSITION_ONLY,R4_EDINBURGH_USGO_20210324_6pm_KostarelosK_OkweloguE_EO44,8,0.7380952380952381,0.2167895696867813,0.27667777618040956,DEFINED
T197_OUTER_01,EDINBURGH_DS7545_HUMAN_PLASMA_NANOOMICS,SEQUENCE_RIDGE_COMPOSITION_ONLY,R4_EDINBURGH_USGO_20210324_6pm_KostarelosK_OkweloguE_EO5,9,0.5833333333333334,0.267914404468246,0.30585946825034244,DEFINED
T197_OUTER_01,EDINBURGH_DS7545_HUMAN_PLASMA_NANOOMICS,SEQUENCE_RIDGE_COMPOSITION_ONLY,R4_EDINBURGH_USGO_20210324_6pm_KostarelosK_OkweloguE_EO50,9,0.26666666666666666,0.32639393663198873,0.3821153360646544,DEFINED
T197_OUTER_01,EDINBURGH_DS7545_HUMAN_PLASMA_NANOOMICS,SEQUENCE_RIDGE_COMPOSITION_ONLY,R4_EDINBURGH_USGO_20210324_6pm_KostarelosK_OkweloguE_EO53,8,0.5238095238095238,0.24529789751675257,0.3015392202081721,DEFINED
T197_OUTER_01,EDINBURGH_DS7545_HUMAN_PLASMA_NANOOMICS,SEQUENCE_RIDGE_COMPOSITION_ONLY,R4_EDINBURGH_USGO_20210324_6pm_KostarelosK_OkweloguE_EO60,8,0.42857142857142855,0.2944039487717486,0.350357318121905,DEFINED
T197_OUTER_01,EDINBURGH_DS7545_HUMAN_PLASMA_NANOOMICS,SEQUENCE_RIDGE_COMPOSITION_ONLY,R4_EDINBURGH_USGO_20210324_6pm_KostarelosK_OkweloguE_EO62,9,0.08333333333333333,0.2824605212840956,0.36105764812181423,DEFINED
T197_OUTER_01,EDINBURGH_DS7545_HUMAN_PLASMA_NANOOMICS,SEQUENCE_RIDGE_COMPOSITION_ONLY,R4_EDINBURGH_USGO_20210324_6pm_KostarelosK_OkweloguE_EO69,9,0.5333333333333333,0.2882565055983931,0.3202897864941944,DEFINED
T197_OUTER_01,EDINBURGH_DS7545_HUMAN_PLASMA_NANOOMICS,SEQUENCE_RIDGE_COMPOSITION_ONLY,R4_EDINBURGH_USGO_20210324_6pm_KostarelosK_OkweloguE_EO76,9,0.3333333333333333,0.31411882389047846,0.34163029922529076,DEFINED
T197_OUTER_01,EDINBURGH_DS7545_HUMAN_PLASMA_NANOOMICS,SEQUENCE_RIDGE_COMPOSITION_ONLY,R4_EDINBURGH_USGO_20210324_6pm_KostarelosK_OkweloguE_EO77,8,0.5,0.30829283766063753,0.36179136334261175,DEFINED
T197_OUTER_01,EDINBURGH_DS7545_HUMAN_PLASMA_NANOOMICS,SEQUENCE_RIDGE_COMPOSITION_ONLY,R4_EDINBURGH_USGO_20210324_6pm_KostarelosK_OkweloguE_EO79,9,0.45,0.3338937243168143,0.3826079955296504,DEFINED
T197_OUTER_01,EDINBURGH_DS7545_HUMAN_PLASMA_NANOOMICS,SEQUENCE_RIDGE_COMPOSITION_ONLY,R4_EDINBURGH_USGO_20210324_6pm_KostarelosK_OkweloguE_EO86,9,0.4166666666666667,0.3205459834156144,0.3543698337569308,DEFINED
T197_OUTER_01,EDINBURGH_DS7545_HUMAN_PLASMA_NANOOMICS,SEQUENCE_RIDGE_COMPOSITION_ONLY,R4_EDINBURGH_USGO_20210324_6pm_KostarelosK_OkweloguE_EO87,9,0.6833333333333333,0.21740969945447375,0.2515055574120985,DEFINED
T197_OUTER_02,PXD060795_DALIAN_PLA_MICRO_NANOPLASTIC_HUMAN_PLASMA_CORONA,CONSTANT_TRAINING_MEAN,R4_PXD060795_F1,9,,0.2734512673899918,0.3208157875566612,UNDEFINED_CONSTANT_PREDICTION
T197_OUTER_02,PXD060795_DALIAN_PLA_MICRO_NANOPLASTIC_HUMAN_PLASMA_CORONA,CONSTANT_TRAINING_MEAN,R4_PXD060795_F2,9,,0.2980126708987637,0.3364267655833259,UNDEFINED_CONSTANT_PREDICTION
T197_OUTER_02,PXD060795_DALIAN_PLA_MICRO_NANOPLASTIC_HUMAN_PLASMA_CORONA,CONSTANT_TRAINING_MEAN,R4_PXD060795_F3,9,,0.29443892171097946,0.33710346377910544,UNDEFINED_CONSTANT_PREDICTION
T197_OUTER_02,PXD060795_DALIAN_PLA_MICRO_NANOPLASTIC_HUMAN_PLASMA_CORONA,CONSTANT_TRAINING_MEAN,R4_PXD060795_F7,9,,0.26879298265621726,0.3154881177488601,UNDEFINED_CONSTANT_PREDICTION
T197_OUTER_02,PXD060795_DALIAN_PLA_MICRO_NANOPLASTIC_HUMAN_PLASMA_CORONA,CONSTANT_TRAINING_MEAN,R4_PXD060795_F8,8,,0.2713864036588296,0.3236992135120216,UNDEFINED_CONSTANT_PREDICTION
T197_OUTER_02,PXD060795_DALIAN_PLA_MICRO_NANOPLASTIC_HUMAN_PLASMA_CORONA,CONSTANT_TRAINING_MEAN,R4_PXD060795_F9,8,,0.2880530703254963,0.3378637041214691,UNDEFINED_CONSTANT_PREDICTION
T197_OUTER_02,PXD060795_DALIAN_PLA_MICRO_NANOPLASTIC_HUMAN_PLASMA_CORONA,SEQUENCE_RIDGE_FULL,R4_PXD060795_F1,9,0.85,0.16746976163826532,0.21285421142173658,DEFINED
T197_OUTER_02,PXD060795_DALIAN_PLA_MICRO_NANOPLASTIC_HUMAN_PLASMA_CORONA,SEQUENCE_RIDGE_FULL,R4_PXD060795_F2,9,0.85,0.18384403064411325,0.23042977911664073,DEFINED
T197_OUTER_02,PXD060795_DALIAN_PLA_MICRO_NANOPLASTIC_HUMAN_PLASMA_CORONA,SEQUENCE_RIDGE_FULL,R4_PXD060795_F3,9,0.85,0.1731400621129242,0.22513947391614653,DEFINED
T197_OUTER_02,PXD060795_DALIAN_PLA_MICRO_NANOPLASTIC_HUMAN_PLASMA_CORONA,SEQUENCE_RIDGE_FULL,R4_PXD060795_F7,9,0.8166666666666667,0.17665354999385408,0.20128081481438675,DEFINED
T197_OUTER_02,PXD060795_DALIAN_PLA_MICRO_NANOPLASTIC_HUMAN_PLASMA_CORONA,SEQUENCE_RIDGE_FULL,R4_PXD060795_F8,8,0.8809523809523809,0.1657596315107221,0.19286527898375908,DEFINED
T197_OUTER_02,PXD060795_DALIAN_PLA_MICRO_NANOPLASTIC_HUMAN_PLASMA_CORONA,SEQUENCE_RIDGE_FULL,R4_PXD060795_F9,8,0.7619047619047619,0.20209839887119255,0.23493227163675515,DEFINED
T197_OUTER_02,PXD060795_DALIAN_PLA_MICRO_NANOPLASTIC_HUMAN_PLASMA_CORONA,SEQUENCE_RIDGE_COMPOSITION_ONLY,R4_PXD060795_F1,9,0.8833333333333333,0.16438391946074443,0.20877265039846496,DEFINED
T197_OUTER_02,PXD060795_DALIAN_PLA_MICRO_NANOPLASTIC_HUMAN_PLASMA_CORONA,SEQUENCE_RIDGE_COMPOSITION_ONLY,R4_PXD060795_F2,9,0.8833333333333333,0.18551274459475525,0.2283862396117606,DEFINED
T197_OUTER_02,PXD060795_DALIAN_PLA_MICRO_NANOPLASTIC_HUMAN_PLASMA_CORONA,SEQUENCE_RIDGE_COMPOSITION_ONLY,R4_PXD060795_F3,9,0.8833333333333333,0.18193899540697098,0.22380519359331694,DEFINED
T197_OUTER_02,PXD060795_DALIAN_PLA_MICRO_NANOPLASTIC_HUMAN_PLASMA_CORONA,SEQUENCE_RIDGE_COMPOSITION_ONLY,R4_PXD060795_F7,9,0.7833333333333333,0.17054480053411955,0.1985842278873574,DEFINED
T197_OUTER_02,PXD060795_DALIAN_PLA_MICRO_NANOPLASTIC_HUMAN_PLASMA_CORONA,SEQUENCE_RIDGE_COMPOSITION_ONLY,R4_PXD060795_F8,8,0.8333333333333334,0.16240118429742695,0.19304158718544107,DEFINED
T197_OUTER_02,PXD060795_DALIAN_PLA_MICRO_NANOPLASTIC_HUMAN_PLASMA_CORONA,SEQUENCE_RIDGE_COMPOSITION_ONLY,R4_PXD060795_F9,8,0.7142857142857143,0.20191124193174803,0.23153403158994038,DEFINED
T197_OUTER_03,PXD064962_UCD_EVENT,CONSTANT_TRAINING_MEAN,PT_D1_16,12,,0.2767015796208627,0.3260306913855,UNDEFINED_CONSTANT_PREDICTION
T197_OUTER_03,PXD064962_UCD_EVENT,CONSTANT_TRAINING_MEAN,PT_D1_18,8,,0.25880236943129414,0.2950299689049662,UNDEFINED_CONSTANT_PREDICTION
T197_OUTER_03,PXD064962_UCD_EVENT,CONSTANT_TRAINING_MEAN,PT_D1_20,8,,0.2161887330676578,0.24927345297215417,UNDEFINED_CONSTANT_PREDICTION
T197_OUTER_03,PXD064962_UCD_EVENT,CONSTANT_TRAINING_MEAN,PT_D1_23,13,,0.2706432269881733,0.31289529422816564,UNDEFINED_CONSTANT_PREDICTION
T197_OUTER_03,PXD064962_UCD_EVENT,CONSTANT_TRAINING_MEAN,PT_D1_33,14,,0.24999999999999994,0.30190488290241074,UNDEFINED_CONSTANT_PREDICTION
T197_OUTER_03,PXD064962_UCD_EVENT,CONSTANT_TRAINING_MEAN,PT_D1_34,12,,0.26496508704580385,0.3148631295604474,UNDEFINED_CONSTANT_PREDICTION
T197_OUTER_03,PXD064962_UCD_EVENT,CONSTANT_TRAINING_MEAN,PT_D1_48,14,,0.28173478049304196,0.3189892267823479,UNDEFINED_CONSTANT_PREDICTION
T197_OUTER_03,PXD064962_UCD_EVENT,CONSTANT_TRAINING_MEAN,PT_D1_51,13,,0.26232380597885974,0.3161352532594081,UNDEFINED_CONSTANT_PREDICTION
T197_OUTER_03,PXD064962_UCD_EVENT,CONSTANT_TRAINING_MEAN,PT_D1_73,13,,0.24693919059424432,0.3006927482053288,UNDEFINED_CONSTANT_PREDICTION
T197_OUTER_03,PXD064962_UCD_EVENT,CONSTANT_TRAINING_MEAN,PT_D1_81,10,,0.23204189554503532,0.2605269624643343,UNDEFINED_CONSTANT_PREDICTION
T197_OUTER_03,PXD064962_UCD_EVENT,CONSTANT_TRAINING_MEAN,PT_D3_06,12,,0.27380952380952384,0.32527430975301497,UNDEFINED_CONSTANT_PREDICTION
T197_OUTER_03,PXD064962_UCD_EVENT,CONSTANT_TRAINING_MEAN,PT_D3_14,12,,0.31111111111111117,0.34959947963298327,UNDEFINED_CONSTANT_PREDICTION
T197_OUTER_03,PXD064962_UCD_EVENT,CONSTANT_TRAINING_MEAN,PT_D3_22,10,,0.2416666666666666,0.29451592661329906,UNDEFINED_CONSTANT_PREDICTION
T197_OUTER_03,PXD064962_UCD_EVENT,CONSTANT_TRAINING_MEAN,PT_D3_28,10,,0.2916666666666667,0.33935693259578026,UNDEFINED_CONSTANT_PREDICTION
T197_OUTER_03,PXD064962_UCD_EVENT,CONSTANT_TRAINING_MEAN,PT_D3_30,12,,0.28205128205128205,0.3338350811447462,UNDEFINED_CONSTANT_PREDICTION
T197_OUTER_03,PXD064962_UCD_EVENT,CONSTANT_TRAINING_MEAN,PT_D3_37,12,,0.25641025641025644,0.30823189275017016,UNDEFINED_CONSTANT_PREDICTION
T197_OUTER_03,PXD064962_UCD_EVENT,CONSTANT_TRAINING_MEAN,PT_D3_41,11,,0.277650713176385,0.326936930565314,UNDEFINED_CONSTANT_PREDICTION
T197_OUTER_03,PXD064962_UCD_EVENT,CONSTANT_TRAINING_MEAN,PT_D3_42,12,,0.2564102564102564,0.30823189275017016,UNDEFINED_CONSTANT_PREDICTION
T197_OUTER_03,PXD064962_UCD_EVENT,CONSTANT_TRAINING_MEAN,PT_D3_85,10,,0.2727272727272727,0.3257267416801496,UNDEFINED_CONSTANT_PREDICTION
T197_OUTER_03,PXD064962_UCD_EVENT,CONSTANT_TRAINING_MEAN,PT_D3_96,12,,0.25000000000000006,0.3049987476512193,UNDEFINED_CONSTANT_PREDICTION
T197_OUTER_03,PXD064962_UCD_EVENT,CONSTANT_TRAINING_MEAN,T_D1_133,12,,0.24614602406530717,0.3040887185431774,UNDEFINED_CONSTANT_PREDICTION
T197_OUTER_03,PXD064962_UCD_EVENT,CONSTANT_TRAINING_MEAN,T_D1_138,11,,0.2645644979750161,0.32031754957182246,UNDEFINED_CONSTANT_PREDICTION
T197_OUTER_03,PXD064962_UCD_EVENT,CONSTANT_TRAINING_MEAN,T_D1_165,12,,0.24999999999999997,0.3049987476512193,UNDEFINED_CONSTANT_PREDICTION
T197_OUTER_03,PXD064962_UCD_EVENT,CONSTANT_TRAINING_MEAN,T_D1_173,11,,0.22560345901397708,0.27758564947525877,UNDEFINED_CONSTANT_PREDICTION
T197_OUTER_03,PXD064962_UCD_EVENT,CONSTANT_TRAINING_MEAN,T_D1_186,13,,0.2702205727193651,0.3198714031107958,UNDEFINED_CONSTANT_PREDICTION
T197_OUTER_03,PXD064962_UCD_EVENT,CONSTANT_TRAINING_MEAN,T_D3_119a,13,,0.2702205727193651,0.3198714031107958,UNDEFINED_CONSTANT_PREDICTION
T197_OUTER_03,PXD064962_UCD_EVENT,CONSTANT_TRAINING_MEAN,T_D3_119b,13,,0.25719560085065457,0.3115193581092095,UNDEFINED_CONSTANT_PREDICTION
T197_OUTER_03,PXD064962_UCD_EVENT,CONSTANT_TRAINING_MEAN,T_D3_155,10,,0.28181818181818186,0.33073154938409144,UNDEFINED_CONSTANT_PREDICTION
T197_OUTER_03,PXD064962_UCD_EVENT,CONSTANT_TRAINING_MEAN,T_D3_178,12,,0.25,0.3049987476512193,UNDEFINED_CONSTANT_PREDICTION
T197_OUTER_03,PXD064962_UCD_EVENT,CONSTANT_TRAINING_MEAN,T_D3_198,16,,0.3046875,0.3276556745549367,UNDEFINED_CONSTANT_PREDICTION
T197_OUTER_03,PXD064962_UCD_EVENT,SEQUENCE_RIDGE_FULL,PT_D1_16,12,0.1516813827351657,0.31250978988560923,0.3870207853842141,DEFINED
T197_OUTER_03,PXD064962_UCD_EVENT,SEQUENCE_RIDGE_FULL,PT_D1_18,8,-0.23034110636021418,0.3045059999814421,0.36697278533514843,DEFINED
T197_OUTER_03,PXD064962_UCD_EVENT,SEQUENCE_RIDGE_FULL,PT_D1_20,8,0.3903600291794133,0.18394204746849047,0.23226859223577273,DEFINED
T197_OUTER_03,PXD064962_UCD_EVENT,SEQUENCE_RIDGE_FULL,PT_D1_23,13,0.3153602383837771,0.26720940476138827,0.33894882231250917,DEFINED
T197_OUTER_03,PXD064962_UCD_EVENT,SEQUENCE_RIDGE_FULL,PT_D1_33,14,0.3208035262734314,0.241194831315243,0.3413717524195336,DEFINED
T197_OUTER_03,PXD064962_UCD_EVENT,SEQUENCE_RIDGE_FULL,PT_D1_34,12,0.25443125738647904,0.31841762743368823,0.39064732347929787,DEFINED
T197_OUTER_03,PXD064962_UCD_EVENT,SEQUENCE_RIDGE_FULL,PT_D1_48,14,0.2835079647753336,0.3104587358108599,0.3761890102291983,DEFINED
T197_OUTER_03,PXD064962_UCD_EVENT,SEQUENCE_RIDGE_FULL,PT_D1_51,13,0.2160739431828507,0.27164253096421836,0.36860476352419,DEFINED
T197_OUTER_03,PXD064962_UCD_EVENT,SEQUENCE_RIDGE_FULL,PT_D1_73,13,0.21053358566534172,0.2897674743014018,0.36308250072240017,DEFINED
T197_OUTER_03,PXD064962_UCD_EVENT,SEQUENCE_RIDGE_FULL,PT_D1_81,10,0.0,0.25511423152391977,0.34853693553568044,DEFINED
T197_OUTER_03,PXD064962_UCD_EVENT,SEQUENCE_RIDGE_FULL,PT_D3_06,12,0.3109715368056966,0.305906589104348,0.381560963432359,DEFINED
T197_OUTER_03,PXD064962_UCD_EVENT,SEQUENCE_RIDGE_FULL,PT_D3_14,12,0.25443125738647904,0.32278420058290486,0.40106900974145904,DEFINED
T197_OUTER_03,PXD064962_UCD_EVENT,SEQUENCE_RIDGE_FULL,PT_D3_22,10,0.27609440361293197,0.2847945635665863,0.35541584957936667,DEFINED
T197_OUTER_03,PXD064962_UCD_EVENT,SEQUENCE_RIDGE_FULL,PT_D3_28,10,0.2147400916989471,0.3166961616411511,0.4012438522830005,DEFINED
T197_OUTER_03,PXD064962_UCD_EVENT,SEQUENCE_RIDGE_FULL,PT_D3_30,12,0.1869561229061345,0.3208999490940703,0.40258802423884993,DEFINED
T197_OUTER_03,PXD064962_UCD_EVENT,SEQUENCE_RIDGE_FULL,PT_D3_37,12,0.2968364669508922,0.2920149698136741,0.3734037618212868,DEFINED
T197_OUTER_03,PXD064962_UCD_EVENT,SEQUENCE_RIDGE_FULL,PT_D3_41,11,0.2988703184166069,0.2588669173918024,0.31172700775139395,DEFINED
T197_OUTER_03,PXD064962_UCD_EVENT,SEQUENCE_RIDGE_FULL,PT_D3_42,12,0.3816468860797186,0.2648576348023786,0.3587135914874325,DEFINED
T197_OUTER_03,PXD064962_UCD_EVENT,SEQUENCE_RIDGE_FULL,PT_D3_85,10,0.09847319278346618,0.34323569627905715,0.4150717136157234,DEFINED
T197_OUTER_03,PXD064962_UCD_EVENT,SEQUENCE_RIDGE_FULL,PT_D3_96,12,0.3109715368056966,0.27278420058290487,0.3642800641547357,DEFINED
T197_OUTER_03,PXD064962_UCD_EVENT,SEQUENCE_RIDGE_FULL,T_D1_133,12,0.25443125738647904,0.28627327650669393,0.3674765988740826,DEFINED
T197_OUTER_03,PXD064962_UCD_EVENT,SEQUENCE_RIDGE_FULL,T_D1_138,11,0.34485036740377717,0.273968884184319,0.3715488703675405,DEFINED
T197_OUTER_03,PXD064962_UCD_EVENT,SEQUENCE_RIDGE_FULL,T_D1_165,12,0.3109715368056966,0.2727842005829048,0.36428006415473574,DEFINED
T197_OUTER_03,PXD064962_UCD_EVENT,SEQUENCE_RIDGE_FULL,T_D1_173,11,0.2528902694294366,0.23574502428664096,0.32876730630602613,DEFINED
T197_OUTER_03,PXD064962_UCD_EVENT,SEQUENCE_RIDGE_FULL,T_D1_186,13,0.2793981059365042,0.283805895765663,0.37466112025446763,DEFINED
T197_OUTER_03,PXD064962_UCD_EVENT,SEQUENCE_RIDGE_FULL,T_D3_119a,13,0.17175108304277878,0.318452989555511,0.3915153546577808,DEFINED
T197_OUTER_03,PXD064962_UCD_EVENT,SEQUENCE_RIDGE_FULL,T_D3_119b,13,0.17175108304277878,0.300023884557812,0.37588077161435834,DEFINED
T197_OUTER_03,PXD064962_UCD_EVENT,SEQUENCE_RIDGE_FULL,T_D3_155,10,0.29541957835039856,0.3291690762089329,0.392298141448572,DEFINED
T197_OUTER_03,PXD064962_UCD_EVENT,SEQUENCE_RIDGE_FULL,T_D3_178,12,0.3109715368056966,0.2727842005829048,0.3642800641547357,DEFINED
T197_OUTER_03,PXD064962_UCD_EVENT,SEQUENCE_RIDGE_FULL,T_D3_198,16,0.4852155950394296,0.26501058329207466,0.29730935097900457,DEFINED
T197_OUTER_03,PXD064962_UCD_EVENT,SEQUENCE_RIDGE_COMPOSITION_ONLY,PT_D1_16,12,0.1516813827351657,0.3125082356439628,0.38702035205322893,DEFINED
T197_OUTER_03,PXD064962_UCD_EVENT,SEQUENCE_RIDGE_COMPOSITION_ONLY,PT_D1_18,8,-0.23034110636021418,0.30450452274494855,0.3669705238346788,DEFINED
T197_OUTER_03,PXD064962_UCD_EVENT,SEQUENCE_RIDGE_COMPOSITION_ONLY,PT_D1_20,8,0.3903600291794133,0.18394032827232423,0.23226684897591116,DEFINED
T197_OUTER_03,PXD064962_UCD_EVENT,SEQUENCE_RIDGE_COMPOSITION_ONLY,PT_D1_23,13,0.3153602383837771,0.26720714941400636,0.33894689516300835,DEFINED
T197_OUTER_03,PXD064962_UCD_EVENT,SEQUENCE_RIDGE_COMPOSITION_ONLY,PT_D1_33,14,0.3208035262734314,0.2411925057088759,0.3413714760227591,DEFINED
T197_OUTER_03,PXD064962_UCD_EVENT,SEQUENCE_RIDGE_COMPOSITION_ONLY,PT_D1_34,12,0.25443125738647904,0.318415502396636,0.39064660206102414,DEFINED
T197_OUTER_03,PXD064962_UCD_EVENT,SEQUENCE_RIDGE_COMPOSITION_ONLY,PT_D1_48,14,0.2835079647753336,0.3104562816243415,0.3761878132231185,DEFINED
T197_OUTER_03,PXD064962_UCD_EVENT,SEQUENCE_RIDGE_COMPOSITION_ONLY,PT_D1_51,13,0.2160739431828507,0.27164123020787956,0.36860451882872153,DEFINED
T197_OUTER_03,PXD064962_UCD_EVENT,SEQUENCE_RIDGE_COMPOSITION_ONLY,PT_D1_73,13,0.21053358566534172,0.28976483731138064,0.36308182899470715,DEFINED
T197_OUTER_03,PXD064962_UCD_EVENT,SEQUENCE_RIDGE_COMPOSITION_ONLY,PT_D1_81,10,0.0,0.2551138124381621,0.3485351537191357,DEFINED
T197_OUTER_03,PXD064962_UCD_EVENT,SEQUENCE_RIDGE_COMPOSITION_ONLY,PT_D3_06,12,0.3109715368056966,0.30590463297221376,0.3815603599706963,DEFINED
T197_OUTER_03,PXD064962_UCD_EVENT,SEQUENCE_RIDGE_COMPOSITION_ONLY,PT_D3_14,12,0.25443125738647904,0.322782236142161,0.4010680450266979,DEFINED
T197_OUTER_03,PXD064962_UCD_EVENT,SEQUENCE_RIDGE_COMPOSITION_ONLY,PT_D3_22,10,0.27609440361293197,0.28479230680736756,0.3554145338318281,DEFINED
T197_OUTER_03,PXD064962_UCD_EVENT,SEQUENCE_RIDGE_COMPOSITION_ONLY,PT_D3_28,10,0.2147400916989471,0.3166949624171673,0.4012442471746307,DEFINED
T197_OUTER_03,PXD064962_UCD_EVENT,SEQUENCE_RIDGE_COMPOSITION_ONLY,PT_D3_30,12,0.1869561229061345,0.32089822594750594,0.40258712516105605,DEFINED
T197_OUTER_03,PXD064962_UCD_EVENT,SEQUENCE_RIDGE_COMPOSITION_ONLY,PT_D3_37,12,0.2968364669508922,0.29201300537293023,0.373403677598141,DEFINED
T197_OUTER_03,PXD064962_UCD_EVENT,SEQUENCE_RIDGE_COMPOSITION_ONLY,PT_D3_41,11,0.2988703184166069,0.25886547636018054,0.31172430852408456,DEFINED
T197_OUTER_03,PXD064962_UCD_EVENT,SEQUENCE_RIDGE_COMPOSITION_ONLY,PT_D3_42,12,0.3816468860797186,0.2648561687677792,0.35871367759303846,DEFINED
T197_OUTER_03,PXD064962_UCD_EVENT,SEQUENCE_RIDGE_COMPOSITION_ONLY,PT_D3_85,10,0.09847319278346618,0.3432348833383816,0.415072030750638,DEFINED
T197_OUTER_03,PXD064962_UCD_EVENT,SEQUENCE_RIDGE_COMPOSITION_ONLY,PT_D3_96,12,0.3109715368056966,0.27278223614216107,0.36428028309368665,DEFINED
T197_OUTER_03,PXD064962_UCD_EVENT,SEQUENCE_RIDGE_COMPOSITION_ONLY,T_D1_133,12,0.25443125738647904,0.28627099087333335,0.3674764216323098,DEFINED
T197_OUTER_03,PXD064962_UCD_EVENT,SEQUENCE_RIDGE_COMPOSITION_ONLY,T_D1_138,11,0.34485036740377717,0.2739678116725183,0.3715491642602755,DEFINED
T197_OUTER_03,PXD064962_UCD_EVENT,SEQUENCE_RIDGE_COMPOSITION_ONLY,T_D1_165,12,0.3109715368056966,0.272782236142161,0.3642802830936867,DEFINED
T197_OUTER_03,PXD064962_UCD_EVENT,SEQUENCE_RIDGE_COMPOSITION_ONLY,T_D1_173,11,0.2528902694294366,0.23574561332313965,0.3287673938246157,DEFINED
T197_OUTER_03,PXD064962_UCD_EVENT,SEQUENCE_RIDGE_COMPOSITION_ONLY,T_D1_186,13,0.2825582333929586,0.2838040153283445,0.3746603399104678,DEFINED
T197_OUTER_03,PXD064962_UCD_EVENT,SEQUENCE_RIDGE_COMPOSITION_ONLY,T_D3_119a,13,0.17175108304277878,0.31845050080823606,0.3915141983978838,DEFINED
T197_OUTER_03,PXD064962_UCD_EVENT,SEQUENCE_RIDGE_COMPOSITION_ONLY,T_D3_119b,13,0.17175108304277878,0.30002124756779086,0.37587995946008373,DEFINED
T197_OUTER_03,PXD064962_UCD_EVENT,SEQUENCE_RIDGE_COMPOSITION_ONLY,T_D3_155,10,0.29541957835039856,0.32916556834674116,0.39229421691904504,DEFINED
T197_OUTER_03,PXD064962_UCD_EVENT,SEQUENCE_RIDGE_COMPOSITION_ONLY,T_D3_178,12,0.3109715368056966,0.27278223614216107,0.36428028309368665,DEFINED
T197_OUTER_03,PXD064962_UCD_EVENT,SEQUENCE_RIDGE_COMPOSITION_ONLY,T_D3_198,16,0.4852155950394296,0.2650063819479662,0.2973052237783212,DEFINED
