outer_fold_id,held_out_source_id,model_id,metric,estimate,lower_95,upper_95,measurement_batch_cluster_count,observation_count,resamples,seed,defined_status
T238_OUTER_01,EDINBURGH_DS7545_HUMAN_PLASMA_NANOOMICS,CONSTANT_TRAINING_MEAN,spearman,,,,49,306,2000,25601,UNDEFINED_CONSTANT_PREDICTION
T238_OUTER_01,EDINBURGH_DS7545_HUMAN_PLASMA_NANOOMICS,CONSTANT_TRAINING_MEAN,mae,0.2433964591627166,0.23186634473133919,0.2554105669624522,49,306,2000,25601,DEFINED
T238_OUTER_01,EDINBURGH_DS7545_HUMAN_PLASMA_NANOOMICS,CONSTANT_TRAINING_MEAN,rmse,0.2869863175752558,0.27495537716762336,0.29868834889281376,49,306,2000,25601,DEFINED
T238_OUTER_01,EDINBURGH_DS7545_HUMAN_PLASMA_NANOOMICS,SEQUENCE_RIDGE_COMPOSITION_ONLY,spearman,0.5644314868804665,0.4909475218658892,0.6384948979591836,49,306,2000,25603,DEFINED
T238_OUTER_01,EDINBURGH_DS7545_HUMAN_PLASMA_NANOOMICS,SEQUENCE_RIDGE_COMPOSITION_ONLY,mae,0.19835995220000854,0.18494774773779152,0.21207525458911117,49,306,2000,25603,DEFINED
T238_OUTER_01,EDINBURGH_DS7545_HUMAN_PLASMA_NANOOMICS,SEQUENCE_RIDGE_COMPOSITION_ONLY,rmse,0.24672201262902868,0.22998579085717172,0.2638535503037804,49,306,2000,25603,DEFINED
T238_OUTER_01,EDINBURGH_DS7545_HUMAN_PLASMA_NANOOMICS,SEQUENCE_RIDGE_FULL,spearman,0.684548104956268,0.6222995626822158,0.7460677842565597,49,306,2000,25602,DEFINED
T238_OUTER_01,EDINBURGH_DS7545_HUMAN_PLASMA_NANOOMICS,SEQUENCE_RIDGE_FULL,mae,0.19246250376708893,0.17909090016596513,0.20523797802862298,49,306,2000,25602,DEFINED
T238_OUTER_01,EDINBURGH_DS7545_HUMAN_PLASMA_NANOOMICS,SEQUENCE_RIDGE_FULL,rmse,0.23466030574866809,0.2206798011027547,0.2506335905319517,49,306,2000,25602,DEFINED
T238_OUTER_02,PMC6592156_SILVER_NANOPARTICLE_HUMAN_PLASMA,CONSTANT_TRAINING_MEAN,spearman,,,,30,193,2000,25701,UNDEFINED_CONSTANT_PREDICTION
T238_OUTER_02,PMC6592156_SILVER_NANOPARTICLE_HUMAN_PLASMA,CONSTANT_TRAINING_MEAN,mae,0.295075442937551,0.282779365597486,0.30664415579211235,30,193,2000,25701,DEFINED
T238_OUTER_02,PMC6592156_SILVER_NANOPARTICLE_HUMAN_PLASMA,CONSTANT_TRAINING_MEAN,rmse,0.33597510011511694,0.321173971713715,0.3495696235570741,30,193,2000,25701,DEFINED
T238_OUTER_02,PMC6592156_SILVER_NANOPARTICLE_HUMAN_PLASMA,SEQUENCE_RIDGE_COMPOSITION_ONLY,spearman,0.7661904761904762,0.7166607142857145,0.8128571428571427,30,193,2000,25703,DEFINED
T238_OUTER_02,PMC6592156_SILVER_NANOPARTICLE_HUMAN_PLASMA,SEQUENCE_RIDGE_COMPOSITION_ONLY,mae,0.19739475783017527,0.18418240467556657,0.21036091907821555,30,193,2000,25703,DEFINED
T238_OUTER_02,PMC6592156_SILVER_NANOPARTICLE_HUMAN_PLASMA,SEQUENCE_RIDGE_COMPOSITION_ONLY,rmse,0.23118557433859147,0.21611526527554473,0.24497549530297236,30,193,2000,25703,DEFINED
T238_OUTER_02,PMC6592156_SILVER_NANOPARTICLE_HUMAN_PLASMA,SEQUENCE_RIDGE_FULL,spearman,0.7661904761904762,0.7173690476190476,0.8178571428571428,30,193,2000,25702,DEFINED
T238_OUTER_02,PMC6592156_SILVER_NANOPARTICLE_HUMAN_PLASMA,SEQUENCE_RIDGE_FULL,mae,0.18835930841808177,0.17569999608849454,0.2022310938048017,30,193,2000,25702,DEFINED
T238_OUTER_02,PMC6592156_SILVER_NANOPARTICLE_HUMAN_PLASMA,SEQUENCE_RIDGE_FULL,rmse,0.2234861241745612,0.20676307373533728,0.23885879919653744,30,193,2000,25702,DEFINED
T238_OUTER_03,PXD060795_DALIAN_PLA_MICRO_NANOPLASTIC_HUMAN_PLASMA_CORONA,CONSTANT_TRAINING_MEAN,spearman,,,,6,40,2000,25801,UNDEFINED_CONSTANT_PREDICTION
T238_OUTER_03,PXD060795_DALIAN_PLA_MICRO_NANOPLASTIC_HUMAN_PLASMA_CORONA,CONSTANT_TRAINING_MEAN,mae,0.2810424269602037,0.2665882792279484,0.29622375065273965,6,40,2000,25801,DEFINED
T238_OUTER_03,PXD060795_DALIAN_PLA_MICRO_NANOPLASTIC_HUMAN_PLASMA_CORONA,CONSTANT_TRAINING_MEAN,rmse,0.320645973453082,0.3113341349872364,0.33184310690477,6,40,2000,25801,DEFINED
T238_OUTER_03,PXD060795_DALIAN_PLA_MICRO_NANOPLASTIC_HUMAN_PLASMA_CORONA,SEQUENCE_RIDGE_COMPOSITION_ONLY,spearman,0.9261904761904761,0.8988095238095237,0.9523809523809524,6,40,2000,25803,DEFINED
T238_OUTER_03,PXD060795_DALIAN_PLA_MICRO_NANOPLASTIC_HUMAN_PLASMA_CORONA,SEQUENCE_RIDGE_COMPOSITION_ONLY,mae,0.1651801749280117,0.14398542043222481,0.18928964322255695,6,40,2000,25803,DEFINED
T238_OUTER_03,PXD060795_DALIAN_PLA_MICRO_NANOPLASTIC_HUMAN_PLASMA_CORONA,SEQUENCE_RIDGE_COMPOSITION_ONLY,rmse,0.19814184431274504,0.1808600946533306,0.21845998470724895,6,40,2000,25803,DEFINED
T238_OUTER_03,PXD060795_DALIAN_PLA_MICRO_NANOPLASTIC_HUMAN_PLASMA_CORONA,SEQUENCE_RIDGE_FULL,spearman,0.9261904761904761,0.8988095238095238,0.9523809523809524,6,40,2000,25802,DEFINED
T238_OUTER_03,PXD060795_DALIAN_PLA_MICRO_NANOPLASTIC_HUMAN_PLASMA_CORONA,SEQUENCE_RIDGE_FULL,mae,0.16682417601003366,0.14668121516904264,0.1897477007783307,6,40,2000,25802,DEFINED
T238_OUTER_03,PXD060795_DALIAN_PLA_MICRO_NANOPLASTIC_HUMAN_PLASMA_CORONA,SEQUENCE_RIDGE_FULL,rmse,0.20032155941193563,0.18486927496766514,0.2200927470544287,6,40,2000,25802,DEFINED
T238_OUTER_04,PXD064962_UCD_EVENT,CONSTANT_TRAINING_MEAN,spearman,,,,30,244,2000,25901,UNDEFINED_CONSTANT_PREDICTION
T238_OUTER_04,PXD064962_UCD_EVENT,CONSTANT_TRAINING_MEAN,mae,0.2630087352089243,0.24985638989340225,0.2778687561355969,30,244,2000,25901,DEFINED
T238_OUTER_04,PXD064962_UCD_EVENT,CONSTANT_TRAINING_MEAN,rmse,0.2995843705993157,0.29027460844359304,0.3103451186209807,30,244,2000,25901,DEFINED
T238_OUTER_04,PXD064962_UCD_EVENT,SEQUENCE_RIDGE_COMPOSITION_ONLY,spearman,0.686509578323097,0.6389722485502849,0.7358005073445124,30,244,2000,25903,DEFINED
T238_OUTER_04,PXD064962_UCD_EVENT,SEQUENCE_RIDGE_COMPOSITION_ONLY,mae,0.17364593247001234,0.1546310454892269,0.19226887542820767,30,244,2000,25903,DEFINED
T238_OUTER_04,PXD064962_UCD_EVENT,SEQUENCE_RIDGE_COMPOSITION_ONLY,rmse,0.20915122990380342,0.18744407909223135,0.23077581159464045,30,244,2000,25903,DEFINED
T238_OUTER_04,PXD064962_UCD_EVENT,SEQUENCE_RIDGE_FULL,spearman,0.686509578323097,0.6388239304255571,0.7360412559065503,30,244,2000,25902,DEFINED
T238_OUTER_04,PXD064962_UCD_EVENT,SEQUENCE_RIDGE_FULL,mae,0.17364375752603137,0.15452015390668375,0.1920815646084138,30,244,2000,25902,DEFINED
T238_OUTER_04,PXD064962_UCD_EVENT,SEQUENCE_RIDGE_FULL,rmse,0.20914906605657968,0.18801795158565204,0.23247777119497612,30,244,2000,25902,DEFINED
