canonical_accession,sequence_length,estimated_molecular_mass_da,hydrophobic_fraction,aromatic_fraction,acidic_fraction,basic_fraction,cysteine_fraction,proline_fraction,mean_kyte_doolittle,aa_fraction_A,aa_fraction_C,aa_fraction_D,aa_fraction_E,aa_fraction_F,aa_fraction_G,aa_fraction_H,aa_fraction_I,aa_fraction_K,aa_fraction_L,aa_fraction_M,aa_fraction_N,aa_fraction_P,aa_fraction_Q,aa_fraction_R,aa_fraction_S,aa_fraction_T,aa_fraction_V,aa_fraction_W,aa_fraction_Y
O00151,329,36071.713499999998,0.35866261398176291,0.057750759878419454,0.11550151975683891,0.1398176291793313,0.024316109422492401,0.069908814589665649,-0.52188449848024321,0.0729483282674772,0.024316109422492401,0.0364741641337386,0.079027355623100301,0.030395136778115502,0.066869300911854099,0.030395136778115502,0.042553191489361701,0.066869300911854099,0.069908814589665649,0.0182370820668693,0.057750759878419454,0.069908814589665649,0.045592705167173252,0.042553191489361701,0.079027355623100301,0.066869300911854099,0.0729483282674772,0.0060790273556231003,0.021276595744680851
O00187,686,75702.363299999997,0.4067055393586006,0.11078717201166181,0.11807580174927114,0.11516034985422741,0.039358600583090382,0.065597667638483959,-0.28294460641399422,0.064139941690962099,0.039358600583090382,0.056851311953352766,0.061224489795918366,0.045189504373177841,0.091836734693877556,0.029154518950437316,0.045189504373177841,0.045189504373177841,0.080174927113702624,0.013119533527696793,0.026239067055393587,0.065597667638483959,0.026239067055393587,0.040816326530612242,0.075801749271137031,0.074344023323615158,0.05393586005830904,0.017492711370262391,0.048104956268221574
O00264,195,21671.158100000001,0.37435897435897436,0.087179487179487175,0.20000000000000001,0.13333333333333333,0.010256410256410256,0.066666666666666666,-0.56358974358974356,0.076923076923076927,0.010256410256410256,0.11282051282051282,0.087179487179487175,0.05128205128205128,0.082051282051282051,0.015384615384615385,0.02564102564102564,0.061538461538461542,0.11794871794871795,0.010256410256410256,0.015384615384615385,0.066666666666666666,0.02564102564102564,0.056410256410256411,0.056410256410256411,0.046153846153846156,0.046153846153846156,0.0051282051282051282,0.030769230769230771
O00299,241,26922.727999999999,0.42738589211618255,0.087136929460580909,0.14522821576763487,0.12448132780082988,0.024896265560165973,0.058091286307053944,-0.28381742738589216,0.082987551867219914,0.024896265560165973,0.049792531120331947,0.095435684647302899,0.049792531120331947,0.053941908713692949,0.012448132780082987,0.029045643153526972,0.074688796680497924,0.12448132780082988,0.0082987551867219917,0.053941908713692949,0.058091286307053944,0.033195020746887967,0.037344398340248962,0.041493775933609957,0.062240663900414939,0.070539419087136929,0.0041493775933609959,0.033195020746887967
O00410,1097,123629.9362,0.4649042844120328,0.074749316317228809,0.1431175934366454,0.11212397447584321,0.023701002734731084,0.041932543299908843,-0.13363719234275298,0.088422971741112119,0.023701002734731084,0.061987237921604377,0.081130355515041025,0.038286235186873289,0.043755697356426621,0.026435733819507749,0.054694621695533276,0.053783044667274384,0.11759343664539654,0.038286235186873289,0.043755697356426621,0.041932543299908843,0.063810391978122147,0.031905195989061073,0.051048313582497722,0.035551504102096627,0.067456700091157701,0.011850501367365542,0.024612579762989972
O15145,178,20546.670999999998,0.398876404494382,0.11235955056179775,0.11797752808988764,0.14606741573033707,0.02247191011235955,0.073033707865168537,-0.60505617977528092,0.056179775280898875,0.02247191011235955,0.050561797752808987,0.06741573033707865,0.050561797752808987,0.050561797752808987,0.0056179775280898875,0.061797752808988762,0.10112359550561797,0.084269662921348312,0.033707865168539325,0.056179775280898875,0.073033707865168537,0.056179775280898875,0.039325842696629212,0.050561797752808987,0.050561797752808987,0.028089887640449437,0.011235955056179775,0.050561797752808987
O75083,606,66193.523000000001,0.40759075907590758,0.095709570957095716,0.11221122112211221,0.13531353135313531,0.019801980198019802,0.036303630363036306,-0.23811881188118814,0.062706270627062702,0.019801980198019802,0.074257425742574254,0.037953795379537955,0.034653465346534656,0.097359735973597358,0.039603960396039604,0.056105610561056105,0.066006600660066,0.064356435643564358,0.013201320132013201,0.037953795379537955,0.036303630363036306,0.028052805280528052,0.029702970297029702,0.092409240924092403,0.052805280528052806,0.095709570957095716,0.018151815181518153,0.042904290429042903
O75531,89,10058.575499999999,0.42696629213483145,0.10112359550561797,0.16853932584269662,0.16853932584269662,0.0449438202247191,0.02247191011235955,-0.36629213483146067,0.06741573033707865,0.0449438202247191,0.078651685393258425,0.0898876404494382,0.06741573033707865,0.10112359550561797,0.011235955056179775,0.011235955056179775,0.10112359550561797,0.11235955056179775,0.02247191011235955,0.011235955056179775,0.02247191011235955,0.033707865168539325,0.056179775280898875,0.033707865168539325,0.033707865168539325,0.06741573033707865,0.02247191011235955,0.011235955056179775
P00387,301,34234.857599999996,0.42524916943521596,0.093023255813953487,0.11295681063122924,0.14950166112956811,0.013289036544850499,0.089700996677740868,-0.17973421926910302,0.043189368770764118,0.013289036544850499,0.063122923588039864,0.049833887043189369,0.049833887043189369,0.069767441860465115,0.036544850498338874,0.073089700996677748,0.053156146179401995,0.10963455149501661,0.036544850498338874,0.019933554817275746,0.089700996677740868,0.036544850498338874,0.059800664451827246,0.049833887043189369,0.046511627906976744,0.05647840531561462,0.0099667774086378731,0.033222591362126248
P00403,227,25565.0196,0.51982378854625555,0.1013215859030837,0.096916299559471369,0.070484581497797363,0.013215859030837005,0.066079295154185022,0.4603524229074889,0.061674008810572688,0.013215859030837005,0.048458149779735685,0.048458149779735685,0.04405286343612335,0.048458149779735685,0.02643171806167401,0.096916299559471369,0.017621145374449341,0.14537444933920704,0.04405286343612335,0.030837004405286344,0.066079295154185022,0.030837004405286344,0.02643171806167401,0.04405286343612335,0.092511013215859028,0.057268722466960353,0.017621145374449341,0.039647577092511016
P01275,180,20909.205299999998,0.3611111111111111,0.10555555555555556,0.16111111111111112,0.16666666666666666,0,0.016666666666666666,-0.81388888888888888,0.072222222222222215,0,0.088888888888888892,0.072222222222222215,0.061111111111111109,0.050000000000000003,0.022222222222222223,0.044444444444444446,0.055555555555555552,0.066666666666666666,0.027777777777777776,0.044444444444444446,0.016666666666666666,0.055555555555555552,0.088888888888888892,0.094444444444444442,0.050000000000000003,0.044444444444444446,0.022222222222222223,0.022222222222222223
P04004,478,54305.590499999998,0.37447698744769875,0.11715481171548117,0.13807531380753138,0.13598326359832635,0.029288702928870293,0.077405857740585768,-0.72343096234309623,0.071129707112970716,0.029288702928870293,0.066945606694560664,0.071129707112970716,0.048117154811715482,0.077405857740585768,0.018828451882845189,0.029288702928870293,0.041841004184100417,0.066945606694560664,0.014644351464435146,0.031380753138075312,0.077405857740585768,0.054393305439330547,0.075313807531380755,0.071129707112970716,0.039748953974895397,0.046025104602510462,0.020920502092050208,0.048117154811715482
P04264,644,66038.730100000001,0.27795031055900621,0.071428571428571425,0.099378881987577633,0.10869565217391304,0.004658385093167702,0.010869565217391304,-0.62577639751552794,0.037267080745341616,0.004658385093167702,0.04192546583850932,0.05745341614906832,0.032608695652173912,0.2267080745341615,0.0062111801242236021,0.046583850931677016,0.043478260869565216,0.065217391304347824,0.012422360248447204,0.043478260869565216,0.010869565217391304,0.055900621118012424,0.059006211180124224,0.13975155279503104,0.037267080745341616,0.040372670807453416,0.0015527950310559005,0.037267080745341616
P04844,631,69284.007400000002,0.45958795562599047,0.087163232963549928,0.10301109350237718,0.10142630744849446,0.0031695721077654518,0.039619651347068144,0.080982567353407267,0.10301109350237718,0.0031695721077654518,0.041204437400950873,0.061806656101426306,0.052297939778129951,0.039619651347068144,0.025356576862123614,0.047543581616481777,0.045958795562599047,0.11727416798732171,0.012678288431061807,0.041204437400950873,0.039619651347068144,0.047543581616481777,0.030110935023771792,0.085578446909667191,0.082408874801901746,0.08874801901743265,0.0063391442155309036,0.028526148969889066
P05023,1023,112896.0972,0.45356793743890517,0.079178885630498533,0.12218963831867058,0.11436950146627566,0.022482893450635387,0.043010752688172046,0.01124144672531768,0.079178885630498533,0.022482893450635387,0.056695992179863146,0.065493646138807426,0.04398826979472141,0.074291300097751714,0.01466275659824047,0.08113391984359726,0.054740957966764418,0.093841642228739003,0.024437927663734114,0.041055718475073312,0.043010752688172046,0.036168132942326493,0.044965786901270774,0.056695992179863146,0.05865102639296188,0.07331378299120235,0.011730205278592375,0.023460410557184751
P05556,798,88415.272200000007,0.38847117794486213,0.072681704260651625,0.13157894736842105,0.12030075187969924,0.072681704260651625,0.043859649122807015,-0.40350877192982454,0.037593984962406013,0.072681704260651625,0.052631578947368418,0.078947368421052627,0.036340852130325813,0.077694235588972427,0.012531328320802004,0.060150375939849621,0.071428571428571425,0.062656641604010022,0.018796992481203006,0.072681704260651625,0.043859649122807015,0.036340852130325813,0.036340852130325813,0.073934837092731825,0.055137844611528819,0.063909774436090222,0.0075187969924812026,0.02882205513784461
P06396,782,85697.517999999996,0.40281329923273657,0.086956521739130432,0.12404092071611253,0.12915601023017903,0.0089514066496163679,0.053708439897698211,-0.41457800511508952,0.10358056265984655,0.0089514066496163679,0.058823529411764705,0.065217391304347824,0.039641943734015347,0.090792838874680301,0.017902813299232736,0.029411764705882353,0.05754475703324808,0.081841432225063945,0.016624040920716114,0.035805626598465472,0.053708439897698211,0.052429667519181586,0.053708439897698211,0.058823529411764705,0.052429667519181586,0.075447570332480812,0.019181585677749361,0.028132992327365727
P06576,529,56559.902300000002,0.44045368620037806,0.054820415879017016,0.12098298676748583,0.11153119092627599,0,0.060491493383742913,0.018147448015122861,0.11153119092627599,0,0.051039697542533083,0.069943289224952743,0.030245746691871456,0.092627599243856329,0.01890359168241966,0.068052930056710773,0.043478260869565216,0.090737240075614373,0.026465028355387523,0.017013232514177693,0.060491493383742913,0.045368620037807186,0.049149338374291113,0.049149338374291113,0.062381852551984876,0.088846880907372403,0,0.024574669187145556
P07996,1170,129382.666,0.34615384615384615,0.07521367521367521,0.15555555555555556,0.12136752136752137,0.059829059829059832,0.059829059829059832,-0.71888888888888891,0.044444444444444446,0.059829059829059832,0.11196581196581197,0.043589743589743588,0.029914529914529916,0.089743589743589744,0.023076923076923078,0.038461538461538464,0.047008547008547008,0.054700854700854701,0.011965811965811967,0.069230769230769235,0.059829059829059832,0.042735042735042736,0.05128205128205128,0.063247863247863245,0.052136752136752139,0.061538461538461542,0.018803418803418803,0.026495726495726495
P09493,284,32708.5687,0.36619718309859156,0.02464788732394366,0.28169014084507044,0.19366197183098591,0.0035211267605633804,0,-1.0440140845070423,0.12676056338028169,0.0035211267605633804,0.084507042253521125,0.19718309859154928,0.0035211267605633804,0.010563380281690141,0.0070422535211267607,0.042253521126760563,0.13380281690140844,0.11619718309859155,0.021126760563380281,0.017605633802816902,0,0.049295774647887321,0.052816901408450703,0.052816901408450703,0.028169014084507043,0.031690140845070422,0,0.021126760563380281
P10599,105,11737.496499999999,0.45714285714285713,0.10476190476190476,0.16190476190476191,0.12380952380952381,0.047619047619047616,0.028571428571428571,-0.096190476190476187,0.076190476190476197,0.047619047619047616,0.066666666666666666,0.095238095238095233,0.085714285714285715,0.047619047619047616,0.0095238095238095247,0.038095238095238099,0.11428571428571428,0.057142857142857141,0.028571428571428571,0.028571428571428571,0.028571428571428571,0.047619047619047616,0,0.066666666666666666,0.038095238095238099,0.10476190476190476,0.0095238095238095247,0.0095238095238095247
P10644,381,42981.6947,0.40682414698162728,0.081364829396325458,0.16010498687664043,0.14435695538057744,0.010498687664041995,0.041994750656167978,-0.43727034120734909,0.081364829396325458,0.010498687664041995,0.05774278215223097,0.10236220472440945,0.041994750656167978,0.062992125984251968,0.0052493438320209973,0.055118110236220472,0.05774278215223097,0.081364829396325458,0.018372703412073491,0.034120734908136482,0.041994750656167978,0.03937007874015748,0.081364829396325458,0.070866141732283464,0.03937007874015748,0.07874015748031496,0.007874015748031496,0.031496062992125984
P10809,573,61054.635199999997,0.42582897033158812,0.031413612565445025,0.13961605584642234,0.13612565445026178,0.005235602094240838,0.033158813263525308,-0.076439790575916225,0.09947643979057591,0.005235602094240838,0.064572425828970326,0.075043630017452012,0.017452006980802792,0.097731239092495634,0.005235602094240838,0.075043630017452012,0.092495636998254804,0.083769633507853408,0.031413612565445025,0.034904013961605584,0.033158813263525308,0.029668411867364748,0.038394415357766144,0.043630017452006981,0.059336823734729496,0.09947643979057591,0.0017452006980802793,0.012216404886561954
P11021,654,72332.960200000001,0.37003058103975534,0.058103975535168197,0.16972477064220184,0.14525993883792049,0.0030581039755351682,0.041284403669724773,-0.48669724770642203,0.070336391437308868,0.0030581039755351682,0.071865443425076447,0.097859327217125383,0.035168195718654434,0.0764525993883792,0.0091743119266055051,0.064220183486238536,0.093272171253822631,0.079510703363914373,0.016819571865443424,0.042813455657492352,0.041284403669724773,0.03669724770642202,0.042813455657492352,0.042813455657492352,0.07492354740061162,0.077981651376146793,0.0030581039755351682,0.019877675840978593
P11166,492,54083.776100000003,0.51626016260162599,0.11585365853658537,0.063008130081300809,0.085365853658536592,0.012195121951219513,0.046747967479674794,0.53414634146341466,0.06910569105691057,0.012195121951219513,0.014227642276422764,0.04878048780487805,0.077235772357723581,0.093495934959349589,0.01016260162601626,0.075203252032520332,0.032520325203252036,0.11991869918699187,0.034552845528455285,0.028455284552845527,0.046747967479674794,0.042682926829268296,0.042682926829268296,0.07113821138211382,0.052845528455284556,0.08943089430894309,0.012195121951219513,0.026422764227642278
P11413,515,59256.752500000002,0.42912621359223302,0.1087378640776699,0.13009708737864079,0.14757281553398058,0.015533980582524271,0.046601941747572817,-0.37009708737864083,0.062135922330097085,0.015533980582524271,0.056310679611650483,0.073786407766990289,0.054368932038834951,0.064077669902912623,0.02524271844660194,0.058252427184466021,0.056310679611650483,0.089320388349514557,0.027184466019417475,0.048543689320388349,0.046601941747572817,0.044660194174757278,0.066019417475728162,0.046601941747572817,0.042718446601941747,0.067961165048543687,0.013592233009708738,0.040776699029126215
P13796,627,70288.393200000006,0.42424242424242425,0.071770334928229665,0.1419457735247209,0.13078149920255183,0.015948963317384369,0.038277511961722487,-0.31164274322169061,0.068580542264752797,0.015948963317384369,0.063795853269537475,0.078149920255183414,0.031897926634768738,0.068580542264752797,0.012759170653907496,0.066985645933014357,0.071770334928229665,0.11164274322169059,0.027113237639553429,0.079744816586921854,0.038277511961722487,0.027113237639553429,0.046251993620414676,0.051036682615629984,0.038277511961722487,0.062200956937799042,0.012759170653907496,0.027113237639553429
P14868,501,57136.217700000001,0.41117764471057883,0.081836327345309379,0.13972055888223553,0.15369261477045909,0.013972055888223553,0.04790419161676647,-0.41636726546906189,0.071856287425149698,0.013972055888223553,0.057884231536926151,0.081836327345309379,0.049900199600798403,0.051896207584830337,0.027944111776447105,0.05588822355289421,0.057884231536926151,0.081836327345309379,0.029940119760479042,0.033932135728542916,0.04790419161676647,0.061876247504990017,0.067864271457085831,0.053892215568862277,0.04590818363273453,0.075848303393213579,0.001996007984031936,0.029940119760479042
P15531,152,17148.7251,0.43421052631578949,0.098684210526315791,0.13815789473684212,0.14473684210526316,0.019736842105263157,0.039473684210526314,-0.19407894736842107,0.052631578947368418,0.019736842105263157,0.052631578947368418,0.085526315789473686,0.052631578947368418,0.098684210526315791,0.026315789473684209,0.065789473684210523,0.065789473684210523,0.072368421052631582,0.032894736842105261,0.032894736842105261,0.039473684210526314,0.032894736842105261,0.052631578947368418,0.046052631578947366,0.032894736842105261,0.092105263157894732,0.019736842105263157,0.026315789473684209
P16615,1042,114756.8655,0.46545105566218808,0.074856046065259113,0.1199616122840691,0.10844529750479846,0.027831094049904029,0.046065259117082535,0.096641074856046061,0.080614203454894437,0.027831094049904029,0.047024952015355087,0.07293666026871401,0.04126679462571977,0.063339731285988479,0.012476007677543186,0.07293666026871401,0.054702495201535507,0.092130518234165071,0.030710172744721688,0.043186180422264873,0.046065259117082535,0.025911708253358926,0.04126679462571977,0.064299424184261031,0.063339731285988479,0.086372360844529747,0.015355086372360844,0.018234165067178502
P19367,917,102485.898,0.41875681570338058,0.069792802617230101,0.13631406761177753,0.15158124318429661,0.021810250817884406,0.022900763358778626,-0.21003271537622686,0.055616139585605233,0.021810250817884406,0.068702290076335881,0.067611777535441661,0.042529989094874592,0.085059978189749183,0.022900763358778626,0.057797164667393673,0.064340239912759001,0.099236641221374045,0.037077426390403491,0.037077426390403491,0.022900763358778626,0.029443838604143947,0.064340239912759001,0.053435114503816793,0.065430752453653221,0.077426390403489642,0.0043620501635768813,0.022900763358778626
P20645,277,30993.274300000001,0.43321299638989169,0.097472924187725629,0.1299638989169675,0.1299638989169675,0.032490974729241874,0.028880866425992781,-0.19061371841155236,0.054151624548736461,0.032490974729241874,0.050541516245487361,0.079422382671480149,0.050541516245487361,0.090252707581227443,0.025270758122743681,0.032490974729241874,0.050541516245487361,0.10469314079422383,0.021660649819494584,0.046931407942238268,0.028880866425992781,0.032490974729241874,0.054151624548736461,0.072202166064981949,0.036101083032490974,0.090252707581227443,0.01444043321299639,0.032490974729241874
P21796,283,30772.595099999999,0.37455830388692579,0.10247349823321555,0.10247349823321555,0.12367491166077739,0.0070671378091872791,0.021201413427561839,-0.41095406360424031,0.074204946996466431,0.0070671378091872791,0.049469964664310952,0.053003533568904596,0.049469964664310952,0.11307420494699646,0.010600706713780919,0.038869257950530034,0.088339222614840993,0.098939929328621903,0.010600706713780919,0.067137809187279157,0.021201413427561839,0.028268551236749116,0.024734982332155476,0.063604240282685506,0.10600706713780919,0.042402826855123678,0.014134275618374558,0.038869257950530034
P23284,216,23742.538,0.41203703703703703,0.10185185185185185,0.125,0.17592592592592593,0.0046296296296296294,0.037037037037037035,-0.19768518518518519,0.064814814814814811,0.0046296296296296294,0.069444444444444448,0.055555555555555552,0.07407407407407407,0.11574074074074074,0.013888888888888888,0.050925925925925923,0.12037037037037036,0.069444444444444448,0.023148148148148147,0.027777777777777776,0.037037037037037035,0.0092592592592592587,0.041666666666666664,0.041666666666666664,0.055555555555555552,0.097222222222222224,0.0092592592592592587,0.018518518518518517
P24844,172,19827.183699999998,0.36046511627906974,0.098837209302325577,0.20348837209302326,0.15697674418604651,0.0058139534883720929,0.034883720930232558,-0.79709302325581388,0.069767441860465115,0.0058139534883720929,0.10465116279069768,0.098837209302325577,0.081395348837209308,0.058139534883720929,0.023255813953488372,0.046511627906976744,0.081395348837209308,0.058139534883720929,0.058139534883720929,0.05232558139534884,0.034883720930232558,0.029069767441860465,0.05232558139534884,0.040697674418604654,0.063953488372093026,0.023255813953488372,0,0.017441860465116279
P26038,577,67820.0432,0.36395147313691506,0.065857885615251299,0.18890814558058924,0.19410745233968804,0.0034662045060658577,0.025996533795493933,-0.97504332755632583,0.084922010398613523,0.0034662045060658577,0.051993067590987867,0.1369150779896014,0.031195840554592721,0.031195840554592721,0.015597920277296361,0.043327556325823226,0.10745233968804159,0.091854419410745236,0.03292894280762565,0.036395147313691506,0.025996533795493933,0.077989601386481797,0.071057192374350084,0.036395147313691506,0.045060658578856154,0.041594454072790298,0.012131715771230503,0.022530329289428077
P26641,437,50118.811399999999,0.42105263157894735,0.13501144164759726,0.13043478260869565,0.13958810068649885,0.013729977116704805,0.059496567505720827,-0.48077803203661323,0.096109839816933634,0.013729977116704805,0.041189931350114416,0.08924485125858124,0.075514874141876437,0.048054919908466817,0.016018306636155607,0.025171624713958809,0.073226544622425629,0.07780320366132723,0.013729977116704805,0.034324942791762014,0.059496567505720827,0.050343249427917618,0.050343249427917618,0.057208237986270026,0.059496567505720827,0.059496567505720827,0.027459954233409609,0.032036613272311214
P27348,245,27764.249299999999,0.42040816326530611,0.077551020408163265,0.17959183673469387,0.12653061224489795,0.020408163265306121,0.016326530612244899,-0.51183673469387758,0.097959183673469383,0.020408163265306121,0.073469387755102047,0.10612244897959183,0.024489795918367346,0.036734693877551024,0.0040816326530612249,0.048979591836734691,0.077551020408163265,0.11020408163265306,0.024489795918367346,0.048979591836734691,0.016326530612244899,0.040816326530612242,0.044897959183673466,0.065306122448979598,0.065306122448979598,0.040816326530612242,0.0081632653061224497,0.044897959183673466
P27797,417,48141.559800000003,0.31414868105515587,0.10311750599520383,0.26139088729016785,0.1366906474820144,0.0071942446043165471,0.064748201438848921,-1.1043165467625899,0.038369304556354913,0.0071942446043165471,0.13189448441247004,0.12949640287769784,0.043165467625899283,0.064748201438848921,0.016786570743405275,0.045563549160671464,0.10071942446043165,0.06235011990407674,0.011990407673860911,0.038369304556354913,0.064748201438848921,0.035971223021582732,0.019184652278177457,0.047961630695443645,0.035971223021582732,0.045563549160671464,0.026378896882494004,0.033573141486810551
P28066,241,26411.032199999998,0.42323651452282157,0.066390041493775934,0.14522821576763487,0.1037344398340249,0.012448132780082987,0.033195020746887967,-0.1066390041493776,0.087136929460580909,0.012448132780082987,0.041493775933609957,0.1037344398340249,0.045643153526970952,0.070539419087136929,0.020746887966804978,0.074688796680497924,0.053941908713692949,0.078838174273858919,0.037344398340248962,0.029045643153526972,0.033195020746887967,0.049792531120331947,0.029045643153526972,0.078838174273858919,0.066390041493775934,0.066390041493775934,0.0041493775933609959,0.016597510373443983
P28070,264,29204.235199999999,0.44318181818181818,0.10606060606060606,0.10227272727272728,0.10227272727272728,0.003787878787878788,0.04924242424242424,-0.15946969696969701,0.083333333333333329,0.003787878787878788,0.045454545454545456,0.056818181818181816,0.034090909090909088,0.10227272727272728,0.011363636363636364,0.045454545454545456,0.01893939393939394,0.090909090909090912,0.04924242424242424,0.030303030303030304,0.04924242424242424,0.034090909090909088,0.071969696969696975,0.083333333333333329,0.053030303030303032,0.064393939393939392,0.015151515151515152,0.056818181818181816
P30041,224,25034.986099999998,0.41964285714285715,0.084821428571428575,0.14285714285714285,0.14732142857142858,0.0089285714285714281,0.084821428571428575,-0.2098214285714286,0.071428571428571425,0.0089285714285714281,0.071428571428571425,0.071428571428571425,0.053571428571428568,0.0625,0.013392857142857142,0.053571428571428568,0.080357142857142863,0.11160714285714286,0.017857142857142856,0.03125,0.084821428571428575,0.0089285714285714281,0.053571428571428568,0.040178571428571432,0.0625,0.071428571428571425,0.013392857142857142,0.017857142857142856
P30044,214,22086.4319,0.46261682242990654,0.065420560747663545,0.093457943925233641,0.12149532710280374,0.018691588785046728,0.042056074766355138,0.15233644859813084,0.14018691588785046,0.018691588785046728,0.037383177570093455,0.056074766355140186,0.046728971962616821,0.13551401869158877,0.0093457943925233638,0.032710280373831772,0.060747663551401869,0.093457943925233641,0.014018691588785047,0.028037383177570093,0.042056074766355138,0.02336448598130841,0.051401869158878503,0.060747663551401869,0.032710280373831772,0.098130841121495324,0.0093457943925233638,0.0093457943925233638
P30048,256,27692.654999999999,0.453125,0.08984375,0.0859375,0.125,0.0234375,0.0546875,0.060546874999999979,0.1015625,0.0234375,0.046875,0.0390625,0.0546875,0.06640625,0.03515625,0.0390625,0.05078125,0.1015625,0.0078125,0.04296875,0.0546875,0.0234375,0.0390625,0.09375,0.0546875,0.08984375,0.01171875,0.0234375
P30101,505,56782.387199999997,0.40594059405940597,0.100990099009901,0.15247524752475247,0.15841584158415842,0.013861386138613862,0.049504950495049507,-0.50633663366336634,0.089108910891089105,0.013861386138613862,0.067326732673267331,0.085148514851485155,0.057425742574257428,0.061386138613861385,0.01782178217821782,0.047524752475247525,0.095049504950495051,0.081188118811881191,0.015841584158415842,0.055445544554455446,0.049504950495049507,0.01782178217821782,0.045544554455445543,0.057425742574257428,0.041584158415841586,0.057425742574257428,0.0059405940594059407,0.037623762376237622
P37802,199,22391.446400000001,0.38190954773869346,0.080402010050251257,0.10552763819095477,0.11557788944723618,0.01507537688442211,0.045226130653266333,-0.6135678391959799,0.070351758793969849,0.01507537688442211,0.050251256281407038,0.055276381909547742,0.035175879396984924,0.095477386934673364,0,0.055276381909547742,0.06030150753768844,0.080402010050251257,0.040201005025125629,0.065326633165829151,0.045226130653266333,0.10552763819095477,0.055276381909547742,0.035175879396984924,0.050251256281407038,0.040201005025125629,0.020100502512562814,0.025125628140703519
P38646,679,73680.497699999993,0.39027982326951399,0.047128129602356406,0.13991163475699558,0.14138438880706922,0.0073637702503681884,0.032400589101620032,-0.40029455081001475,0.10456553755522828,0.0073637702503681884,0.061855670103092786,0.078055964653902798,0.027982326951399118,0.08247422680412371,0.011782032400589101,0.057437407952871868,0.076583210603829166,0.070692194403534608,0.026509572901325478,0.039764359351988215,0.032400589101620032,0.051546391752577317,0.053019145802650956,0.060382916053019146,0.061855670103092786,0.076583210603829166,0.0029455081001472753,0.016200294550810016
P45880,294,31566.500499999998,0.38435374149659862,0.098639455782312924,0.098639455782312924,0.11564625850340136,0.030612244897959183,0.023809523809523808,-0.27414965986394563,0.071428571428571425,0.030612244897959183,0.057823129251700682,0.040816326530612242,0.051020408163265307,0.11564625850340136,0.013605442176870748,0.044217687074829932,0.078231292517006806,0.078231292517006806,0.01020408163265306,0.051020408163265307,0.023809523809523808,0.027210884353741496,0.023809523809523808,0.078231292517006806,0.10544217687074831,0.051020408163265307,0.013605442176870748,0.034013605442176874
P49411,455,49874.9395,0.43076923076923079,0.05054945054945055,0.12527472527472527,0.15824175824175823,0.013186813186813187,0.052747252747252747,-0.1197802197802198,0.087912087912087919,0.013186813186813187,0.041758241758241756,0.083516483516483511,0.024175824175824177,0.090109890109890109,0.032967032967032968,0.05054945054945055,0.065934065934065936,0.11868131868131868,0.028571428571428571,0.026373626373626374,0.052747252747252747,0.019780219780219779,0.059340659340659338,0.026373626373626374,0.07032967032967033,0.081318681318681321,0.0043956043956043956,0.02197802197802198
P50990,548,59620.5818,0.45072992700729925,0.056569343065693431,0.13503649635036497,0.12956204379562045,0.01824817518248175,0.032846715328467155,-0.067700729927007305,0.10036496350364964,0.01824817518248175,0.056569343065693431,0.078467153284671534,0.027372262773722629,0.074817518248175188,0.021897810218978103,0.060218978102189784,0.074817518248175188,0.091240875912408759,0.032846715328467155,0.045620437956204379,0.032846715328467155,0.027372262773722629,0.032846715328467155,0.051094890510948905,0.052919708029197078,0.091240875912408759,0.0054744525547445258,0.023722627737226276
P50991,539,57924.233800000002,0.43413729128014844,0.024118738404452691,0.11873840445269017,0.13358070500927643,0.016697588126159554,0.029684601113172542,0.028385899814471236,0.090909090909090912,0.016697588126159554,0.057513914656771803,0.061224489795918366,0.012987012987012988,0.07050092764378478,0.011131725417439703,0.087198515769944335,0.072356215213358069,0.10575139146567718,0.027829313543599257,0.037105751391465679,0.029684601113172542,0.033395176252319109,0.050092764378478663,0.076066790352504632,0.066790352504638217,0.081632653061224483,0,0.011131725417439703
P50995,505,54389.709900000002,0.36039603960396038,0.081188118811881191,0.099009900990099015,0.10891089108910891,0.011881188118811881,0.12475247524752475,-0.52138613861386141,0.077227722772277227,0.011881188118811881,0.049504950495049507,0.049504950495049507,0.029702970297029702,0.11287128712871287,0.0079207920792079209,0.045544554455445543,0.047524752475247525,0.073267326732673263,0.033663366336633666,0.035643564356435641,0.12475247524752475,0.045544554455445543,0.053465346534653464,0.067326732673267331,0.045544554455445543,0.037623762376237622,0.0019801980198019802,0.049504950495049507
P52907,286,32922.772400000002,0.38461538461538464,0.1048951048951049,0.15034965034965034,0.14685314685314685,0.01048951048951049,0.034965034965034968,-0.66818181818181821,0.073426573426573424,0.01048951048951049,0.073426573426573424,0.076923076923076927,0.052447552447552448,0.045454545454545456,0.027972027972027972,0.062937062937062943,0.069930069930069935,0.05944055944055944,0.013986013986013986,0.062937062937062943,0.034965034965034968,0.05944055944055944,0.048951048951048952,0.055944055944055944,0.05944055944055944,0.05944055944055944,0.017482517482517484,0.034965034965034968
P53396,1101,120839.2265,0.43778383287920075,0.086285195277020887,0.11080835603996367,0.13169845594913715,0.014532243415077202,0.05267938237965486,-0.1052679382379655,0.081743869209809264,0.014532243415077202,0.053587647593097185,0.057220708446866483,0.039963669391462307,0.09264305177111716,0.022706630336058128,0.069936421435059043,0.065395095367847406,0.081743869209809264,0.030881017257039057,0.031789282470481378,0.05267938237965486,0.029972752043596729,0.043596730245231606,0.055404178019981834,0.057220708446866483,0.072661217075386017,0.0099909173478655768,0.036330608537693009
P55072,806,89321.802800000005,0.40322580645161288,0.058312655086848637,0.16129032258064516,0.14267990074441686,0.01488833746898263,0.053349875930521089,-0.34764267990074438,0.080645161290322578,0.01488833746898263,0.076923076923076927,0.084367245657568243,0.038461538461538464,0.078163771712158811,0.012406947890818859,0.073200992555831262,0.058312655086848637,0.085607940446650127,0.024813895781637719,0.039702233250620347,0.053349875930521089,0.032258064516129031,0.071960297766749379,0.049627791563275438,0.039702233250620347,0.065756823821339946,0.0037220843672456576,0.016129032258064516
P60174,249,26669.488799999999,0.43373493975903615,0.068273092369477914,0.11646586345381527,0.12851405622489959,0.020080321285140562,0.040160642570281124,-0.1180722891566265,0.11244979919678715,0.020080321285140562,0.048192771084337352,0.068273092369477914,0.032128514056224897,0.10040160642570281,0.016064257028112448,0.060240963855421686,0.080321285140562249,0.060240963855421686,0.012048192771084338,0.032128514056224897,0.040160642570281124,0.044176706827309238,0.032128514056224897,0.048192771084337352,0.056224899598393573,0.10040160642570281,0.020080321285140562,0.016064257028112448
P61006,207,23668.203699999998,0.41545893719806765,0.10144927536231885,0.13043478260869565,0.16425120772946861,0.014492753623188406,0.0096618357487922701,-0.38067632850241545,0.06280193236714976,0.014492753623188406,0.072463768115942032,0.057971014492753624,0.06280193236714976,0.067632850241545889,0.004830917874396135,0.091787439613526575,0.096618357487922704,0.072463768115942032,0.028985507246376812,0.057971014492753624,0.0096618357487922701,0.033816425120772944,0.06280193236714976,0.057971014492753624,0.06280193236714976,0.043478260869565216,0.0096618357487922701,0.028985507246376812
P61026,200,22540.9326,0.40000000000000002,0.089999999999999997,0.13500000000000001,0.16500000000000001,0.02,0.014999999999999999,-0.33000000000000002,0.050000000000000003,0.02,0.070000000000000007,0.065000000000000002,0.055,0.085000000000000006,0.014999999999999999,0.089999999999999997,0.105,0.074999999999999997,0.025000000000000001,0.050000000000000003,0.014999999999999999,0.02,0.044999999999999998,0.055,0.074999999999999997,0.050000000000000003,0.014999999999999999,0.02
P61106,215,23896.947099999998,0.413953488372093,0.093023255813953487,0.12093023255813953,0.12558139534883722,0.018604651162790697,0.03255813953488372,-0.39906976744186046,0.097674418604651161,0.018604651162790697,0.046511627906976744,0.07441860465116279,0.037209302325581395,0.083720930232558138,0.018604651162790697,0.069767441860465115,0.055813953488372092,0.07441860465116279,0.018604651162790697,0.046511627906976744,0.03255813953488372,0.055813953488372092,0.051162790697674418,0.055813953488372092,0.065116279069767441,0.041860465116279069,0.0093023255813953487,0.046511627906976744
P61978,463,50976.246800000001,0.32181425485961124,0.071274298056155511,0.14254859611231102,0.13390928725701945,0.01079913606911447,0.088552915766738655,-0.70475161987041035,0.045356371490280781,0.01079913606911447,0.071274298056155511,0.071274298056155511,0.028077753779697623,0.12095032397408208,0.0086393088552915772,0.075593952483801297,0.047516198704103674,0.062634989200863925,0.02591792656587473,0.02591792656587473,0.088552915766738655,0.045356371490280781,0.07775377969762419,0.069114470842332618,0.05183585313174946,0.030237580993520519,0.0064794816414686825,0.036717062634989202
P61981,247,28302.590199999999,0.40890688259109309,0.076923076923076927,0.18218623481781376,0.13765182186234817,0.012145748987854251,0.016194331983805668,-0.68016194331983804,0.093117408906882596,0.012145748987854251,0.068825910931174086,0.11336032388663968,0.012145748987854251,0.032388663967611336,0.016194331983805668,0.04048582995951417,0.068825910931174086,0.097165991902834009,0.028340080971659919,0.056680161943319839,0.016194331983805668,0.048582995951417005,0.052631578947368418,0.0728744939271255,0.044534412955465584,0.060728744939271252,0.0080971659919028341,0.056680161943319839
P62330,175,20082.1574,0.41714285714285715,0.091428571428571428,0.12,0.16,0.011428571428571429,0.028571428571428571,-0.3645714285714286,0.045714285714285714,0.011428571428571429,0.074285714285714288,0.045714285714285714,0.028571428571428571,0.080000000000000002,0.017142857142857144,0.080000000000000002,0.074285714285714288,0.097142857142857142,0.028571428571428571,0.045714285714285714,0.028571428571428571,0.040000000000000001,0.068571428571428575,0.034285714285714287,0.074285714285714288,0.062857142857142861,0.022857142857142857,0.040000000000000001
P62805,103,11367.344499999999,0.36893203883495146,0.058252427184466021,0.067961165048543687,0.26213592233009708,0,0.0097087378640776691,-0.52135922330097095,0.067961165048543687,0,0.029126213592233011,0.038834951456310676,0.019417475728155338,0.1650485436893204,0.019417475728155338,0.058252427184466021,0.10679611650485436,0.077669902912621352,0.019417475728155338,0.019417475728155338,0.0097087378640776691,0.019417475728155338,0.13592233009708737,0.019417475728155338,0.067961165048543687,0.087378640776699032,0,0.038834951456310676
P63000,192,21450.105499999998,0.453125,0.083333333333333329,0.109375,0.14583333333333334,0.036458333333333336,0.072916666666666671,-0.10052083333333334,0.067708333333333329,0.036458333333333336,0.0625,0.046875,0.03125,0.057291666666666664,0.010416666666666666,0.052083333333333336,0.088541666666666671,0.109375,0.015625,0.03125,0.072916666666666671,0.026041666666666668,0.046875,0.036458333333333336,0.067708333333333329,0.088541666666666671,0.010416666666666666,0.041666666666666664
P68363,451,50151.631799999996,0.43015521064301554,0.095343680709534362,0.14190687361419069,0.11751662971175167,0.026607538802660754,0.044345898004434593,-0.23037694013303769,0.079822616407982258,0.026607538802660754,0.059866962305986697,0.082039911308203997,0.044345898004434593,0.079822616407982258,0.028824833702882482,0.059866962305986697,0.042128603104212861,0.070953436807095344,0.022172949002217297,0.035476718403547672,0.044345898004434593,0.035476718403547672,0.046563192904656318,0.050997782705099776,0.064301552106430154,0.075388026607538808,0.008869179600886918,0.042128603104212861
P68366,448,49924.404199999997,0.43080357142857145,0.095982142857142863,0.14285714285714285,0.11830357142857142,0.029017857142857144,0.049107142857142856,-0.25156250000000002,0.080357142857142863,0.029017857142857144,0.064732142857142863,0.078125,0.044642857142857144,0.075892857142857137,0.029017857142857144,0.060267857142857144,0.042410714285714288,0.069196428571428575,0.024553571428571428,0.035714285714285712,0.049107142857142856,0.035714285714285712,0.046875,0.051339285714285712,0.060267857142857144,0.071428571428571425,0.0089285714285714281,0.042410714285714288
P78417,241,27565.856899999999,0.41908713692946059,0.11203319502074689,0.13692946058091288,0.14107883817427386,0.020746887966804978,0.066390041493775934,-0.38008298755186726,0.053941908713692949,0.020746887966804978,0.037344398340248962,0.099585062240663894,0.053941908713692949,0.062240663900414939,0.0082987551867219917,0.049792531120331947,0.095435684647302899,0.11203319502074689,0.029045643153526972,0.041493775933609957,0.066390041493775934,0.024896265560165973,0.037344398340248962,0.070539419087136929,0.037344398340248962,0.041493775933609957,0.020746887966804978,0.037344398340248962
Q04695,432,48105.6659,0.36342592592592593,0.053240740740740741,0.15740740740740741,0.12731481481481483,0.011574074074074073,0.0092592592592592587,-0.6113425925925926,0.071759259259259259,0.011574074074074073,0.046296296296296294,0.1111111111111111,0.016203703703703703,0.085648148148148154,0.0069444444444444441,0.043981481481481483,0.046296296296296294,0.11342592592592593,0.023148148148148147,0.043981481481481483,0.0092592592592592587,0.067129629629629636,0.07407407407407407,0.087962962962962965,0.057870370370370371,0.046296296296296294,0.0046296296296296294,0.032407407407407406
Q14247,550,61586.1391,0.32000000000000001,0.10000000000000001,0.17999999999999999,0.16545454545454547,0.005454545454545455,0.03090909090909091,-1.0830909090909091,0.08727272727272728,0.005454545454545455,0.081818181818181818,0.098181818181818176,0.038181818181818185,0.09636363636363636,0.027272727272727271,0.02,0.092727272727272728,0.03090909090909091,0.012727272727272728,0.018181818181818181,0.03090909090909091,0.07454545454545454,0.045454545454545456,0.07454545454545454,0.040000000000000001,0.06363636363636363,0.01090909090909091,0.050909090909090911
Q14974,876,97170.182499999995,0.46232876712328769,0.061643835616438353,0.14155251141552511,0.1004566210045662,0.026255707762557076,0.042237442922374427,-0.091666666666666674,0.099315068493150679,0.026255707762557076,0.059360730593607303,0.082191780821917804,0.026255707762557076,0.043378995433789952,0.014840182648401826,0.055936073059360727,0.049086757990867577,0.11529680365296803,0.027397260273972601,0.043378995433789952,0.042237442922374427,0.061643835616438353,0.036529680365296802,0.055936073059360727,0.049086757990867577,0.076484018264840178,0.0091324200913242004,0.026255707762557076
Q15084,440,48121.323700000001,0.41590909090909089,0.086363636363636365,0.14999999999999999,0.125,0.015909090909090907,0.040909090909090909,-0.27500000000000002,0.086363636363636365,0.015909090909090907,0.077272727272727271,0.072727272727272724,0.038636363636363635,0.097727272727272732,0.013636363636363636,0.043181818181818182,0.065909090909090903,0.10000000000000001,0.011363636363636364,0.029545454545454545,0.040909090909090909,0.029545454545454545,0.045454545454545456,0.072727272727272724,0.038636363636363635,0.072727272727272724,0.022727272727272728,0.025000000000000001
Q15365,356,37497.809799999995,0.3904494382022472,0.028089887640449437,0.087078651685393263,0.10393258426966293,0.025280898876404494,0.053370786516853931,-0.10646067415730338,0.087078651685393263,0.025280898876404494,0.030898876404494381,0.056179775280898875,0.011235955056179775,0.10112359550561797,0.019662921348314606,0.095505617977528087,0.039325842696629212,0.06741573033707865,0.033707865168539325,0.039325842696629212,0.053370786516853931,0.056179775280898875,0.0449438202247191,0.098314606741573038,0.0702247191011236,0.053370786516853931,0.0028089887640449437,0.014044943820224719
Q15404,277,31540.295099999999,0.37545126353790614,0.064981949458483748,0.11191335740072202,0.1407942238267148,0,0.064981949458483748,-0.45667870036101088,0.028880866425992781,0,0.043321299638989168,0.068592057761732855,0.036101083032490974,0.046931407942238268,0.021660649819494584,0.050541516245487361,0.079422382671480149,0.16606498194945848,0.021660649819494584,0.093862815884476536,0.064981949458483748,0.046931407942238268,0.039711191335740074,0.068592057761732855,0.050541516245487361,0.043321299638989168,0.0036101083032490976,0.025270758122743681
Q15691,268,29999.080599999998,0.41417910447761191,0.089552238805970144,0.1455223880597015,0.12313432835820895,0.011194029850746268,0.055970149253731345,-0.42723880597014924,0.085820895522388058,0.011194029850746268,0.067164179104477612,0.078358208955223885,0.052238805970149252,0.063432835820895525,0.007462686567164179,0.048507462686567165,0.082089552238805971,0.082089552238805971,0.022388059701492536,0.052238805970149252,0.055970149253731345,0.067164179104477612,0.033582089552238806,0.044776119402985072,0.033582089552238806,0.074626865671641784,0.007462686567164179,0.029850746268656716
Q15942,572,61277.347600000001,0.33041958041958042,0.055944055944055944,0.096153846153846159,0.11188811188811189,0.036713286713286712,0.18181818181818182,-0.63041958041958046,0.089160839160839167,0.036713286713286712,0.036713286713286712,0.05944055944055944,0.036713286713286712,0.064685314685314688,0.026223776223776224,0.02097902097902098,0.045454545454545456,0.055944055944055944,0.013986013986013986,0.02097902097902098,0.18181818181818182,0.080419580419580416,0.040209790209790208,0.07167832167832168,0.04195804195804196,0.057692307692307696,0.0017482517482517483,0.017482517482517484
Q16543,378,44468.304100000001,0.35978835978835977,0.071428571428571425,0.22222222222222221,0.19576719576719576,0.023809523809523808,0.031746031746031744,-0.96746031746031746,0.058201058201058198,0.023809523809523808,0.071428571428571425,0.15079365079365079,0.031746031746031744,0.03968253968253968,0.021164021164021163,0.029100529100529099,0.10846560846560846,0.07407407407407407,0.03439153439153439,0.018518518518518517,0.031746031746031744,0.052910052910052907,0.066137566137566134,0.047619047619047616,0.031746031746031744,0.068783068783068779,0.018518518518518517,0.021164021164021163
Q16643,649,71429.290500000003,0.33744221879815101,0.050847457627118647,0.20647149460708783,0.10939907550077041,0.012326656394453005,0.095531587057010786,-0.80477657935285052,0.11556240369799692,0.012326656394453005,0.053929121725731895,0.15254237288135594,0.027734976887519261,0.052388289676425268,0.018489984591679508,0.027734976887519261,0.033898305084745763,0.069337442218798145,0.01386748844375963,0.021571648690292759,0.095531587057010786,0.057010785824345149,0.057010785824345149,0.066255778120184905,0.053929121725731895,0.047765793528505393,0.0092449922958397542,0.01386748844375963
Q16762,297,33428.938000000002,0.40740740740740738,0.10774410774410774,0.12794612794612795,0.15488215488215487,0.013468013468013467,0.060606060606060608,-0.38754208754208758,0.07407407407407407,0.013468013468013467,0.043771043771043773,0.084175084175084181,0.050505050505050504,0.084175084175084181,0.030303030303030304,0.016835016835016835,0.047138047138047139,0.090909090909090912,0.020202020202020204,0.016835016835016835,0.060606060606060608,0.023569023569023569,0.077441077441077436,0.077441077441077436,0.047138047138047139,0.084175084175084181,0.023569023569023569,0.033670033670033669
Q27J81,1249,135624.3199,0.38030424339471575,0.040832666132906328,0.13610888710968774,0.12409927942353884,0.018414731785428344,0.10008006405124099,-0.40296236989591672,0.096076861489191354,0.018414731785428344,0.053642914331465175,0.082465972778222582,0.022417934347477981,0.057646116893514815,0.013610888710968775,0.024819855884707767,0.051240992794235385,0.12730184147317855,0.014411529223378704,0.02321857485988791,0.10008006405124099,0.052842273819055242,0.059247397918334666,0.084867894315452358,0.040832666132906328,0.05844675740592474,0.0080064051240992789,0.010408326661329063
Q58FF8,381,44348.928500000002,0.35170603674540685,0.083989501312335957,0.2178477690288714,0.16010498687664043,0.007874015748031496,0.020997375328083989,-0.83044619422572175,0.036745406824146981,0.007874015748031496,0.065616797900262466,0.15223097112860892,0.031496062992125984,0.041994750656167978,0.010498687664041995,0.065616797900262466,0.12335958005249344,0.070866141732283464,0.028871391076115485,0.036745406824146981,0.020997375328083989,0.036745406824146981,0.026246719160104987,0.068241469816272965,0.065616797900262466,0.05774278215223097,0.013123359580052493,0.03937007874015748
Q70J99,1090,123281.90029999999,0.41192660550458715,0.066972477064220187,0.12110091743119267,0.14403669724770643,0.01743119266055046,0.055963302752293581,-0.31412844036697252,0.077064220183486243,0.01743119266055046,0.043119266055045874,0.077981651376146793,0.03669724770642202,0.047706422018348627,0.039449541284403672,0.032110091743119268,0.038532110091743121,0.14128440366972478,0.014678899082568808,0.016513761467889909,0.055963302752293581,0.079816513761467894,0.066055045871559637,0.067889908256880738,0.055045871559633031,0.062385321100917435,0.012844036697247707,0.01743119266055046
Q7L576,1253,145182.40719999999,0.44612928970470872,0.099760574620909814,0.12370311252992817,0.14525139664804471,0.023144453312051078,0.039904229848363927,-0.26392657621707905,0.054269752593774943,0.023144453312051078,0.044692737430167599,0.079010375099760569,0.047086991221069435,0.043096568236233042,0.029529130087789304,0.057462090981644051,0.056664006384676772,0.11652035115722266,0.032721468475658419,0.040702314445331206,0.039904229848363927,0.055067837190742222,0.059058260175578609,0.065442936951316838,0.040702314445331206,0.062250598563447723,0.0087789305666400638,0.043894652833200321
Q7Z406,1995,227870.5969,0.3694235588972431,0.044110275689223058,0.18345864661654135,0.17393483709273183,0.0085213032581453636,0.028571428571428571,-0.81122807017543863,0.10776942355889724,0.0085213032581453636,0.036090225563909777,0.14736842105263157,0.024060150375939851,0.055639097744360905,0.012030075187969926,0.02305764411027569,0.05463659147869674,0.12481203007518797,0.014536340852130326,0.024060150375939851,0.028571428571428571,0.079699248120300756,0.10726817042606517,0.047117794486215538,0.038095238095238099,0.046616541353383459,0.0065162907268170424,0.013533834586466165
Q86VP6,1230,136375.72140000001,0.44471544715447153,0.056097560975609757,0.12682926829268293,0.12520325203252033,0.024390243902439025,0.046341463414634146,-0.019105691056910588,0.067479674796747963,0.024390243902439025,0.066666666666666666,0.060162601626016263,0.028455284552845527,0.039837398373983743,0.02032520325203252,0.062601626016260167,0.063414634146341464,0.13658536585365855,0.025203252032520326,0.034959349593495934,0.046341463414634146,0.038211382113821135,0.041463414634146344,0.090243902439024387,0.053658536585365853,0.072357723577235772,0.0024390243902439024,0.025203252032520326
Q8TC12,318,35386.2166,0.46540880503144655,0.078616352201257858,0.078616352201257858,0.15094339622641509,0.0220125786163522,0.028301886792452831,0.081132075471698081,0.078616352201257858,0.0220125786163522,0.025157232704402517,0.053459119496855348,0.0440251572327044,0.072327044025157231,0.050314465408805034,0.040880503144654086,0.053459119496855348,0.14150943396226415,0.028301886792452831,0.034591194968553458,0.028301886792452831,0.040880503144654086,0.04716981132075472,0.069182389937106917,0.059748427672955975,0.075471698113207544,0.015723270440251572,0.018867924528301886
Q93084,999,109256.1835,0.46946946946946949,0.067067067067067068,0.11811811811811812,0.1111111111111111,0.025025025025025027,0.050050050050050053,0.098798798798798784,0.10010010010010011,0.025025025025025027,0.045045045045045043,0.073073073073073078,0.036036036036036036,0.066066066066066062,0.014014014014014014,0.056056056056056056,0.037037037037037035,0.1011011011011011,0.028028028028028028,0.03003003003003003,0.050050050050050053,0.031031031031031032,0.06006006006006006,0.061061061061061059,0.063063063063063057,0.092092092092092098,0.013013013013013013,0.018018018018018018
Q99733,375,42823.452299999997,0.34933333333333333,0.093333333333333338,0.22133333333333333,0.14666666666666667,0.0080000000000000002,0.056000000000000001,-0.78106666666666658,0.064000000000000001,0.0080000000000000002,0.08533333333333333,0.13600000000000001,0.064000000000000001,0.048000000000000001,0.024,0.042666666666666665,0.08533333333333333,0.058666666666666666,0.016,0.040000000000000001,0.056000000000000001,0.029333333333333333,0.037333333333333336,0.056000000000000001,0.053333333333333337,0.066666666666666666,0.0080000000000000002,0.021333333333333333
Q99832,543,59366.621299999999,0.45119705340699817,0.0570902394106814,0.12338858195211787,0.14180478821362799,0.016574585635359115,0.033149171270718231,-0.097974217311233888,0.11233885819521179,0.016574585635359115,0.058931860036832415,0.064456721915285453,0.031307550644567222,0.0718232044198895,0.016574585635359115,0.0718232044198895,0.07550644567219153,0.086556169429097607,0.029465930018416207,0.033149171270718231,0.033149171270718231,0.044198895027624308,0.049723756906077346,0.044198895027624308,0.0570902394106814,0.077348066298342538,0.0055248618784530384,0.020257826887661142
Q9BS26,406,46971.194900000002,0.41625615763546797,0.10591133004926108,0.16009852216748768,0.14285714285714285,0.017241379310344827,0.056650246305418719,-0.40098522167487688,0.056650246305418719,0.017241379310344827,0.086206896551724144,0.073891625615763554,0.064039408866995079,0.036945812807881777,0.034482758620689655,0.064039408866995079,0.049261083743842367,0.091133004926108374,0.022167487684729065,0.039408866995073892,0.056650246305418719,0.041871921182266007,0.059113300492610835,0.059113300492610835,0.046798029556650245,0.059113300492610835,0.0073891625615763543,0.034482758620689655
Q9BSJ8,1104,122856.4473,0.40126811594202899,0.067028985507246383,0.13224637681159421,0.13134057971014493,0.008152173913043478,0.070652173913043473,-0.26567028985507246,0.057971014492753624,0.008152173913043478,0.064311594202898545,0.067934782608695649,0.029891304347826088,0.067934782608695649,0.020833333333333332,0.03170289855072464,0.048007246376811592,0.14039855072463769,0.015398550724637682,0.019927536231884056,0.070652173913043473,0.048913043478260872,0.0625,0.085144927536231887,0.042572463768115944,0.080615942028985504,0.018115942028985508,0.019021739130434784
Q9H4B7,451,50326.9185,0.42572062084257206,0.086474501108647447,0.13082039911308205,0.1130820399113082,0.022172949002217297,0.037694013303769404,-0.24279379157427941,0.075388026607538808,0.022172949002217297,0.04878048780487805,0.082039911308203997,0.04878048780487805,0.075388026607538808,0.028824833702882482,0.05543237250554324,0.03325942350332594,0.079822616407982258,0.037694013303769404,0.053215077605321508,0.037694013303769404,0.046563192904656318,0.050997782705099776,0.068736141906873618,0.04878048780487805,0.068736141906873618,0.008869179600886918,0.028824833702882482
Q9HDC9,416,46480.365099999995,0.40865384615384615,0.086538461538461536,0.12740384615384615,0.12980769230769232,0.0072115384615384619,0.067307692307692304,-0.18629807692307696,0.04567307692307692,0.0072115384615384619,0.064903846153846159,0.0625,0.055288461538461536,0.084134615384615391,0.014423076923076924,0.033653846153846152,0.038461538461538464,0.1201923076923077,0.033653846153846152,0.026442307692307692,0.067307692307692304,0.028846153846153848,0.076923076923076927,0.076923076923076927,0.050480769230769232,0.081730769230769232,0.0096153846153846159,0.021634615384615384
Q9NQC3,1192,129931.42,0.37248322147651008,0.057046979865771813,0.18036912751677853,0.10067114093959731,0.0058724832214765103,0.090604026845637578,-0.41426174496644297,0.088926174496644292,0.0058724832214765103,0.061241610738255035,0.11912751677852348,0.032718120805369129,0.028523489932885907,0.0092281879194630878,0.045302013422818789,0.070469798657718116,0.091442953020134235,0.014261744966442953,0.031879194630872486,0.090604026845637578,0.026845637583892617,0.020973154362416108,0.11577181208053691,0.052852348993288591,0.069630872483221473,0.0041946308724832215,0.020134228187919462
Q9NR12,457,49844.678800000002,0.37855579868708972,0.083150984682713341,0.096280087527352301,0.15098468271334792,0.041575492341356671,0.10065645514223195,-0.48468271334792123,0.098468271334792121,0.041575492341356671,0.041575492341356671,0.054704595185995623,0.045951859956236324,0.080962800875273522,0.032822757111597371,0.030634573304157548,0.061269146608315096,0.05689277899343545,0.015317286652078774,0.021881838074398249,0.10065645514223195,0.043763676148796497,0.05689277899343545,0.070021881838074396,0.05689277899343545,0.052516411378555797,0.015317286652078774,0.021881838074398249
Q9NRW1,208,23461.685699999998,0.38942307692307693,0.086538461538461536,0.13942307692307693,0.12980769230769232,0.0096153846153846159,0.028846153846153848,-0.38461538461538464,0.04807692307692308,0.0096153846153846159,0.072115384615384609,0.067307692307692304,0.04807692307692308,0.072115384615384609,0,0.067307692307692304,0.067307692307692304,0.076923076923076927,0.033653846153846152,0.033653846153846152,0.028846153846153848,0.052884615384615384,0.0625,0.081730769230769232,0.072115384615384609,0.067307692307692304,0.0096153846153846159,0.028846153846153848
Q9NS28,235,27582.222699999998,0.35319148936170214,0.10212765957446808,0.1574468085106383,0.19148936170212766,0.01276595744680851,0.029787234042553193,-0.75829787234042556,0.05106382978723404,0.01276595744680851,0.05106382978723404,0.10638297872340426,0.072340425531914887,0.029787234042553193,0.029787234042553193,0.05106382978723404,0.093617021276595741,0.085106382978723402,0.017021276595744681,0.029787234042553193,0.029787234042553193,0.05106382978723404,0.068085106382978725,0.089361702127659579,0.068085106382978725,0.034042553191489362,0.01276595744680851,0.017021276595744681
Q9NY65,449,50093.548799999997,0.43429844097995546,0.097995545657015584,0.14253897550111358,0.11804008908685969,0.026726057906458798,0.040089086859688199,-0.2091314031180401,0.082405345211581285,0.026726057906458798,0.062360801781737196,0.080178173719376397,0.051224944320712694,0.069042316258351888,0.028953229398663696,0.057906458797327393,0.042316258351893093,0.073496659242761692,0.022271714922048998,0.037861915367483297,0.040089086859688199,0.0334075723830735,0.046770601336302897,0.057906458797327393,0.066815144766147,0.073496659242761692,0.0089086859688195987,0.037861915367483297
Q9Y2A7,1128,128789.9869,0.46010638297872342,0.086879432624113476,0.11790780141843972,0.13386524822695037,0.020390070921985817,0.034574468085106384,-0.090780141843971665,0.066489361702127658,0.020390070921985817,0.047872340425531915,0.070035460992907805,0.045212765957446811,0.028368794326241134,0.028368794326241134,0.059397163120567378,0.058510638297872342,0.12234042553191489,0.040780141843971635,0.044326241134751775,0.034574468085106384,0.040780141843971635,0.046985815602836878,0.087765957446808512,0.052304964539007091,0.063829787234042548,0.0070921985815602835,0.034574468085106384
Q9Y3F4,350,38438.315000000002,0.40285714285714286,0.094285714285714292,0.14857142857142858,0.12571428571428572,0.017142857142857144,0.048571428571428571,-0.31628571428571428,0.082857142857142851,0.017142857142857144,0.068571428571428575,0.080000000000000002,0.040000000000000001,0.082857142857142851,0.028571428571428571,0.051428571428571428,0.074285714285714288,0.085714285714285715,0.02,0.022857142857142857,0.048571428571428571,0.017142857142857144,0.022857142857142857,0.080000000000000002,0.071428571428571425,0.051428571428571428,0.02,0.034285714285714287
