external_target_observation_id,source_id,laboratory_anchor,canonical_accession,biological_unit_id,measurement_batch_id,technical_replicate_count,source_coordinates,author_positive_values,rank_percentile_mean_across_positive_technical_replicates,measurement_batch_positive_unique_target_count,coverage_stratum
R4PXD064962:PT_D1_16:P04004,PXD064962_UCD_EVENT,University College Dublin / Conway Institute,P04004,PT_D1_16,PT_D1_16,2,LFQ intensity PT_D1_16_1_S1-A1_6641:149;LFQ intensity PT_D1_16_2_S1-B1_6642:149,2924100.0;2918300.0,0.8463103635377103,10,GE10
R4PXD064962:PT_D1_16:P04264,PXD064962_UCD_EVENT,University College Dublin / Conway Institute,P04264,PT_D1_16,PT_D1_16,2,LFQ intensity PT_D1_16_1_S1-A1_6641:160;LFQ intensity PT_D1_16_2_S1-B1_6642:160,60159.0;55700.0,0.23977211068909388,10,GE10
R4PXD064962:PT_D1_16:P06396,PXD064962_UCD_EVENT,University College Dublin / Conway Institute,P06396,PT_D1_16,PT_D1_16,2,LFQ intensity PT_D1_16_1_S1-A1_6641:178;LFQ intensity PT_D1_16_2_S1-B1_6642:178,1262300.0;1206300.0,0.7708084644601194,10,GE10
R4PXD064962:PT_D1_16:P07996,PXD064962_UCD_EVENT,University College Dublin / Conway Institute,P07996,PT_D1_16,PT_D1_16,1,LFQ intensity PT_D1_16_1_S1-A1_6641:202,5532.2,0.010526315789473684,10,GE10
R4PXD064962:PT_D1_16:P09493,PXD064962_UCD_EVENT,University College Dublin / Conway Institute,P09493,PT_D1_16,PT_D1_16,2,LFQ intensity PT_D1_16_1_S1-A1_6641:322;LFQ intensity PT_D1_16_2_S1-B1_6642:322,3240.4;3241.2,0.005208898534997287,10,GE10
R4PXD064962:PT_D1_16:P11021,PXD064962_UCD_EVENT,University College Dublin / Conway Institute,P11021,PT_D1_16,PT_D1_16,1,LFQ intensity PT_D1_16_1_S1-A1_6641:229,33763.0,0.11578947368421053,10,GE10
R4PXD064962:PT_D1_16:P26038,PXD064962_UCD_EVENT,University College Dublin / Conway Institute,P26038,PT_D1_16,PT_D1_16,1,LFQ intensity PT_D1_16_2_S1-B1_6642:274,22241.0,0.061855670103092786,10,GE10
R4PXD064962:PT_D1_16:P30041,PXD064962_UCD_EVENT,University College Dublin / Conway Institute,P30041,PT_D1_16,PT_D1_16,2,LFQ intensity PT_D1_16_1_S1-A1_6641:283;LFQ intensity PT_D1_16_2_S1-B1_6642:283,27928.0;30802.0,0.10406945198046663,10,GE10
R4PXD064962:PT_D1_16:Q04695,PXD064962_UCD_EVENT,University College Dublin / Conway Institute,Q04695,PT_D1_16,PT_D1_16,2,LFQ intensity PT_D1_16_1_S1-A1_6641:51;LFQ intensity PT_D1_16_2_S1-B1_6642:51,202.93;171.1,0.0,10,GE10
R4PXD064962:PT_D1_16:Q9HDC9,PXD064962_UCD_EVENT,University College Dublin / Conway Institute,Q9HDC9,PT_D1_16,PT_D1_16,2,LFQ intensity PT_D1_16_1_S1-A1_6641:385;LFQ intensity PT_D1_16_2_S1-B1_6642:385,52658.0;60546.0,0.24734129137276178,10,GE10
R4PXD064962:PT_D1_18:P04004,PXD064962_UCD_EVENT,University College Dublin / Conway Institute,P04004,PT_D1_18,PT_D1_18,2,LFQ intensity PT_D1_18_1_S1-C1_6657:149;LFQ intensity PT_D1_18_2_S1-D1_6658:149,1559500.0;1514000.0,0.7716264924532552,8,GE5_LT10
R4PXD064962:PT_D1_18:P04264,PXD064962_UCD_EVENT,University College Dublin / Conway Institute,P04264,PT_D1_18,PT_D1_18,2,LFQ intensity PT_D1_18_1_S1-C1_6657:160;LFQ intensity PT_D1_18_2_S1-D1_6658:160,60432.0;71933.0,0.22773991890065332,8,GE5_LT10
R4PXD064962:PT_D1_18:P06396,PXD064962_UCD_EVENT,University College Dublin / Conway Institute,P06396,PT_D1_18,PT_D1_18,2,LFQ intensity PT_D1_18_1_S1-C1_6657:178;LFQ intensity PT_D1_18_2_S1-D1_6658:178,2413000.0;2437400.0,0.8379139445821131,8,GE5_LT10
R4PXD064962:PT_D1_18:P09493,PXD064962_UCD_EVENT,University College Dublin / Conway Institute,P09493,PT_D1_18,PT_D1_18,1,LFQ intensity PT_D1_18_1_S1-C1_6657:322,5463.0,0.010869565217391304,8,GE5_LT10
R4PXD064962:PT_D1_18:P11021,PXD064962_UCD_EVENT,University College Dublin / Conway Institute,P11021,PT_D1_18,PT_D1_18,2,LFQ intensity PT_D1_18_1_S1-C1_6657:229;LFQ intensity PT_D1_18_2_S1-D1_6658:229,70461.0;112490.0,0.29560430277089433,8,GE5_LT10
R4PXD064962:PT_D1_18:P26038,PXD064962_UCD_EVENT,University College Dublin / Conway Institute,P26038,PT_D1_18,PT_D1_18,1,LFQ intensity PT_D1_18_2_S1-D1_6658:274,165720.0,0.41968911917098445,8,GE5_LT10
R4PXD064962:PT_D1_18:P30041,PXD064962_UCD_EVENT,University College Dublin / Conway Institute,P30041,PT_D1_18,PT_D1_18,2,LFQ intensity PT_D1_18_1_S1-C1_6657:283;LFQ intensity PT_D1_18_2_S1-D1_6658:283,37034.0;24882.0,0.08802658256364046,8,GE5_LT10
R4PXD064962:PT_D1_18:Q9HDC9,PXD064962_UCD_EVENT,University College Dublin / Conway Institute,Q9HDC9,PT_D1_18,PT_D1_18,1,LFQ intensity PT_D1_18_1_S1-C1_6657:385,22975.0,0.04891304347826087,8,GE5_LT10
R4PXD064962:PT_D1_20:P04004,PXD064962_UCD_EVENT,University College Dublin / Conway Institute,P04004,PT_D1_20,PT_D1_20,2,LFQ intensity PT_D1_20_1_S1-E1_6673:149;LFQ intensity PT_D1_20_2_S1-F1_6674:149,2677400.0;2818200.0,0.8548274253731343,7,GE5_LT10
R4PXD064962:PT_D1_20:P04264,PXD064962_UCD_EVENT,University College Dublin / Conway Institute,P04264,PT_D1_20,PT_D1_20,2,LFQ intensity PT_D1_20_1_S1-E1_6673:160;LFQ intensity PT_D1_20_2_S1-F1_6674:160,113970.0;135410.0,0.43446828358208955,7,GE5_LT10
R4PXD064962:PT_D1_20:P06396,PXD064962_UCD_EVENT,University College Dublin / Conway Institute,P06396,PT_D1_20,PT_D1_20,2,LFQ intensity PT_D1_20_1_S1-E1_6673:178;LFQ intensity PT_D1_20_2_S1-F1_6674:178,2257000.0;2468700.0,0.8344605099502487,7,GE5_LT10
R4PXD064962:PT_D1_20:P09493,PXD064962_UCD_EVENT,University College Dublin / Conway Institute,P09493,PT_D1_20,PT_D1_20,1,LFQ intensity PT_D1_20_1_S1-E1_6673:322,6148.3,0.0,7,GE5_LT10
R4PXD064962:PT_D1_20:P13796,PXD064962_UCD_EVENT,University College Dublin / Conway Institute,P13796,PT_D1_20,PT_D1_20,1,LFQ intensity PT_D1_20_2_S1-F1_6674:241,23536.0,0.06467661691542288,7,GE5_LT10
R4PXD064962:PT_D1_20:P30041,PXD064962_UCD_EVENT,University College Dublin / Conway Institute,P30041,PT_D1_20,PT_D1_20,2,LFQ intensity PT_D1_20_1_S1-E1_6673:283;LFQ intensity PT_D1_20_2_S1-F1_6674:283,36111.0;27420.0,0.11532182835820895,7,GE5_LT10
R4PXD064962:PT_D1_20:Q9HDC9,PXD064962_UCD_EVENT,University College Dublin / Conway Institute,Q9HDC9,PT_D1_20,PT_D1_20,2,LFQ intensity PT_D1_20_1_S1-E1_6673:385;LFQ intensity PT_D1_20_2_S1-F1_6674:385,30191.0;29473.0,0.10206778606965174,7,GE5_LT10
R4PXD064962:PT_D1_23:P04004,PXD064962_UCD_EVENT,University College Dublin / Conway Institute,P04004,PT_D1_23,PT_D1_23,2,LFQ intensity PT_D1_23_1_S1-G1_6687:149;LFQ intensity PT_D1_23_2_S1-H1_6688:149,1728400.0;1710900.0,0.8195079002474777,10,GE10
R4PXD064962:PT_D1_23:P04264,PXD064962_UCD_EVENT,University College Dublin / Conway Institute,P04264,PT_D1_23,PT_D1_23,2,LFQ intensity PT_D1_23_1_S1-G1_6687:160;LFQ intensity PT_D1_23_2_S1-H1_6688:160,238380.0;153890.0,0.45633447553778794,10,GE10
R4PXD064962:PT_D1_23:P05556,PXD064962_UCD_EVENT,University College Dublin / Conway Institute,P05556,PT_D1_23,PT_D1_23,1,LFQ intensity PT_D1_23_1_S1-G1_6687:173,21134.0,0.04411764705882353,10,GE10
R4PXD064962:PT_D1_23:P06396,PXD064962_UCD_EVENT,University College Dublin / Conway Institute,P06396,PT_D1_23,PT_D1_23,2,LFQ intensity PT_D1_23_1_S1-G1_6687:178;LFQ intensity PT_D1_23_2_S1-H1_6688:178,1839400.0;1786200.0,0.8292642299638302,10,GE10
R4PXD064962:PT_D1_23:P07996,PXD064962_UCD_EVENT,University College Dublin / Conway Institute,P07996,PT_D1_23,PT_D1_23,1,LFQ intensity PT_D1_23_1_S1-G1_6687:202,14811.0,0.024509803921568627,10,GE10
R4PXD064962:PT_D1_23:P09493,PXD064962_UCD_EVENT,University College Dublin / Conway Institute,P09493,PT_D1_23,PT_D1_23,1,LFQ intensity PT_D1_23_2_S1-H1_6688:322,2400.3,0.0048543689320388345,10,GE10
R4PXD064962:PT_D1_23:P11021,PXD064962_UCD_EVENT,University College Dublin / Conway Institute,P11021,PT_D1_23,PT_D1_23,1,LFQ intensity PT_D1_23_2_S1-H1_6688:229,35489.0,0.13106796116504854,10,GE10
R4PXD064962:PT_D1_23:P26038,PXD064962_UCD_EVENT,University College Dublin / Conway Institute,P26038,PT_D1_23,PT_D1_23,2,LFQ intensity PT_D1_23_1_S1-G1_6687:274;LFQ intensity PT_D1_23_2_S1-H1_6688:274,18411.0;60157.0,0.12880734818199124,10,GE10
R4PXD064962:PT_D1_23:Q04695,PXD064962_UCD_EVENT,University College Dublin / Conway Institute,Q04695,PT_D1_23,PT_D1_23,1,LFQ intensity PT_D1_23_1_S1-G1_6687:51,134.34,0.0,10,GE10
R4PXD064962:PT_D1_23:Q9HDC9,PXD064962_UCD_EVENT,University College Dublin / Conway Institute,Q9HDC9,PT_D1_23,PT_D1_23,2,LFQ intensity PT_D1_23_1_S1-G1_6687:385;LFQ intensity PT_D1_23_2_S1-H1_6688:385,28294.0;24597.0,0.09025794783932992,10,GE10
R4PXD064962:PT_D1_33:P04004,PXD064962_UCD_EVENT,University College Dublin / Conway Institute,P04004,PT_D1_33,PT_D1_33,2,LFQ intensity PT_D1_33_1_S1-A2_6643:149;LFQ intensity PT_D1_33_2_S1-B2_6644:149,2332600.0;1807600.0,0.8467843487419008,10,GE10
R4PXD064962:PT_D1_33:P04264,PXD064962_UCD_EVENT,University College Dublin / Conway Institute,P04264,PT_D1_33,PT_D1_33,2,LFQ intensity PT_D1_33_1_S1-A2_6643:160;LFQ intensity PT_D1_33_2_S1-B2_6644:160,407610.0;319930.0,0.5787714357671085,10,GE10
R4PXD064962:PT_D1_33:P05556,PXD064962_UCD_EVENT,University College Dublin / Conway Institute,P05556,PT_D1_33,PT_D1_33,1,LFQ intensity PT_D1_33_2_S1-B2_6644:173,28827.0,0.06763285024154589,10,GE10
R4PXD064962:PT_D1_33:P06396,PXD064962_UCD_EVENT,University College Dublin / Conway Institute,P06396,PT_D1_33,PT_D1_33,2,LFQ intensity PT_D1_33_1_S1-A2_6643:178;LFQ intensity PT_D1_33_2_S1-B2_6644:178,2283900.0;2380200.0,0.8540765162442476,10,GE10
R4PXD064962:PT_D1_33:P07996,PXD064962_UCD_EVENT,University College Dublin / Conway Institute,P07996,PT_D1_33,PT_D1_33,1,LFQ intensity PT_D1_33_2_S1-B2_6644:202,22476.0,0.043478260869565216,10,GE10
R4PXD064962:PT_D1_33:P09493,PXD064962_UCD_EVENT,University College Dublin / Conway Institute,P09493,PT_D1_33,PT_D1_33,2,LFQ intensity PT_D1_33_1_S1-A2_6643:322;LFQ intensity PT_D1_33_2_S1-B2_6644:322,5385.9;3718.3,0.014355381550930696,10,GE10
R4PXD064962:PT_D1_33:P26038,PXD064962_UCD_EVENT,University College Dublin / Conway Institute,P26038,PT_D1_33,PT_D1_33,2,LFQ intensity PT_D1_33_1_S1-A2_6643:274;LFQ intensity PT_D1_33_2_S1-B2_6644:274,80093.0;79926.0,0.2606749547816929,10,GE10
R4PXD064962:PT_D1_33:P30041,PXD064962_UCD_EVENT,University College Dublin / Conway Institute,P30041,PT_D1_33,PT_D1_33,1,LFQ intensity PT_D1_33_1_S1-A2_6643:283,27971.0,0.06635071090047394,10,GE10
R4PXD064962:PT_D1_33:Q04695,PXD064962_UCD_EVENT,University College Dublin / Conway Institute,Q04695,PT_D1_33,PT_D1_33,2,LFQ intensity PT_D1_33_1_S1-A2_6643:51;LFQ intensity PT_D1_33_2_S1-B2_6644:51,619.37;184.47,0.0,10,GE10
R4PXD064962:PT_D1_33:Q9HDC9,PXD064962_UCD_EVENT,University College Dublin / Conway Institute,Q9HDC9,PT_D1_33,PT_D1_33,2,LFQ intensity PT_D1_33_1_S1-A2_6643:385;LFQ intensity PT_D1_33_2_S1-B2_6644:385,38841.0;42701.0,0.10777983835886164,10,GE10
R4PXD064962:PT_D1_34:P04004,PXD064962_UCD_EVENT,University College Dublin / Conway Institute,P04004,PT_D1_34,PT_D1_34,2,LFQ intensity PT_D1_34_1_S1-C2_6659:149;LFQ intensity PT_D1_34_2_S1-D2_6660:149,2117800.0;2157400.0,0.819672131147541,7,GE5_LT10
R4PXD064962:PT_D1_34:P04264,PXD064962_UCD_EVENT,University College Dublin / Conway Institute,P04264,PT_D1_34,PT_D1_34,2,LFQ intensity PT_D1_34_1_S1-C2_6659:160;LFQ intensity PT_D1_34_2_S1-D2_6660:160,247330.0;288640.0,0.48360655737704916,7,GE5_LT10
R4PXD064962:PT_D1_34:P06396,PXD064962_UCD_EVENT,University College Dublin / Conway Institute,P06396,PT_D1_34,PT_D1_34,2,LFQ intensity PT_D1_34_1_S1-C2_6659:178;LFQ intensity PT_D1_34_2_S1-D2_6660:178,2682600.0;2594000.0,0.8387978142076503,7,GE5_LT10
R4PXD064962:PT_D1_34:P07996,PXD064962_UCD_EVENT,University College Dublin / Conway Institute,P07996,PT_D1_34,PT_D1_34,2,LFQ intensity PT_D1_34_1_S1-C2_6659:202;LFQ intensity PT_D1_34_2_S1-D2_6660:202,6358.1;9598.1,0.02459016393442623,7,GE5_LT10
R4PXD064962:PT_D1_34:P09493,PXD064962_UCD_EVENT,University College Dublin / Conway Institute,P09493,PT_D1_34,PT_D1_34,1,LFQ intensity PT_D1_34_1_S1-C2_6659:322,3361.2,0.01639344262295082,7,GE5_LT10
R4PXD064962:PT_D1_34:Q04695,PXD064962_UCD_EVENT,University College Dublin / Conway Institute,Q04695,PT_D1_34,PT_D1_34,2,LFQ intensity PT_D1_34_1_S1-C2_6659:51;LFQ intensity PT_D1_34_2_S1-D2_6660:51,327.44;369.94,0.0,7,GE5_LT10
R4PXD064962:PT_D1_34:Q9HDC9,PXD064962_UCD_EVENT,University College Dublin / Conway Institute,Q9HDC9,PT_D1_34,PT_D1_34,2,LFQ intensity PT_D1_34_1_S1-C2_6659:385;LFQ intensity PT_D1_34_2_S1-D2_6660:385,14298.0;43049.0,0.10109289617486339,7,GE5_LT10
R4PXD064962:PT_D1_48:P04004,PXD064962_UCD_EVENT,University College Dublin / Conway Institute,P04004,PT_D1_48,PT_D1_48,2,LFQ intensity PT_D1_48_1_S1-E2_6675:149;LFQ intensity PT_D1_48_2_S1-F2_6676:149,1740100.0;1794300.0,0.8279234893493697,9,GE5_LT10
R4PXD064962:PT_D1_48:P04264,PXD064962_UCD_EVENT,University College Dublin / Conway Institute,P04264,PT_D1_48,PT_D1_48,2,LFQ intensity PT_D1_48_1_S1-E2_6675:160;LFQ intensity PT_D1_48_2_S1-F2_6676:160,450510.0;412380.0,0.6017243877698883,9,GE5_LT10
R4PXD064962:PT_D1_48:P06396,PXD064962_UCD_EVENT,University College Dublin / Conway Institute,P06396,PT_D1_48,PT_D1_48,2,LFQ intensity PT_D1_48_1_S1-E2_6675:178;LFQ intensity PT_D1_48_2_S1-F2_6676:178,2237000.0;2321100.0,0.8574119692798146,9,GE5_LT10
R4PXD064962:PT_D1_48:P07996,PXD064962_UCD_EVENT,University College Dublin / Conway Institute,P07996,PT_D1_48,PT_D1_48,2,LFQ intensity PT_D1_48_1_S1-E2_6675:202;LFQ intensity PT_D1_48_2_S1-F2_6676:202,18627.0;16778.0,0.03185528667342897,9,GE5_LT10
R4PXD064962:PT_D1_48:P09493,PXD064962_UCD_EVENT,University College Dublin / Conway Institute,P09493,PT_D1_48,PT_D1_48,2,LFQ intensity PT_D1_48_1_S1-E2_6675:322;LFQ intensity PT_D1_48_2_S1-F2_6676:322,6062.0;5136.3,0.012256677776167705,9,GE5_LT10
R4PXD064962:PT_D1_48:P30041,PXD064962_UCD_EVENT,University College Dublin / Conway Institute,P30041,PT_D1_48,PT_D1_48,2,LFQ intensity PT_D1_48_1_S1-E2_6675:283;LFQ intensity PT_D1_48_2_S1-F2_6676:283,60763.0;166930.0,0.320364198425349,9,GE5_LT10
R4PXD064962:PT_D1_48:P60174,PXD064962_UCD_EVENT,University College Dublin / Conway Institute,P60174,PT_D1_48,PT_D1_48,2,LFQ intensity PT_D1_48_1_S1-E2_6675:313;LFQ intensity PT_D1_48_2_S1-F2_6676:313,58681.0;49193.0,0.19367965995266387,9,GE5_LT10
R4PXD064962:PT_D1_48:Q04695,PXD064962_UCD_EVENT,University College Dublin / Conway Institute,Q04695,PT_D1_48,PT_D1_48,2,LFQ intensity PT_D1_48_1_S1-E2_6675:51;LFQ intensity PT_D1_48_2_S1-F2_6676:51,249.32;253.4,0.0,9,GE5_LT10
R4PXD064962:PT_D1_48:Q9HDC9,PXD064962_UCD_EVENT,University College Dublin / Conway Institute,Q9HDC9,PT_D1_48,PT_D1_48,2,LFQ intensity PT_D1_48_1_S1-E2_6675:385;LFQ intensity PT_D1_48_2_S1-F2_6676:385,38684.0;18962.0,0.08786166256098149,9,GE5_LT10
R4PXD064962:PT_D1_51:P04004,PXD064962_UCD_EVENT,University College Dublin / Conway Institute,P04004,PT_D1_51,PT_D1_51,2,LFQ intensity PT_D1_51_1_S1-G2_6689:149;LFQ intensity PT_D1_51_2_S1-H2_6690:149,2164900.0;2113800.0,0.8245603015075377,9,GE5_LT10
R4PXD064962:PT_D1_51:P04264,PXD064962_UCD_EVENT,University College Dublin / Conway Institute,P04264,PT_D1_51,PT_D1_51,2,LFQ intensity PT_D1_51_1_S1-G2_6689:160;LFQ intensity PT_D1_51_2_S1-H2_6690:160,557030.0;546570.0,0.6541457286432161,9,GE5_LT10
R4PXD064962:PT_D1_51:P06396,PXD064962_UCD_EVENT,University College Dublin / Conway Institute,P06396,PT_D1_51,PT_D1_51,2,LFQ intensity PT_D1_51_1_S1-G2_6689:178;LFQ intensity PT_D1_51_2_S1-H2_6690:178,2200300.0;2369600.0,0.8396105527638191,9,GE5_LT10
R4PXD064962:PT_D1_51:P07996,PXD064962_UCD_EVENT,University College Dublin / Conway Institute,P07996,PT_D1_51,PT_D1_51,2,LFQ intensity PT_D1_51_1_S1-G2_6689:202;LFQ intensity PT_D1_51_2_S1-H2_6690:202,118410.0;59381.0,0.3130778894472362,9,GE5_LT10
R4PXD064962:PT_D1_51:P11021,PXD064962_UCD_EVENT,University College Dublin / Conway Institute,P11021,PT_D1_51,PT_D1_51,2,LFQ intensity PT_D1_51_1_S1-G2_6689:229;LFQ intensity PT_D1_51_2_S1-H2_6690:229,39848.0;20722.0,0.09512562814070352,9,GE5_LT10
R4PXD064962:PT_D1_51:P26038,PXD064962_UCD_EVENT,University College Dublin / Conway Institute,P26038,PT_D1_51,PT_D1_51,1,LFQ intensity PT_D1_51_1_S1-G2_6689:274,22913.0,0.04,9,GE5_LT10
R4PXD064962:PT_D1_51:P30041,PXD064962_UCD_EVENT,University College Dublin / Conway Institute,P30041,PT_D1_51,PT_D1_51,2,LFQ intensity PT_D1_51_1_S1-G2_6689:283;LFQ intensity PT_D1_51_2_S1-H2_6690:283,37424.0;34047.0,0.1227889447236181,9,GE5_LT10
R4PXD064962:PT_D1_51:Q04695,PXD064962_UCD_EVENT,University College Dublin / Conway Institute,Q04695,PT_D1_51,PT_D1_51,2,LFQ intensity PT_D1_51_1_S1-G2_6689:51;LFQ intensity PT_D1_51_2_S1-H2_6690:51,367.55;360.27,0.0,9,GE5_LT10
R4PXD064962:PT_D1_51:Q9HDC9,PXD064962_UCD_EVENT,University College Dublin / Conway Institute,Q9HDC9,PT_D1_51,PT_D1_51,2,LFQ intensity PT_D1_51_1_S1-G2_6689:385;LFQ intensity PT_D1_51_2_S1-H2_6690:385,40593.0;38624.0,0.14787688442211055,9,GE5_LT10
R4PXD064962:PT_D1_73:P04004,PXD064962_UCD_EVENT,University College Dublin / Conway Institute,P04004,PT_D1_73,PT_D1_73,2,LFQ intensity PT_D1_73_1_S1-A3_6645:149;LFQ intensity PT_D1_73_2_S1-B3_6646:149,3262100.0;3251000.0,0.8498834498834499,9,GE5_LT10
R4PXD064962:PT_D1_73:P04264,PXD064962_UCD_EVENT,University College Dublin / Conway Institute,P04264,PT_D1_73,PT_D1_73,2,LFQ intensity PT_D1_73_1_S1-A3_6645:160;LFQ intensity PT_D1_73_2_S1-B3_6646:160,550830.0;619720.0,0.6158119658119658,9,GE5_LT10
R4PXD064962:PT_D1_73:P06396,PXD064962_UCD_EVENT,University College Dublin / Conway Institute,P06396,PT_D1_73,PT_D1_73,2,LFQ intensity PT_D1_73_1_S1-A3_6645:178;LFQ intensity PT_D1_73_2_S1-B3_6646:178,3334800.0;3272000.0,0.8574980574980575,9,GE5_LT10
R4PXD064962:PT_D1_73:P07996,PXD064962_UCD_EVENT,University College Dublin / Conway Institute,P07996,PT_D1_73,PT_D1_73,2,LFQ intensity PT_D1_73_1_S1-A3_6645:202;LFQ intensity PT_D1_73_2_S1-B3_6646:202,16343.0;17572.0,0.03566433566433566,9,GE5_LT10
R4PXD064962:PT_D1_73:P09493,PXD064962_UCD_EVENT,University College Dublin / Conway Institute,P09493,PT_D1_73,PT_D1_73,2,LFQ intensity PT_D1_73_1_S1-A3_6645:322;LFQ intensity PT_D1_73_2_S1-B3_6646:322,4482.6;4411.5,0.017793317793317796,9,GE5_LT10
R4PXD064962:PT_D1_73:P13796,PXD064962_UCD_EVENT,University College Dublin / Conway Institute,P13796,PT_D1_73,PT_D1_73,1,LFQ intensity PT_D1_73_1_S1-A3_6645:241,16199.0,0.025252525252525252,9,GE5_LT10
R4PXD064962:PT_D1_73:P26038,PXD064962_UCD_EVENT,University College Dublin / Conway Institute,P26038,PT_D1_73,PT_D1_73,1,LFQ intensity PT_D1_73_1_S1-A3_6645:274,24308.0,0.06565656565656566,9,GE5_LT10
R4PXD064962:PT_D1_73:Q04695,PXD064962_UCD_EVENT,University College Dublin / Conway Institute,Q04695,PT_D1_73,PT_D1_73,2,LFQ intensity PT_D1_73_1_S1-A3_6645:51;LFQ intensity PT_D1_73_2_S1-B3_6646:51,363.42;518.21,0.0,9,GE5_LT10
R4PXD064962:PT_D1_73:Q9HDC9,PXD064962_UCD_EVENT,University College Dublin / Conway Institute,Q9HDC9,PT_D1_73,PT_D1_73,2,LFQ intensity PT_D1_73_1_S1-A3_6645:385;LFQ intensity PT_D1_73_2_S1-B3_6646:385,31259.0;42058.0,0.12229992229992229,9,GE5_LT10
R4PXD064962:PT_D1_81:P04004,PXD064962_UCD_EVENT,University College Dublin / Conway Institute,P04004,PT_D1_81,PT_D1_81,2,LFQ intensity PT_D1_81_1_S1-C3_6661:149;LFQ intensity PT_D1_81_2_S1-D3_6662:149,2346700.0;2325000.0,0.8134206219312603,8,GE5_LT10
R4PXD064962:PT_D1_81:P04264,PXD064962_UCD_EVENT,University College Dublin / Conway Institute,P04264,PT_D1_81,PT_D1_81,2,LFQ intensity PT_D1_81_1_S1-C3_6661:160;LFQ intensity PT_D1_81_2_S1-D3_6662:160,56744.0;36425.0,0.13704115033902267,8,GE5_LT10
R4PXD064962:PT_D1_81:P06396,PXD064962_UCD_EVENT,University College Dublin / Conway Institute,P06396,PT_D1_81,PT_D1_81,2,LFQ intensity PT_D1_81_1_S1-C3_6661:178;LFQ intensity PT_D1_81_2_S1-D3_6662:178,3119400.0;2934500.0,0.8458615852232874,8,GE5_LT10
R4PXD064962:PT_D1_81:P07996,PXD064962_UCD_EVENT,University College Dublin / Conway Institute,P07996,PT_D1_81,PT_D1_81,2,LFQ intensity PT_D1_81_1_S1-C3_6661:202;LFQ intensity PT_D1_81_2_S1-D3_6662:202,132010.0;110660.0,0.3483458031330372,8,GE5_LT10
R4PXD064962:PT_D1_81:P09493,PXD064962_UCD_EVENT,University College Dublin / Conway Institute,P09493,PT_D1_81,PT_D1_81,2,LFQ intensity PT_D1_81_1_S1-C3_6661:322;LFQ intensity PT_D1_81_2_S1-D3_6662:322,4225.4;5741.8,0.010901332709843349,8,GE5_LT10
R4PXD064962:PT_D1_81:P11021,PXD064962_UCD_EVENT,University College Dublin / Conway Institute,P11021,PT_D1_81,PT_D1_81,1,LFQ intensity PT_D1_81_1_S1-C3_6661:229,11572.0,0.02127659574468085,8,GE5_LT10
R4PXD064962:PT_D1_81:P30041,PXD064962_UCD_EVENT,University College Dublin / Conway Institute,P30041,PT_D1_81,PT_D1_81,2,LFQ intensity PT_D1_81_1_S1-C3_6661:283;LFQ intensity PT_D1_81_2_S1-D3_6662:283,105120.0;51166.0,0.2311783960720131,8,GE5_LT10
R4PXD064962:PT_D1_81:Q9HDC9,PXD064962_UCD_EVENT,University College Dublin / Conway Institute,Q9HDC9,PT_D1_81,PT_D1_81,2,LFQ intensity PT_D1_81_1_S1-C3_6661:385;LFQ intensity PT_D1_81_2_S1-D3_6662:385,50151.0;61841.0,0.17611643675473462,8,GE5_LT10
R4PXD064962:PT_D3_06:P04004,PXD064962_UCD_EVENT,University College Dublin / Conway Institute,P04004,PT_D3_06,PT_D3_06,2,LFQ intensity PT_D3_06_1_S1-E5_6681:149;LFQ intensity PT_D3_06_2_S1-F5_6682:149,2930700.0;2569100.0,0.8267980159823642,8,GE5_LT10
R4PXD064962:PT_D3_06:P04264,PXD064962_UCD_EVENT,University College Dublin / Conway Institute,P04264,PT_D3_06,PT_D3_06,2,LFQ intensity PT_D3_06_1_S1-E5_6681:160;LFQ intensity PT_D3_06_2_S1-F5_6682:160,521600.0;519130.0,0.6272940203912923,8,GE5_LT10
R4PXD064962:PT_D3_06:P06396,PXD064962_UCD_EVENT,University College Dublin / Conway Institute,P06396,PT_D3_06,PT_D3_06,2,LFQ intensity PT_D3_06_1_S1-E5_6681:178;LFQ intensity PT_D3_06_2_S1-F5_6682:178,2618100.0;2770800.0,0.8293882612289887,8,GE5_LT10
R4PXD064962:PT_D3_06:P07996,PXD064962_UCD_EVENT,University College Dublin / Conway Institute,P07996,PT_D3_06,PT_D3_06,2,LFQ intensity PT_D3_06_1_S1-E5_6681:202;LFQ intensity PT_D3_06_2_S1-F5_6682:202,21580.0;14777.0,0.05513915679250482,8,GE5_LT10
R4PXD064962:PT_D3_06:P11021,PXD064962_UCD_EVENT,University College Dublin / Conway Institute,P11021,PT_D3_06,PT_D3_06,2,LFQ intensity PT_D3_06_1_S1-E5_6681:229;LFQ intensity PT_D3_06_2_S1-F5_6682:229,46868.0;48687.0,0.1600992008817856,8,GE5_LT10
R4PXD064962:PT_D3_06:P13796,PXD064962_UCD_EVENT,University College Dublin / Conway Institute,P13796,PT_D3_06,PT_D3_06,1,LFQ intensity PT_D3_06_1_S1-E5_6681:241,8609.9,0.02631578947368421,8,GE5_LT10
R4PXD064962:PT_D3_06:Q04695,PXD064962_UCD_EVENT,University College Dublin / Conway Institute,Q04695,PT_D3_06,PT_D3_06,2,LFQ intensity PT_D3_06_1_S1-E5_6681:51;LFQ intensity PT_D3_06_2_S1-F5_6682:51,326.64;409.69,0.0,8,GE5_LT10
R4PXD064962:PT_D3_06:Q9HDC9,PXD064962_UCD_EVENT,University College Dublin / Conway Institute,Q9HDC9,PT_D3_06,PT_D3_06,2,LFQ intensity PT_D3_06_1_S1-E5_6681:385;LFQ intensity PT_D3_06_2_S1-F5_6682:385,63952.0;61047.0,0.2204739597685313,8,GE5_LT10
R4PXD064962:PT_D3_14:P04004,PXD064962_UCD_EVENT,University College Dublin / Conway Institute,P04004,PT_D3_14,PT_D3_14,2,LFQ intensity PT_D3_14_1_S1-C5_6665:149;LFQ intensity PT_D3_14_2_S1-D5_6666:149,2201100.0;1689800.0,0.8095603015075377,8,GE5_LT10
R4PXD064962:PT_D3_14:P04264,PXD064962_UCD_EVENT,University College Dublin / Conway Institute,P04264,PT_D3_14,PT_D3_14,2,LFQ intensity PT_D3_14_1_S1-C5_6665:160;LFQ intensity PT_D3_14_2_S1-D5_6666:160,253050.0;247690.0,0.49128140703517587,8,GE5_LT10
R4PXD064962:PT_D3_14:P06396,PXD064962_UCD_EVENT,University College Dublin / Conway Institute,P06396,PT_D3_14,PT_D3_14,2,LFQ intensity PT_D3_14_1_S1-C5_6665:178;LFQ intensity PT_D3_14_2_S1-D5_6666:178,3581100.0;3661900.0,0.8621608040201005,8,GE5_LT10
R4PXD064962:PT_D3_14:P07996,PXD064962_UCD_EVENT,University College Dublin / Conway Institute,P07996,PT_D3_14,PT_D3_14,2,LFQ intensity PT_D3_14_1_S1-C5_6665:202;LFQ intensity PT_D3_14_2_S1-D5_6666:202,22552.0;21223.0,0.05517587939698493,8,GE5_LT10
R4PXD064962:PT_D3_14:P11021,PXD064962_UCD_EVENT,University College Dublin / Conway Institute,P11021,PT_D3_14,PT_D3_14,2,LFQ intensity PT_D3_14_1_S1-C5_6665:229;LFQ intensity PT_D3_14_2_S1-D5_6666:229,37455.0;34772.0,0.11530150753768845,8,GE5_LT10
R4PXD064962:PT_D3_14:P13796,PXD064962_UCD_EVENT,University College Dublin / Conway Institute,P13796,PT_D3_14,PT_D3_14,2,LFQ intensity PT_D3_14_1_S1-C5_6665:241;LFQ intensity PT_D3_14_2_S1-D5_6666:241,137310.0;146440.0,0.38849246231155776,8,GE5_LT10
R4PXD064962:PT_D3_14:Q04695,PXD064962_UCD_EVENT,University College Dublin / Conway Institute,Q04695,PT_D3_14,PT_D3_14,2,LFQ intensity PT_D3_14_1_S1-C5_6665:51;LFQ intensity PT_D3_14_2_S1-D5_6666:51,421.29;247.29,0.002512562814070352,8,GE5_LT10
R4PXD064962:PT_D3_14:Q9HDC9,PXD064962_UCD_EVENT,University College Dublin / Conway Institute,Q9HDC9,PT_D3_14,PT_D3_14,2,LFQ intensity PT_D3_14_1_S1-C5_6665:385;LFQ intensity PT_D3_14_2_S1-D5_6666:385,78631.0;62745.0,0.2557286432160804,8,GE5_LT10
R4PXD064962:PT_D3_22:P04004,PXD064962_UCD_EVENT,University College Dublin / Conway Institute,P04004,PT_D3_22,PT_D3_22,2,LFQ intensity PT_D3_22_1_S1-C4_6663:149;LFQ intensity PT_D3_22_2_S1-D4_6664:149,2217800.0;1958500.0,0.8198620495495496,9,GE5_LT10
R4PXD064962:PT_D3_22:P04264,PXD064962_UCD_EVENT,University College Dublin / Conway Institute,P04264,PT_D3_22,PT_D3_22,2,LFQ intensity PT_D3_22_1_S1-C4_6663:160;LFQ intensity PT_D3_22_2_S1-D4_6664:160,52722.0;52468.0,0.19876126126126126,9,GE5_LT10
R4PXD064962:PT_D3_22:P06396,PXD064962_UCD_EVENT,University College Dublin / Conway Institute,P06396,PT_D3_22,PT_D3_22,2,LFQ intensity PT_D3_22_1_S1-C4_6663:178;LFQ intensity PT_D3_22_2_S1-D4_6664:178,2432300.0;2536700.0,0.8461007882882883,9,GE5_LT10
R4PXD064962:PT_D3_22:P07996,PXD064962_UCD_EVENT,University College Dublin / Conway Institute,P07996,PT_D3_22,PT_D3_22,1,LFQ intensity PT_D3_22_2_S1-D4_6664:202,20723.0,0.041666666666666664,9,GE5_LT10
R4PXD064962:PT_D3_22:P09493,PXD064962_UCD_EVENT,University College Dublin / Conway Institute,P09493,PT_D3_22,PT_D3_22,1,LFQ intensity PT_D3_22_1_S1-C4_6663:322,5629.5,0.0,9,GE5_LT10
R4PXD064962:PT_D3_22:P11021,PXD064962_UCD_EVENT,University College Dublin / Conway Institute,P11021,PT_D3_22,PT_D3_22,1,LFQ intensity PT_D3_22_2_S1-D4_6664:229,41269.0,0.171875,9,GE5_LT10
R4PXD064962:PT_D3_22:P13796,PXD064962_UCD_EVENT,University College Dublin / Conway Institute,P13796,PT_D3_22,PT_D3_22,1,LFQ intensity PT_D3_22_1_S1-C4_6663:241,12805.0,0.016216216216216217,9,GE5_LT10
R4PXD064962:PT_D3_22:Q04695,PXD064962_UCD_EVENT,University College Dublin / Conway Institute,Q04695,PT_D3_22,PT_D3_22,1,LFQ intensity PT_D3_22_2_S1-D4_6664:51,228.32,0.0,9,GE5_LT10
R4PXD064962:PT_D3_22:Q9HDC9,PXD064962_UCD_EVENT,University College Dublin / Conway Institute,Q9HDC9,PT_D3_22,PT_D3_22,2,LFQ intensity PT_D3_22_1_S1-C4_6663:385;LFQ intensity PT_D3_22_2_S1-D4_6664:385,47553.0;48098.0,0.17483108108108109,9,GE5_LT10
R4PXD064962:PT_D3_28:P04004,PXD064962_UCD_EVENT,University College Dublin / Conway Institute,P04004,PT_D3_28,PT_D3_28,2,LFQ intensity PT_D3_28_1_S1-A5_6649:149;LFQ intensity PT_D3_28_2_S1-B5_6650:149,2207500.0;2324100.0,0.835410447761194,9,GE5_LT10
R4PXD064962:PT_D3_28:P04264,PXD064962_UCD_EVENT,University College Dublin / Conway Institute,P04264,PT_D3_28,PT_D3_28,2,LFQ intensity PT_D3_28_1_S1-A5_6649:160;LFQ intensity PT_D3_28_2_S1-B5_6650:160,402630.0;384740.0,0.6009701492537314,9,GE5_LT10
R4PXD064962:PT_D3_28:P06396,PXD064962_UCD_EVENT,University College Dublin / Conway Institute,P06396,PT_D3_28,PT_D3_28,2,LFQ intensity PT_D3_28_1_S1-A5_6649:178;LFQ intensity PT_D3_28_2_S1-B5_6650:178,1901100.0;1815500.0,0.8129726368159204,9,GE5_LT10
R4PXD064962:PT_D3_28:P09493,PXD064962_UCD_EVENT,University College Dublin / Conway Institute,P09493,PT_D3_28,PT_D3_28,1,LFQ intensity PT_D3_28_2_S1-B5_6650:322,3701.3,0.014925373134328358,9,GE5_LT10
R4PXD064962:PT_D3_28:P11021,PXD064962_UCD_EVENT,University College Dublin / Conway Institute,P11021,PT_D3_28,PT_D3_28,1,LFQ intensity PT_D3_28_1_S1-A5_6649:229,51193.0,0.17,9,GE5_LT10
R4PXD064962:PT_D3_28:P26038,PXD064962_UCD_EVENT,University College Dublin / Conway Institute,P26038,PT_D3_28,PT_D3_28,1,LFQ intensity PT_D3_28_1_S1-A5_6649:274,19718.0,0.035,9,GE5_LT10
R4PXD064962:PT_D3_28:P30041,PXD064962_UCD_EVENT,University College Dublin / Conway Institute,P30041,PT_D3_28,PT_D3_28,1,LFQ intensity PT_D3_28_1_S1-A5_6649:283,33628.0,0.08,9,GE5_LT10
R4PXD064962:PT_D3_28:Q04695,PXD064962_UCD_EVENT,University College Dublin / Conway Institute,Q04695,PT_D3_28,PT_D3_28,2,LFQ intensity PT_D3_28_1_S1-A5_6649:51;LFQ intensity PT_D3_28_2_S1-B5_6650:51,277.32;257.56,0.0,9,GE5_LT10
R4PXD064962:PT_D3_28:Q9HDC9,PXD064962_UCD_EVENT,University College Dublin / Conway Institute,Q9HDC9,PT_D3_28,PT_D3_28,1,LFQ intensity PT_D3_28_1_S1-A5_6649:385,15408.0,0.025,9,GE5_LT10
R4PXD064962:PT_D3_30:P04004,PXD064962_UCD_EVENT,University College Dublin / Conway Institute,P04004,PT_D3_30,PT_D3_30,2,LFQ intensity PT_D3_30_1_S1-E3_6677:149;LFQ intensity PT_D3_30_2_S1-F3_6678:149,2779400.0;2447700.0,0.8486745213549337,9,GE5_LT10
R4PXD064962:PT_D3_30:P04264,PXD064962_UCD_EVENT,University College Dublin / Conway Institute,P04264,PT_D3_30,PT_D3_30,2,LFQ intensity PT_D3_30_1_S1-E3_6677:160;LFQ intensity PT_D3_30_2_S1-F3_6678:160,270120.0;278350.0,0.541026719966337,9,GE5_LT10
R4PXD064962:PT_D3_30:P06396,PXD064962_UCD_EVENT,University College Dublin / Conway Institute,P06396,PT_D3_30,PT_D3_30,2,LFQ intensity PT_D3_30_1_S1-E3_6677:178;LFQ intensity PT_D3_30_2_S1-F3_6678:178,2688500.0;2845700.0,0.853855459709657,9,GE5_LT10
R4PXD064962:PT_D3_30:P07996,PXD064962_UCD_EVENT,University College Dublin / Conway Institute,P07996,PT_D3_30,PT_D3_30,1,LFQ intensity PT_D3_30_1_S1-E3_6677:202,14552.0,0.04081632653061224,9,GE5_LT10
R4PXD064962:PT_D3_30:P11021,PXD064962_UCD_EVENT,University College Dublin / Conway Institute,P11021,PT_D3_30,PT_D3_30,1,LFQ intensity PT_D3_30_2_S1-F3_6678:229,45365.0,0.15979381443298968,9,GE5_LT10
R4PXD064962:PT_D3_30:P26038,PXD064962_UCD_EVENT,University College Dublin / Conway Institute,P26038,PT_D3_30,PT_D3_30,1,LFQ intensity PT_D3_30_2_S1-F3_6678:274,24599.0,0.07731958762886598,9,GE5_LT10
R4PXD064962:PT_D3_30:P30041,PXD064962_UCD_EVENT,University College Dublin / Conway Institute,P30041,PT_D3_30,PT_D3_30,1,LFQ intensity PT_D3_30_1_S1-E3_6677:283,25097.0,0.09693877551020408,9,GE5_LT10
R4PXD064962:PT_D3_30:Q04695,PXD064962_UCD_EVENT,University College Dublin / Conway Institute,Q04695,PT_D3_30,PT_D3_30,2,LFQ intensity PT_D3_30_1_S1-E3_6677:51;LFQ intensity PT_D3_30_2_S1-F3_6678:51,215.04;294.01,0.0,9,GE5_LT10
R4PXD064962:PT_D3_30:Q9HDC9,PXD064962_UCD_EVENT,University College Dublin / Conway Institute,Q9HDC9,PT_D3_30,PT_D3_30,2,LFQ intensity PT_D3_30_1_S1-E3_6677:385;LFQ intensity PT_D3_30_2_S1-F3_6678:385,49050.0;63481.0,0.20523879654954766,9,GE5_LT10
R4PXD064962:PT_D3_37:P04004,PXD064962_UCD_EVENT,University College Dublin / Conway Institute,P04004,PT_D3_37,PT_D3_37,2,LFQ intensity PT_D3_37_1_S1-G5_6695:149;LFQ intensity PT_D3_37_2_S1-H5_6696:149,1774100.0;2476300.0,0.8165162117408258,8,GE5_LT10
R4PXD064962:PT_D3_37:P04264,PXD064962_UCD_EVENT,University College Dublin / Conway Institute,P04264,PT_D3_37,PT_D3_37,2,LFQ intensity PT_D3_37_1_S1-G5_6695:160;LFQ intensity PT_D3_37_2_S1-H5_6696:160,273440.0;274280.0,0.5193766358634688,8,GE5_LT10
R4PXD064962:PT_D3_37:P06396,PXD064962_UCD_EVENT,University College Dublin / Conway Institute,P06396,PT_D3_37,PT_D3_37,2,LFQ intensity PT_D3_37_1_S1-G5_6695:178;LFQ intensity PT_D3_37_2_S1-H5_6696:178,3736400.0;3611300.0,0.8682228513434112,8,GE5_LT10
R4PXD064962:PT_D3_37:P07996,PXD064962_UCD_EVENT,University College Dublin / Conway Institute,P07996,PT_D3_37,PT_D3_37,2,LFQ intensity PT_D3_37_1_S1-G5_6695:202;LFQ intensity PT_D3_37_2_S1-H5_6696:202,109660.0;66581.0,0.289541156989477,8,GE5_LT10
R4PXD064962:PT_D3_37:P09493,PXD064962_UCD_EVENT,University College Dublin / Conway Institute,P09493,PT_D3_37,PT_D3_37,1,LFQ intensity PT_D3_37_2_S1-H5_6696:322,2635.0,0.005154639175257732,8,GE5_LT10
R4PXD064962:PT_D3_37:P30041,PXD064962_UCD_EVENT,University College Dublin / Conway Institute,P30041,PT_D3_37,PT_D3_37,1,LFQ intensity PT_D3_37_2_S1-H5_6696:283,17817.0,0.06701030927835051,8,GE5_LT10
R4PXD064962:PT_D3_37:Q04695,PXD064962_UCD_EVENT,University College Dublin / Conway Institute,Q04695,PT_D3_37,PT_D3_37,2,LFQ intensity PT_D3_37_1_S1-G5_6695:51;LFQ intensity PT_D3_37_2_S1-H5_6696:51,227.47;223.79,0.0,8,GE5_LT10
R4PXD064962:PT_D3_37:Q9HDC9,PXD064962_UCD_EVENT,University College Dublin / Conway Institute,Q9HDC9,PT_D3_37,PT_D3_37,2,LFQ intensity PT_D3_37_1_S1-G5_6695:385;LFQ intensity PT_D3_37_2_S1-H5_6696:385,78456.0;57798.0,0.22999572672399976,8,GE5_LT10
R4PXD064962:PT_D3_41:P04004,PXD064962_UCD_EVENT,University College Dublin / Conway Institute,P04004,PT_D3_41,PT_D3_41,2,LFQ intensity PT_D3_41_1_S1-G3_6691:149;LFQ intensity PT_D3_41_2_S1-H3_6692:149,2331300.0;2618300.0,0.8489986648865153,10,GE10
R4PXD064962:PT_D3_41:P04264,PXD064962_UCD_EVENT,University College Dublin / Conway Institute,P04264,PT_D3_41,PT_D3_41,2,LFQ intensity PT_D3_41_1_S1-G3_6691:160;LFQ intensity PT_D3_41_2_S1-H3_6692:160,171650.0;132590.0,0.4434356920338229,10,GE10
R4PXD064962:PT_D3_41:P06396,PXD064962_UCD_EVENT,University College Dublin / Conway Institute,P06396,PT_D3_41,PT_D3_41,2,LFQ intensity PT_D3_41_1_S1-G3_6691:178;LFQ intensity PT_D3_41_2_S1-H3_6692:178,3368500.0;3797900.0,0.8725856697819314,10,GE10
R4PXD064962:PT_D3_41:P06576,PXD064962_UCD_EVENT,University College Dublin / Conway Institute,P06576,PT_D3_41,PT_D3_41,2,LFQ intensity PT_D3_41_1_S1-G3_6691:179;LFQ intensity PT_D3_41_2_S1-H3_6692:179,59566.0;53962.0,0.20747663551401868,10,GE10
R4PXD064962:PT_D3_41:P07996,PXD064962_UCD_EVENT,University College Dublin / Conway Institute,P07996,PT_D3_41,PT_D3_41,1,LFQ intensity PT_D3_41_1_S1-G3_6691:202,11991.0,0.009523809523809525,10,GE10
R4PXD064962:PT_D3_41:P09493,PXD064962_UCD_EVENT,University College Dublin / Conway Institute,P09493,PT_D3_41,PT_D3_41,2,LFQ intensity PT_D3_41_1_S1-G3_6691:322;LFQ intensity PT_D3_41_2_S1-H3_6692:322,74385.0;60731.0,0.23582554517133958,10,GE10
R4PXD064962:PT_D3_41:P11021,PXD064962_UCD_EVENT,University College Dublin / Conway Institute,P11021,PT_D3_41,PT_D3_41,2,LFQ intensity PT_D3_41_1_S1-G3_6691:229;LFQ intensity PT_D3_41_2_S1-H3_6692:229,50842.0;45463.0,0.17679127725856697,10,GE10
R4PXD064962:PT_D3_41:P13796,PXD064962_UCD_EVENT,University College Dublin / Conway Institute,P13796,PT_D3_41,PT_D3_41,1,LFQ intensity PT_D3_41_1_S1-G3_6691:241,19226.0,0.0380952380952381,10,GE10
R4PXD064962:PT_D3_41:Q04695,PXD064962_UCD_EVENT,University College Dublin / Conway Institute,Q04695,PT_D3_41,PT_D3_41,2,LFQ intensity PT_D3_41_1_S1-G3_6691:51;LFQ intensity PT_D3_41_2_S1-H3_6692:51,1813500.0;1701800.0,0.8207832665776591,10,GE10
R4PXD064962:PT_D3_41:Q9HDC9,PXD064962_UCD_EVENT,University College Dublin / Conway Institute,Q9HDC9,PT_D3_41,PT_D3_41,2,LFQ intensity PT_D3_41_1_S1-G3_6691:385;LFQ intensity PT_D3_41_2_S1-H3_6692:385,46614.0;42832.0,0.1579216733422341,10,GE10
R4PXD064962:PT_D3_42:P04004,PXD064962_UCD_EVENT,University College Dublin / Conway Institute,P04004,PT_D3_42,PT_D3_42,2,LFQ intensity PT_D3_42_1_S1-G4_6693:149;LFQ intensity PT_D3_42_2_S1-H4_6694:149,2779500.0;2630700.0,0.8343632752151843,8,GE5_LT10
R4PXD064962:PT_D3_42:P04264,PXD064962_UCD_EVENT,University College Dublin / Conway Institute,P04264,PT_D3_42,PT_D3_42,2,LFQ intensity PT_D3_42_1_S1-G4_6693:160;LFQ intensity PT_D3_42_2_S1-H4_6694:160,271580.0;310730.0,0.5353398808210108,8,GE5_LT10
R4PXD064962:PT_D3_42:P06396,PXD064962_UCD_EVENT,University College Dublin / Conway Institute,P06396,PT_D3_42,PT_D3_42,2,LFQ intensity PT_D3_42_1_S1-G4_6693:178;LFQ intensity PT_D3_42_2_S1-H4_6694:178,2465200.0;2548100.0,0.824031670712867,8,GE5_LT10
R4PXD064962:PT_D3_42:P07996,PXD064962_UCD_EVENT,University College Dublin / Conway Institute,P07996,PT_D3_42,PT_D3_42,2,LFQ intensity PT_D3_42_1_S1-G4_6693:202;LFQ intensity PT_D3_42_2_S1-H4_6694:202,40703.0;89160.0,0.23285422644007947,8,GE5_LT10
R4PXD064962:PT_D3_42:P13796,PXD064962_UCD_EVENT,University College Dublin / Conway Institute,P13796,PT_D3_42,PT_D3_42,1,LFQ intensity PT_D3_42_1_S1-G4_6693:241,8755.4,0.030456852791878174,8,GE5_LT10
R4PXD064962:PT_D3_42:P30041,PXD064962_UCD_EVENT,University College Dublin / Conway Institute,P30041,PT_D3_42,PT_D3_42,1,LFQ intensity PT_D3_42_1_S1-G4_6693:283,8432.1,0.025380710659898477,8,GE5_LT10
R4PXD064962:PT_D3_42:Q04695,PXD064962_UCD_EVENT,University College Dublin / Conway Institute,Q04695,PT_D3_42,PT_D3_42,2,LFQ intensity PT_D3_42_1_S1-G4_6693:51;LFQ intensity PT_D3_42_2_S1-H4_6694:51,260.0;351.39,0.0025380710659898475,8,GE5_LT10
R4PXD064962:PT_D3_42:Q9HDC9,PXD064962_UCD_EVENT,University College Dublin / Conway Institute,Q9HDC9,PT_D3_42,PT_D3_42,2,LFQ intensity PT_D3_42_1_S1-G4_6693:385;LFQ intensity PT_D3_42_2_S1-H4_6694:385,121910.0;76997.0,0.3284043257559038,8,GE5_LT10
R4PXD064962:PT_D3_85:P04004,PXD064962_UCD_EVENT,University College Dublin / Conway Institute,P04004,PT_D3_85,PT_D3_85,2,LFQ intensity PT_D3_85_1_S1-E4_6679:149;LFQ intensity PT_D3_85_2_S1-F4_6680:149,2660800.0;2682500.0,0.8369083369083369,7,GE5_LT10
R4PXD064962:PT_D3_85:P04264,PXD064962_UCD_EVENT,University College Dublin / Conway Institute,P04264,PT_D3_85,PT_D3_85,2,LFQ intensity PT_D3_85_1_S1-E4_6679:160;LFQ intensity PT_D3_85_2_S1-F4_6680:160,230900.0;238490.0,0.46788216788216785,7,GE5_LT10
R4PXD064962:PT_D3_85:P06396,PXD064962_UCD_EVENT,University College Dublin / Conway Institute,P06396,PT_D3_85,PT_D3_85,2,LFQ intensity PT_D3_85_1_S1-E4_6679:178;LFQ intensity PT_D3_85_2_S1-F4_6680:178,3111200.0;3360000.0,0.8449592449592449,7,GE5_LT10
R4PXD064962:PT_D3_85:P11021,PXD064962_UCD_EVENT,University College Dublin / Conway Institute,P11021,PT_D3_85,PT_D3_85,1,LFQ intensity PT_D3_85_1_S1-E4_6679:229,45069.0,0.15873015873015872,7,GE5_LT10
R4PXD064962:PT_D3_85:P13796,PXD064962_UCD_EVENT,University College Dublin / Conway Institute,P13796,PT_D3_85,PT_D3_85,1,LFQ intensity PT_D3_85_1_S1-E4_6679:241,22336.0,0.06878306878306878,7,GE5_LT10
R4PXD064962:PT_D3_85:Q04695,PXD064962_UCD_EVENT,University College Dublin / Conway Institute,Q04695,PT_D3_85,PT_D3_85,2,LFQ intensity PT_D3_85_1_S1-E4_6679:51;LFQ intensity PT_D3_85_2_S1-F4_6680:51,208.81;314.58,0.0,7,GE5_LT10
R4PXD064962:PT_D3_85:Q9HDC9,PXD064962_UCD_EVENT,University College Dublin / Conway Institute,Q9HDC9,PT_D3_85,PT_D3_85,2,LFQ intensity PT_D3_85_1_S1-E4_6679:385;LFQ intensity PT_D3_85_2_S1-F4_6680:385,42401.0;70721.0,0.18494208494208494,7,GE5_LT10
R4PXD064962:PT_D3_96:P04004,PXD064962_UCD_EVENT,University College Dublin / Conway Institute,P04004,PT_D3_96,PT_D3_96,2,LFQ intensity PT_D3_96_1_S1-A4_6647:149;LFQ intensity PT_D3_96_2_S1-B4_6648:149,2625100.0;2307300.0,0.809671669254212,8,GE5_LT10
R4PXD064962:PT_D3_96:P04264,PXD064962_UCD_EVENT,University College Dublin / Conway Institute,P04264,PT_D3_96,PT_D3_96,2,LFQ intensity PT_D3_96_1_S1-A4_6647:160;LFQ intensity PT_D3_96_2_S1-B4_6648:160,486780.0;520780.0,0.5978379621643379,8,GE5_LT10
R4PXD064962:PT_D3_96:P06396,PXD064962_UCD_EVENT,University College Dublin / Conway Institute,P06396,PT_D3_96,PT_D3_96,2,LFQ intensity PT_D3_96_1_S1-A4_6647:178;LFQ intensity PT_D3_96_2_S1-B4_6648:178,2919600.0;3366200.0,0.8310907940888965,8,GE5_LT10
R4PXD064962:PT_D3_96:P07996,PXD064962_UCD_EVENT,University College Dublin / Conway Institute,P07996,PT_D3_96,PT_D3_96,2,LFQ intensity PT_D3_96_1_S1-A4_6647:202;LFQ intensity PT_D3_96_2_S1-B4_6648:202,100140.0;79934.0,0.2976252084411477,8,GE5_LT10
R4PXD064962:PT_D3_96:P09493,PXD064962_UCD_EVENT,University College Dublin / Conway Institute,P09493,PT_D3_96,PT_D3_96,1,LFQ intensity PT_D3_96_1_S1-A4_6647:322,3825.7,0.021505376344086023,8,GE5_LT10
R4PXD064962:PT_D3_96:P13796,PXD064962_UCD_EVENT,University College Dublin / Conway Institute,P13796,PT_D3_96,PT_D3_96,2,LFQ intensity PT_D3_96_1_S1-A4_6647:241;LFQ intensity PT_D3_96_2_S1-B4_6648:241,16121.0;16397.0,0.06168420447357828,8,GE5_LT10
R4PXD064962:PT_D3_96:Q04695,PXD064962_UCD_EVENT,University College Dublin / Conway Institute,Q04695,PT_D3_96,PT_D3_96,2,LFQ intensity PT_D3_96_1_S1-A4_6647:51;LFQ intensity PT_D3_96_2_S1-B4_6648:51,462.34;332.47,0.0,8,GE5_LT10
R4PXD064962:PT_D3_96:Q9HDC9,PXD064962_UCD_EVENT,University College Dublin / Conway Institute,Q9HDC9,PT_D3_96,PT_D3_96,2,LFQ intensity PT_D3_96_1_S1-A4_6647:385;LFQ intensity PT_D3_96_2_S1-B4_6648:385,42437.0;43773.0,0.16889483065953653,8,GE5_LT10
R4PXD064962:T_D1_133:P04004,PXD064962_UCD_EVENT,University College Dublin / Conway Institute,P04004,T_D1_133,T_D1_133,2,LFQ intensity T_D1_133_1_S1-A6_6651:149;LFQ intensity T_D1_133_2_S1-B6_6652:149,2701900.0;2784500.0,0.825277520814061,9,GE5_LT10
R4PXD064962:T_D1_133:P04264,PXD064962_UCD_EVENT,University College Dublin / Conway Institute,P04264,T_D1_133,T_D1_133,2,LFQ intensity T_D1_133_1_S1-A6_6651:160;LFQ intensity T_D1_133_2_S1-B6_6652:160,305980.0;346130.0,0.5054925994449584,9,GE5_LT10
R4PXD064962:T_D1_133:P06396,PXD064962_UCD_EVENT,University College Dublin / Conway Institute,P06396,T_D1_133,T_D1_133,2,LFQ intensity T_D1_133_1_S1-A6_6651:178;LFQ intensity T_D1_133_2_S1-B6_6652:178,2932700.0;3016800.0,0.836031452358927,9,GE5_LT10
R4PXD064962:T_D1_133:P07996,PXD064962_UCD_EVENT,University College Dublin / Conway Institute,P07996,T_D1_133,T_D1_133,2,LFQ intensity T_D1_133_1_S1-A6_6651:202;LFQ intensity T_D1_133_2_S1-B6_6652:202,26021.0;30548.0,0.08337187789084181,9,GE5_LT10
R4PXD064962:T_D1_133:P11021,PXD064962_UCD_EVENT,University College Dublin / Conway Institute,P11021,T_D1_133,T_D1_133,1,LFQ intensity T_D1_133_1_S1-A6_6651:229,19923.0,0.031914893617021274,9,GE5_LT10
R4PXD064962:T_D1_133:P13796,PXD064962_UCD_EVENT,University College Dublin / Conway Institute,P13796,T_D1_133,T_D1_133,2,LFQ intensity T_D1_133_1_S1-A6_6651:241;LFQ intensity T_D1_133_2_S1-B6_6652:241,22214.0;23376.0,0.05920444033302498,9,GE5_LT10
R4PXD064962:T_D1_133:P30041,PXD064962_UCD_EVENT,University College Dublin / Conway Institute,P30041,T_D1_133,T_D1_133,1,LFQ intensity T_D1_133_1_S1-A6_6651:283,18077.0,0.015957446808510637,9,GE5_LT10
R4PXD064962:T_D1_133:Q04695,PXD064962_UCD_EVENT,University College Dublin / Conway Institute,Q04695,T_D1_133,T_D1_133,2,LFQ intensity T_D1_133_1_S1-A6_6651:51;LFQ intensity T_D1_133_2_S1-B6_6652:51,258.92;188.76,0.0,9,GE5_LT10
R4PXD064962:T_D1_133:Q9HDC9,PXD064962_UCD_EVENT,University College Dublin / Conway Institute,Q9HDC9,T_D1_133,T_D1_133,2,LFQ intensity T_D1_133_1_S1-A6_6651:385;LFQ intensity T_D1_133_2_S1-B6_6652:385,37807.0;37931.0,0.13159111933395007,9,GE5_LT10
R4PXD064962:T_D1_138:P04004,PXD064962_UCD_EVENT,University College Dublin / Conway Institute,P04004,T_D1_138,T_D1_138,2,LFQ intensity T_D1_138_1_S1-G6_6697:149;LFQ intensity T_D1_138_2_S1-H6_6698:149,2788500.0;2875400.0,0.8227603583426653,9,GE5_LT10
R4PXD064962:T_D1_138:P04264,PXD064962_UCD_EVENT,University College Dublin / Conway Institute,P04264,T_D1_138,T_D1_138,2,LFQ intensity T_D1_138_1_S1-G6_6697:160;LFQ intensity T_D1_138_2_S1-H6_6698:160,238610.0;234930.0,0.45235162374020155,9,GE5_LT10
R4PXD064962:T_D1_138:P06396,PXD064962_UCD_EVENT,University College Dublin / Conway Institute,P06396,T_D1_138,T_D1_138,2,LFQ intensity T_D1_138_1_S1-G6_6697:178;LFQ intensity T_D1_138_2_S1-H6_6698:178,2756200.0;2604200.0,0.8148096304591266,9,GE5_LT10
R4PXD064962:T_D1_138:P07996,PXD064962_UCD_EVENT,University College Dublin / Conway Institute,P07996,T_D1_138,T_D1_138,1,LFQ intensity T_D1_138_1_S1-G6_6697:202,21472.0,0.05789473684210526,9,GE5_LT10
R4PXD064962:T_D1_138:P09493,PXD064962_UCD_EVENT,University College Dublin / Conway Institute,P09493,T_D1_138,T_D1_138,2,LFQ intensity T_D1_138_1_S1-G6_6697:322;LFQ intensity T_D1_138_2_S1-H6_6698:322,5503.6;5209.3,0.013241881298992161,9,GE5_LT10
R4PXD064962:T_D1_138:P13796,PXD064962_UCD_EVENT,University College Dublin / Conway Institute,P13796,T_D1_138,T_D1_138,1,LFQ intensity T_D1_138_1_S1-G6_6697:241,26586.0,0.07368421052631578,9,GE5_LT10
R4PXD064962:T_D1_138:P30041,PXD064962_UCD_EVENT,University College Dublin / Conway Institute,P30041,T_D1_138,T_D1_138,1,LFQ intensity T_D1_138_2_S1-H6_6698:283,35661.0,0.10106382978723404,9,GE5_LT10
R4PXD064962:T_D1_138:Q04695,PXD064962_UCD_EVENT,University College Dublin / Conway Institute,Q04695,T_D1_138,T_D1_138,2,LFQ intensity T_D1_138_1_S1-G6_6697:51;LFQ intensity T_D1_138_2_S1-H6_6698:51,433.1;277.17,0.0,9,GE5_LT10
R4PXD064962:T_D1_138:Q9HDC9,PXD064962_UCD_EVENT,University College Dublin / Conway Institute,Q9HDC9,T_D1_138,T_D1_138,2,LFQ intensity T_D1_138_1_S1-G6_6697:385;LFQ intensity T_D1_138_2_S1-H6_6698:385,60025.0;50337.0,0.1717805151175812,9,GE5_LT10
R4PXD064962:T_D1_165:P04004,PXD064962_UCD_EVENT,University College Dublin / Conway Institute,P04004,T_D1_165,T_D1_165,2,LFQ intensity T_D1_165_1_S1-A7_6653:149;LFQ intensity T_D1_165_2_S1-B7_6654:149,2840000.0;2811000.0,0.8220471983259707,9,GE5_LT10
R4PXD064962:T_D1_165:P04264,PXD064962_UCD_EVENT,University College Dublin / Conway Institute,P04264,T_D1_165,T_D1_165,2,LFQ intensity T_D1_165_1_S1-A7_6653:160;LFQ intensity T_D1_165_2_S1-B7_6654:160,715490.0;671450.0,0.5982910950941642,9,GE5_LT10
R4PXD064962:T_D1_165:P06396,PXD064962_UCD_EVENT,University College Dublin / Conway Institute,P06396,T_D1_165,T_D1_165,2,LFQ intensity T_D1_165_1_S1-A7_6653:178;LFQ intensity T_D1_165_2_S1-B7_6654:178,3216900.0;3130300.0,0.8409381539176937,9,GE5_LT10
R4PXD064962:T_D1_165:P07996,PXD064962_UCD_EVENT,University College Dublin / Conway Institute,P07996,T_D1_165,T_D1_165,2,LFQ intensity T_D1_165_1_S1-A7_6653:202;LFQ intensity T_D1_165_2_S1-B7_6654:202,141440.0;121650.0,0.31786212508718903,9,GE5_LT10
R4PXD064962:T_D1_165:P09493,PXD064962_UCD_EVENT,University College Dublin / Conway Institute,P09493,T_D1_165,T_D1_165,1,LFQ intensity T_D1_165_1_S1-A7_6653:322,1460.2,0.0053475935828877,9,GE5_LT10
R4PXD064962:T_D1_165:P11021,PXD064962_UCD_EVENT,University College Dublin / Conway Institute,P11021,T_D1_165,T_D1_165,1,LFQ intensity T_D1_165_2_S1-B7_6654:229,36490.0,0.125,9,GE5_LT10
R4PXD064962:T_D1_165:P13796,PXD064962_UCD_EVENT,University College Dublin / Conway Institute,P13796,T_D1_165,T_D1_165,1,LFQ intensity T_D1_165_2_S1-B7_6654:241,17951.0,0.03804347826086957,9,GE5_LT10
R4PXD064962:T_D1_165:Q04695,PXD064962_UCD_EVENT,University College Dublin / Conway Institute,Q04695,T_D1_165,T_D1_165,2,LFQ intensity T_D1_165_1_S1-A7_6653:51;LFQ intensity T_D1_165_2_S1-B7_6654:51,960.8;472.65,0.0,9,GE5_LT10
R4PXD064962:T_D1_165:Q9HDC9,PXD064962_UCD_EVENT,University College Dublin / Conway Institute,Q9HDC9,T_D1_165,T_D1_165,2,LFQ intensity T_D1_165_1_S1-A7_6653:385;LFQ intensity T_D1_165_2_S1-B7_6654:385,64283.0;42348.0,0.17764764008370149,9,GE5_LT10
R4PXD064962:T_D1_173:P04004,PXD064962_UCD_EVENT,University College Dublin / Conway Institute,P04004,T_D1_173,T_D1_173,2,LFQ intensity T_D1_173_1_S1-E6_6683:149;LFQ intensity T_D1_173_2_S1-F6_6684:149,2849900.0;3026700.0,0.8161075036075036,9,GE5_LT10
R4PXD064962:T_D1_173:P04264,PXD064962_UCD_EVENT,University College Dublin / Conway Institute,P04264,T_D1_173,T_D1_173,2,LFQ intensity T_D1_173_1_S1-E6_6683:160;LFQ intensity T_D1_173_2_S1-F6_6684:160,131640.0;143950.0,0.3334986772486772,9,GE5_LT10
R4PXD064962:T_D1_173:P06396,PXD064962_UCD_EVENT,University College Dublin / Conway Institute,P06396,T_D1_173,T_D1_173,2,LFQ intensity T_D1_173_1_S1-E6_6683:178;LFQ intensity T_D1_173_2_S1-F6_6684:178,2919300.0;2622700.0,0.8083664021164021,9,GE5_LT10
R4PXD064962:T_D1_173:P07996,PXD064962_UCD_EVENT,University College Dublin / Conway Institute,P07996,T_D1_173,T_D1_173,2,LFQ intensity T_D1_173_1_S1-E6_6683:202;LFQ intensity T_D1_173_2_S1-F6_6684:202,348210.0;392970.0,0.5145502645502645,9,GE5_LT10
R4PXD064962:T_D1_173:P11021,PXD064962_UCD_EVENT,University College Dublin / Conway Institute,P11021,T_D1_173,T_D1_173,1,LFQ intensity T_D1_173_1_S1-E6_6683:229,14965.0,0.028409090909090908,9,GE5_LT10
R4PXD064962:T_D1_173:P13796,PXD064962_UCD_EVENT,University College Dublin / Conway Institute,P13796,T_D1_173,T_D1_173,2,LFQ intensity T_D1_173_1_S1-E6_6683:241;LFQ intensity T_D1_173_2_S1-F6_6684:241,13264.0;12390.0,0.02988215488215488,9,GE5_LT10
R4PXD064962:T_D1_173:P30041,PXD064962_UCD_EVENT,University College Dublin / Conway Institute,P30041,T_D1_173,T_D1_173,1,LFQ intensity T_D1_173_2_S1-F6_6684:283,18815.0,0.05291005291005291,9,GE5_LT10
R4PXD064962:T_D1_173:Q04695,PXD064962_UCD_EVENT,University College Dublin / Conway Institute,Q04695,T_D1_173,T_D1_173,1,LFQ intensity T_D1_173_2_S1-F6_6684:51,557.6,0.0,9,GE5_LT10
R4PXD064962:T_D1_173:Q9HDC9,PXD064962_UCD_EVENT,University College Dublin / Conway Institute,Q9HDC9,T_D1_173,T_D1_173,2,LFQ intensity T_D1_173_1_S1-E6_6683:385;LFQ intensity T_D1_173_2_S1-F6_6684:385,57857.0;54324.0,0.16929713804713803,9,GE5_LT10
R4PXD064962:T_D1_186:P04004,PXD064962_UCD_EVENT,University College Dublin / Conway Institute,P04004,T_D1_186,T_D1_186,2,LFQ intensity T_D1_186_1_S1-C6_6667:149;LFQ intensity T_D1_186_2_S1-D6_6668:149,2859800.0;2837900.0,0.8406026962727994,8,GE5_LT10
R4PXD064962:T_D1_186:P04264,PXD064962_UCD_EVENT,University College Dublin / Conway Institute,P04264,T_D1_186,T_D1_186,2,LFQ intensity T_D1_186_1_S1-C6_6667:160;LFQ intensity T_D1_186_2_S1-D6_6668:160,279170.0;296430.0,0.5321173671689136,8,GE5_LT10
R4PXD064962:T_D1_186:P06396,PXD064962_UCD_EVENT,University College Dublin / Conway Institute,P06396,T_D1_186,T_D1_186,2,LFQ intensity T_D1_186_1_S1-C6_6667:178;LFQ intensity T_D1_186_2_S1-D6_6668:178,2331300.0;2300000.0,0.8071900607983082,8,GE5_LT10
R4PXD064962:T_D1_186:P07996,PXD064962_UCD_EVENT,University College Dublin / Conway Institute,P07996,T_D1_186,T_D1_186,2,LFQ intensity T_D1_186_1_S1-C6_6667:202;LFQ intensity T_D1_186_2_S1-D6_6668:202,32044.0;35982.0,0.11571504097277292,8,GE5_LT10
R4PXD064962:T_D1_186:P26038,PXD064962_UCD_EVENT,University College Dublin / Conway Institute,P26038,T_D1_186,T_D1_186,1,LFQ intensity T_D1_186_2_S1-D6_6668:274,25642.0,0.07731958762886598,8,GE5_LT10
R4PXD064962:T_D1_186:P30041,PXD064962_UCD_EVENT,University College Dublin / Conway Institute,P30041,T_D1_186,T_D1_186,1,LFQ intensity T_D1_186_1_S1-C6_6667:283,28765.0,0.07179487179487179,8,GE5_LT10
R4PXD064962:T_D1_186:Q04695,PXD064962_UCD_EVENT,University College Dublin / Conway Institute,Q04695,T_D1_186,T_D1_186,2,LFQ intensity T_D1_186_1_S1-C6_6667:51;LFQ intensity T_D1_186_2_S1-D6_6668:51,185.76;112.11,0.0,8,GE5_LT10
R4PXD064962:T_D1_186:Q9HDC9,PXD064962_UCD_EVENT,University College Dublin / Conway Institute,Q9HDC9,T_D1_186,T_D1_186,2,LFQ intensity T_D1_186_1_S1-C6_6667:385;LFQ intensity T_D1_186_2_S1-D6_6668:385,57706.0;50964.0,0.17988369019296854,8,GE5_LT10
R4PXD064962:T_D3_119a:P04004,PXD064962_UCD_EVENT,University College Dublin / Conway Institute,P04004,T_D3_119a,T_D3_119a,2,LFQ intensity T_D3_119a_1_S1-E7_6685:149;LFQ intensity T_D3_119a_2_S1-F7_6686:149,2113100.0;2145000.0,0.8105243015690777,8,GE5_LT10
R4PXD064962:T_D3_119a:P04264,PXD064962_UCD_EVENT,University College Dublin / Conway Institute,P04264,T_D3_119a,T_D3_119a,2,LFQ intensity T_D3_119a_1_S1-E7_6685:160;LFQ intensity T_D3_119a_2_S1-F7_6686:160,726480.0;924580.0,0.6693073096058171,8,GE5_LT10
R4PXD064962:T_D3_119a:P06396,PXD064962_UCD_EVENT,University College Dublin / Conway Institute,P06396,T_D3_119a,T_D3_119a,2,LFQ intensity T_D3_119a_1_S1-E7_6685:178;LFQ intensity T_D3_119a_2_S1-F7_6686:178,2462800.0;2361800.0,0.828243398392652,8,GE5_LT10
R4PXD064962:T_D3_119a:P07996,PXD064962_UCD_EVENT,University College Dublin / Conway Institute,P07996,T_D3_119a,T_D3_119a,2,LFQ intensity T_D3_119a_1_S1-E7_6685:202;LFQ intensity T_D3_119a_2_S1-F7_6686:202,20484.0;20558.0,0.08821278224263299,8,GE5_LT10
R4PXD064962:T_D3_119a:P13796,PXD064962_UCD_EVENT,University College Dublin / Conway Institute,P13796,T_D3_119a,T_D3_119a,1,LFQ intensity T_D3_119a_1_S1-E7_6685:241,15837.0,0.05970149253731343,8,GE5_LT10
R4PXD064962:T_D3_119a:P26038,PXD064962_UCD_EVENT,University College Dublin / Conway Institute,P26038,T_D3_119a,T_D3_119a,1,LFQ intensity T_D3_119a_2_S1-F7_6686:274,14402.0,0.05128205128205128,8,GE5_LT10
R4PXD064962:T_D3_119a:Q04695,PXD064962_UCD_EVENT,University College Dublin / Conway Institute,Q04695,T_D3_119a,T_D3_119a,2,LFQ intensity T_D3_119a_1_S1-E7_6685:51;LFQ intensity T_D3_119a_2_S1-F7_6686:51,565.79;156.42,0.0,8,GE5_LT10
R4PXD064962:T_D3_119a:Q9HDC9,PXD064962_UCD_EVENT,University College Dublin / Conway Institute,Q9HDC9,T_D3_119a,T_D3_119a,2,LFQ intensity T_D3_119a_1_S1-E7_6685:385;LFQ intensity T_D3_119a_2_S1-F7_6686:385,82916.0;79003.0,0.3076923076923077,8,GE5_LT10
R4PXD064962:T_D3_119b:P04004,PXD064962_UCD_EVENT,University College Dublin / Conway Institute,P04004,T_D3_119b,T_D3_119b,2,LFQ intensity T_D3_119b_1_S1-A8_6655:149;LFQ intensity T_D3_119b_2_S1-B8_6656:149,2311900.0;2283600.0,0.8312395309882747,9,GE5_LT10
R4PXD064962:T_D3_119b:P04264,PXD064962_UCD_EVENT,University College Dublin / Conway Institute,P04264,T_D3_119b,T_D3_119b,2,LFQ intensity T_D3_119b_1_S1-A8_6655:160;LFQ intensity T_D3_119b_2_S1-B8_6656:160,353660.0;346460.0,0.600342398265839,9,GE5_LT10
R4PXD064962:T_D3_119b:P06396,PXD064962_UCD_EVENT,University College Dublin / Conway Institute,P06396,T_D3_119b,T_D3_119b,2,LFQ intensity T_D3_119b_1_S1-A8_6655:178;LFQ intensity T_D3_119b_2_S1-B8_6656:178,2387300.0;2361600.0,0.8387156370085722,9,GE5_LT10
R4PXD064962:T_D3_119b:P07996,PXD064962_UCD_EVENT,University College Dublin / Conway Institute,P07996,T_D3_119b,T_D3_119b,2,LFQ intensity T_D3_119b_1_S1-A8_6655:202;LFQ intensity T_D3_119b_2_S1-B8_6656:202,41767.0;38637.0,0.15613607251946005,9,GE5_LT10
R4PXD064962:T_D3_119b:P11021,PXD064962_UCD_EVENT,University College Dublin / Conway Institute,P11021,T_D3_119b,T_D3_119b,1,LFQ intensity T_D3_119b_2_S1-B8_6656:229,33973.0,0.12745098039215685,9,GE5_LT10
R4PXD064962:T_D3_119b:P26038,PXD064962_UCD_EVENT,University College Dublin / Conway Institute,P26038,T_D3_119b,T_D3_119b,1,LFQ intensity T_D3_119b_2_S1-B8_6656:274,20637.0,0.0784313725490196,9,GE5_LT10
R4PXD064962:T_D3_119b:P30041,PXD064962_UCD_EVENT,University College Dublin / Conway Institute,P30041,T_D3_119b,T_D3_119b,2,LFQ intensity T_D3_119b_1_S1-A8_6655:283;LFQ intensity T_D3_119b_2_S1-B8_6656:283,13016.0;25518.0,0.061705586757315994,9,GE5_LT10
R4PXD064962:T_D3_119b:Q04695,PXD064962_UCD_EVENT,University College Dublin / Conway Institute,Q04695,T_D3_119b,T_D3_119b,2,LFQ intensity T_D3_119b_1_S1-A8_6655:51;LFQ intensity T_D3_119b_2_S1-B8_6656:51,273.06;114.2,0.0024509803921568627,9,GE5_LT10
R4PXD064962:T_D3_119b:Q9HDC9,PXD064962_UCD_EVENT,University College Dublin / Conway Institute,Q9HDC9,T_D3_119b,T_D3_119b,2,LFQ intensity T_D3_119b_1_S1-A8_6655:385;LFQ intensity T_D3_119b_2_S1-B8_6656:385,57727.0;50293.0,0.22342102670213815,9,GE5_LT10
R4PXD064962:T_D3_155:P04004,PXD064962_UCD_EVENT,University College Dublin / Conway Institute,P04004,T_D3_155,T_D3_155,2,LFQ intensity T_D3_155_1_S1-G7_6699:149;LFQ intensity T_D3_155_2_S1-H7_6700:149,1656700.0;1674100.0,0.7733997155049787,6,GE5_LT10
R4PXD064962:T_D3_155:P04264,PXD064962_UCD_EVENT,University College Dublin / Conway Institute,P04264,T_D3_155,T_D3_155,2,LFQ intensity T_D3_155_1_S1-G7_6699:160;LFQ intensity T_D3_155_2_S1-H7_6700:160,29761.0;37228.0,0.12553342816500712,6,GE5_LT10
R4PXD064962:T_D3_155:P06396,PXD064962_UCD_EVENT,University College Dublin / Conway Institute,P06396,T_D3_155,T_D3_155,2,LFQ intensity T_D3_155_1_S1-G7_6699:178;LFQ intensity T_D3_155_2_S1-H7_6700:178,2316500.0;2328800.0,0.8025604551920341,6,GE5_LT10
R4PXD064962:T_D3_155:P07996,PXD064962_UCD_EVENT,University College Dublin / Conway Institute,P07996,T_D3_155,T_D3_155,2,LFQ intensity T_D3_155_1_S1-G7_6699:202;LFQ intensity T_D3_155_2_S1-H7_6700:202,22058.0;21035.0,0.06657183499288763,6,GE5_LT10
R4PXD064962:T_D3_155:P11021,PXD064962_UCD_EVENT,University College Dublin / Conway Institute,P11021,T_D3_155,T_D3_155,2,LFQ intensity T_D3_155_1_S1-G7_6699:229;LFQ intensity T_D3_155_2_S1-H7_6700:229,34517.0;26264.0,0.10625889046941679,6,GE5_LT10
R4PXD064962:T_D3_155:Q9HDC9,PXD064962_UCD_EVENT,University College Dublin / Conway Institute,Q9HDC9,T_D3_155,T_D3_155,2,LFQ intensity T_D3_155_1_S1-G7_6699:385;LFQ intensity T_D3_155_2_S1-H7_6700:385,34475.0;35342.0,0.1279516358463727,6,GE5_LT10
R4PXD064962:T_D3_178:P04004,PXD064962_UCD_EVENT,University College Dublin / Conway Institute,P04004,T_D3_178,T_D3_178,2,LFQ intensity T_D3_178_1_S1-C7_6669:149;LFQ intensity T_D3_178_2_S1-D7_6670:149,2281400.0;2220900.0,0.8141020784402859,8,GE5_LT10
R4PXD064962:T_D3_178:P04264,PXD064962_UCD_EVENT,University College Dublin / Conway Institute,P04264,T_D3_178,T_D3_178,2,LFQ intensity T_D3_178_1_S1-C7_6669:160;LFQ intensity T_D3_178_2_S1-D7_6670:160,244810.0;246870.0,0.4926130767482385,8,GE5_LT10
R4PXD064962:T_D3_178:P06396,PXD064962_UCD_EVENT,University College Dublin / Conway Institute,P06396,T_D3_178,T_D3_178,2,LFQ intensity T_D3_178_1_S1-C7_6669:178;LFQ intensity T_D3_178_2_S1-D7_6670:178,2430600.0;2583600.0,0.8317170492714094,8,GE5_LT10
R4PXD064962:T_D3_178:P07996,PXD064962_UCD_EVENT,University College Dublin / Conway Institute,P07996,T_D3_178,T_D3_178,2,LFQ intensity T_D3_178_1_S1-C7_6669:202;LFQ intensity T_D3_178_2_S1-D7_6670:202,78124.0;40119.0,0.21310957900851074,8,GE5_LT10
R4PXD064962:T_D3_178:P09493,PXD064962_UCD_EVENT,University College Dublin / Conway Institute,P09493,T_D3_178,T_D3_178,1,LFQ intensity T_D3_178_2_S1-D7_6670:322,6379.6,0.01015228426395939,8,GE5_LT10
R4PXD064962:T_D3_178:P30041,PXD064962_UCD_EVENT,University College Dublin / Conway Institute,P30041,T_D3_178,T_D3_178,2,LFQ intensity T_D3_178_1_S1-C7_6669:283;LFQ intensity T_D3_178_2_S1-D7_6670:283,31571.0;25158.0,0.08035962320377807,8,GE5_LT10
R4PXD064962:T_D3_178:Q04695,PXD064962_UCD_EVENT,University College Dublin / Conway Institute,Q04695,T_D3_178,T_D3_178,2,LFQ intensity T_D3_178_1_S1-C7_6669:51;LFQ intensity T_D3_178_2_S1-D7_6670:51,111.01;169.49,0.0,8,GE5_LT10
R4PXD064962:T_D3_178:Q9HDC9,PXD064962_UCD_EVENT,University College Dublin / Conway Institute,Q9HDC9,T_D3_178,T_D3_178,2,LFQ intensity T_D3_178_1_S1-C7_6669:385;LFQ intensity T_D3_178_2_S1-D7_6670:385,34240.0;33853.0,0.12833042907290956,8,GE5_LT10
R4PXD064962:T_D3_198:P04004,PXD064962_UCD_EVENT,University College Dublin / Conway Institute,P04004,T_D3_198,T_D3_198,2,LFQ intensity T_D3_198_1_S1-C8_6671:149;LFQ intensity T_D3_198_2_S1-D8_6672:149,1835800.0;1667700.0,0.8064322184401362,13,GE10
R4PXD064962:T_D3_198:P04264,PXD064962_UCD_EVENT,University College Dublin / Conway Institute,P04264,T_D3_198,T_D3_198,2,LFQ intensity T_D3_198_1_S1-C8_6671:160;LFQ intensity T_D3_198_2_S1-D8_6672:160,805870.0;735660.0,0.7075162794139411,13,GE10
R4PXD064962:T_D3_198:P06396,PXD064962_UCD_EVENT,University College Dublin / Conway Institute,P06396,T_D3_198,T_D3_198,2,LFQ intensity T_D3_198_1_S1-C8_6671:178;LFQ intensity T_D3_198_2_S1-D8_6672:178,2539200.0;2138300.0,0.8451513245523161,13,GE10
R4PXD064962:T_D3_198:P06576,PXD064962_UCD_EVENT,University College Dublin / Conway Institute,P06576,T_D3_198,T_D3_198,2,LFQ intensity T_D3_198_1_S1-C8_6671:179;LFQ intensity T_D3_198_2_S1-D8_6672:179,125190.0;86516.0,0.3396662720142075,13,GE10
R4PXD064962:T_D3_198:P07996,PXD064962_UCD_EVENT,University College Dublin / Conway Institute,P07996,T_D3_198,T_D3_198,2,LFQ intensity T_D3_198_1_S1-C8_6671:202;LFQ intensity T_D3_198_2_S1-D8_6672:202,55557.0;21519.0,0.12670193873020572,13,GE10
R4PXD064962:T_D3_198:P09493,PXD064962_UCD_EVENT,University College Dublin / Conway Institute,P09493,T_D3_198,T_D3_198,2,LFQ intensity T_D3_198_1_S1-C8_6671:322;LFQ intensity T_D3_198_2_S1-D8_6672:322,78890.0;82556.0,0.28812712742341273,13,GE10
R4PXD064962:T_D3_198:P11021,PXD064962_UCD_EVENT,University College Dublin / Conway Institute,P11021,T_D3_198,T_D3_198,1,LFQ intensity T_D3_198_1_S1-C8_6671:229,75700.0,0.2918454935622318,13,GE10
R4PXD064962:T_D3_198:P13796,PXD064962_UCD_EVENT,University College Dublin / Conway Institute,P13796,T_D3_198,T_D3_198,2,LFQ intensity T_D3_198_1_S1-C8_6671:241;LFQ intensity T_D3_198_2_S1-D8_6672:241,7955.5;20516.0,0.021542474470919046,13,GE10
R4PXD064962:T_D3_198:P26038,PXD064962_UCD_EVENT,University College Dublin / Conway Institute,P26038,T_D3_198,T_D3_198,2,LFQ intensity T_D3_198_1_S1-C8_6671:274;LFQ intensity T_D3_198_2_S1-D8_6672:274,24917.0;17130.0,0.04295545360367027,13,GE10
R4PXD064962:T_D3_198:P60174,PXD064962_UCD_EVENT,University College Dublin / Conway Institute,P60174,T_D3_198,T_D3_198,2,LFQ intensity T_D3_198_1_S1-C8_6671:313;LFQ intensity T_D3_198_2_S1-D8_6672:313,34018.0;32525.0,0.11394664792067485,13,GE10
R4PXD064962:T_D3_198:Q04695,PXD064962_UCD_EVENT,University College Dublin / Conway Institute,Q04695,T_D3_198,T_D3_198,2,LFQ intensity T_D3_198_1_S1-C8_6671:51;LFQ intensity T_D3_198_2_S1-D8_6672:51,4926500.0;5077700.0,0.9075403285481722,13,GE10
R4PXD064962:T_D3_198:Q9H4B7,PXD064962_UCD_EVENT,University College Dublin / Conway Institute,Q9H4B7,T_D3_198,T_D3_198,2,LFQ intensity T_D3_198_1_S1-C8_6671:193;LFQ intensity T_D3_198_2_S1-D8_6672:193,45398.0;27477.0,0.13107703122687583,13,GE10
R4PXD064962:T_D3_198:Q9HDC9,PXD064962_UCD_EVENT,University College Dublin / Conway Institute,Q9HDC9,T_D3_198,T_D3_198,2,LFQ intensity T_D3_198_1_S1-C8_6671:385;LFQ intensity T_D3_198_2_S1-D8_6672:385,23350.0;22795.0,0.051603892259878645,13,GE10
