measurement_batch_id,biological_unit_id,condition_labels,source_asset_ids,raw_row_count,analysis_candidate_row_count,rank_target_eligible_row_count,source_na_row_count,primary_rank_eligible,rank_retention_rate
R4_PMC11544298_data_1_B_complex_1000_Rep_1,POOLED_HUMAN_PLASMA,B-complex_1000,data_1,47,47,46,1,True,0.9787234042553191
R4_PMC11544298_data_1_B_complex_1000_Rep_2,POOLED_HUMAN_PLASMA,B-complex_1000,data_1,47,47,44,3,True,0.9361702127659575
R4_PMC11544298_data_1_B_complex_1000_Rep_3,POOLED_HUMAN_PLASMA,B-complex_1000,data_1,47,47,44,3,True,0.9361702127659575
R4_PMC11544298_data_1_B_complex_100_Rep_1,POOLED_HUMAN_PLASMA,B-complex_100,data_1,46,46,40,6,True,0.8695652173913043
R4_PMC11544298_data_1_B_complex_100_Rep_2,POOLED_HUMAN_PLASMA,B-complex_100,data_1,46,46,41,5,True,0.8913043478260869
R4_PMC11544298_data_1_B_complex_100_Rep_3,POOLED_HUMAN_PLASMA,B-complex_100,data_1,46,46,42,4,True,0.9130434782608695
R4_PMC11544298_data_1_B_complex_10_Rep_1,POOLED_HUMAN_PLASMA,B-complex_10,data_1,52,52,50,2,True,0.9615384615384616
R4_PMC11544298_data_1_B_complex_10_Rep_2,POOLED_HUMAN_PLASMA,B-complex_10,data_1,52,52,51,1,True,0.9807692307692307
R4_PMC11544298_data_1_B_complex_10_Rep_3,POOLED_HUMAN_PLASMA,B-complex_10,data_1,52,52,50,2,True,0.9615384615384616
R4_PMC11544298_data_1_Diglycerol_1000_Rep_1,POOLED_HUMAN_PLASMA,Diglycerol_1000,data_1,51,51,48,3,True,0.9411764705882353
R4_PMC11544298_data_1_Diglycerol_1000_Rep_2,POOLED_HUMAN_PLASMA,Diglycerol_1000,data_1,51,51,49,2,True,0.9607843137254902
R4_PMC11544298_data_1_Diglycerol_1000_Rep_3,POOLED_HUMAN_PLASMA,Diglycerol_1000,data_1,51,51,49,2,True,0.9607843137254902
R4_PMC11544298_data_1_Diglycerol_100_Rep_1,POOLED_HUMAN_PLASMA,Diglycerol_100,data_1,58,58,48,10,True,0.8275862068965517
R4_PMC11544298_data_1_Diglycerol_100_Rep_2,POOLED_HUMAN_PLASMA,Diglycerol_100,data_1,58,58,49,9,True,0.8448275862068966
R4_PMC11544298_data_1_Diglycerol_100_Rep_3,POOLED_HUMAN_PLASMA,Diglycerol_100,data_1,58,58,49,9,True,0.8448275862068966
R4_PMC11544298_data_1_Diglycerol_10_Rep_1,POOLED_HUMAN_PLASMA,Diglycerol_10,data_1,61,61,57,4,True,0.9344262295081968
R4_PMC11544298_data_1_Diglycerol_10_Rep_2,POOLED_HUMAN_PLASMA,Diglycerol_10,data_1,61,61,59,2,True,0.9672131147540983
R4_PMC11544298_data_1_Diglycerol_10_Rep_3,POOLED_HUMAN_PLASMA,Diglycerol_10,data_1,61,61,59,2,True,0.9672131147540983
R4_PMC11544298_data_1_Glucose_1000_Rep_1,POOLED_HUMAN_PLASMA,Glucose_1000,data_1,50,50,47,3,True,0.94
R4_PMC11544298_data_1_Glucose_1000_Rep_2,POOLED_HUMAN_PLASMA,Glucose_1000,data_1,50,50,46,4,True,0.92
R4_PMC11544298_data_1_Glucose_1000_Rep_3,POOLED_HUMAN_PLASMA,Glucose_1000,data_1,50,50,45,5,True,0.9
R4_PMC11544298_data_1_Glucose_100_Rep_1,POOLED_HUMAN_PLASMA,Glucose_100,data_1,58,58,53,5,True,0.9137931034482759
R4_PMC11544298_data_1_Glucose_100_Rep_2,POOLED_HUMAN_PLASMA,Glucose_100,data_1,58,58,53,5,True,0.9137931034482759
R4_PMC11544298_data_1_Glucose_100_Rep_3,POOLED_HUMAN_PLASMA,Glucose_100,data_1,58,58,52,6,True,0.896551724137931
R4_PMC11544298_data_1_Glucose_10_Rep_1,POOLED_HUMAN_PLASMA,Glucose_10,data_1,56,56,53,3,True,0.9464285714285714
R4_PMC11544298_data_1_Glucose_10_Rep_2,POOLED_HUMAN_PLASMA,Glucose_10,data_1,56,56,53,3,True,0.9464285714285714
R4_PMC11544298_data_1_Glucose_10_Rep_3,POOLED_HUMAN_PLASMA,Glucose_10,data_1,56,56,54,2,True,0.9642857142857143
R4_PMC11544298_data_1_IMP_1000_Rep_1,POOLED_HUMAN_PLASMA,IMP_1000,data_1,46,46,44,2,True,0.9565217391304348
R4_PMC11544298_data_1_IMP_1000_Rep_2,POOLED_HUMAN_PLASMA,IMP_1000,data_1,46,46,43,3,True,0.9347826086956522
R4_PMC11544298_data_1_IMP_1000_Rep_3,POOLED_HUMAN_PLASMA,IMP_1000,data_1,46,46,43,3,True,0.9347826086956522
R4_PMC11544298_data_1_IMP_100_Rep_1,POOLED_HUMAN_PLASMA,IMP_100,data_1,64,64,62,2,True,0.96875
R4_PMC11544298_data_1_IMP_100_Rep_2,POOLED_HUMAN_PLASMA,IMP_100,data_1,64,64,63,1,True,0.984375
R4_PMC11544298_data_1_IMP_100_Rep_3,POOLED_HUMAN_PLASMA,IMP_100,data_1,64,64,63,1,True,0.984375
R4_PMC11544298_data_1_IMP_10_Rep_1,POOLED_HUMAN_PLASMA,IMP_10,data_1,51,51,44,7,True,0.8627450980392157
R4_PMC11544298_data_1_IMP_10_Rep_2,POOLED_HUMAN_PLASMA,IMP_10,data_1,51,51,41,10,True,0.803921568627451
R4_PMC11544298_data_1_IMP_10_Rep_3,POOLED_HUMAN_PLASMA,IMP_10,data_1,51,51,42,9,True,0.8235294117647058
R4_PMC11544298_data_1_PC0_NA_Rep_1,POOLED_HUMAN_PLASMA,PC0_NA,data_1,65,65,62,3,True,0.9538461538461539
R4_PMC11544298_data_1_PC0_NA_Rep_2,POOLED_HUMAN_PLASMA,PC0_NA,data_1,65,65,64,1,True,0.9846153846153847
R4_PMC11544298_data_1_PC0_NA_Rep_3,POOLED_HUMAN_PLASMA,PC0_NA,data_1,65,65,64,1,True,0.9846153846153847
R4_PMC11544298_data_1_PE_1000_Rep_1,POOLED_HUMAN_PLASMA,PE_1000,data_1,52,52,46,6,True,0.8846153846153846
R4_PMC11544298_data_1_PE_1000_Rep_2,POOLED_HUMAN_PLASMA,PE_1000,data_1,52,52,46,6,True,0.8846153846153846
R4_PMC11544298_data_1_PE_1000_Rep_3,POOLED_HUMAN_PLASMA,PE_1000,data_1,52,52,47,5,True,0.9038461538461539
R4_PMC11544298_data_1_PE_100_Rep_1,POOLED_HUMAN_PLASMA,PE_100,data_1,51,51,45,6,True,0.8823529411764706
R4_PMC11544298_data_1_PE_100_Rep_2,POOLED_HUMAN_PLASMA,PE_100,data_1,51,51,45,6,True,0.8823529411764706
R4_PMC11544298_data_1_PE_100_Rep_3,POOLED_HUMAN_PLASMA,PE_100,data_1,51,51,47,4,True,0.9215686274509803
R4_PMC11544298_data_1_PE_10_Rep_1,POOLED_HUMAN_PLASMA,PE_10,data_1,51,51,48,3,True,0.9411764705882353
R4_PMC11544298_data_1_PE_10_Rep_2,POOLED_HUMAN_PLASMA,PE_10,data_1,51,51,46,5,True,0.9019607843137255
R4_PMC11544298_data_1_PE_10_Rep_3,POOLED_HUMAN_PLASMA,PE_10,data_1,51,51,48,3,True,0.9411764705882353
R4_PMC11544298_data_1_Plasma_NA_Rep_1,POOLED_HUMAN_PLASMA,Plasma_NA,data_1,5,0,0,1,False,
R4_PMC11544298_data_1_Plasma_NA_Rep_2,POOLED_HUMAN_PLASMA,Plasma_NA,data_1,5,0,0,1,False,
R4_PMC11544298_data_1_Plasma_NA_Rep_3,POOLED_HUMAN_PLASMA,Plasma_NA,data_1,5,0,0,1,False,
R4_PMC11544298_data_1_PtdChos_1000_Rep_1,POOLED_HUMAN_PLASMA,PtdChos_1000,data_1,80,80,75,5,True,0.9375
R4_PMC11544298_data_1_PtdChos_1000_Rep_2,POOLED_HUMAN_PLASMA,PtdChos_1000,data_1,80,80,76,4,True,0.95
R4_PMC11544298_data_1_PtdChos_1000_Rep_3,POOLED_HUMAN_PLASMA,PtdChos_1000,data_1,80,80,78,2,True,0.975
R4_PMC11544298_data_1_PtdChos_100_Rep_1,POOLED_HUMAN_PLASMA,PtdChos_100,data_1,38,38,36,2,True,0.9473684210526315
R4_PMC11544298_data_1_PtdChos_100_Rep_2,POOLED_HUMAN_PLASMA,PtdChos_100,data_1,38,38,0,38,False,0.0
R4_PMC11544298_data_1_PtdChos_100_Rep_3,POOLED_HUMAN_PLASMA,PtdChos_100,data_1,38,38,0,38,False,0.0
R4_PMC11544298_data_1_PtdChos_10_Rep_1,POOLED_HUMAN_PLASMA,PtdChos_10,data_1,51,51,47,4,True,0.9215686274509803
R4_PMC11544298_data_1_PtdChos_10_Rep_2,POOLED_HUMAN_PLASMA,PtdChos_10,data_1,51,51,47,4,True,0.9215686274509803
R4_PMC11544298_data_1_PtdChos_10_Rep_3,POOLED_HUMAN_PLASMA,PtdChos_10,data_1,51,51,47,4,True,0.9215686274509803
R4_PMC11544298_data_1_PtdIns_1000_Rep_1,POOLED_HUMAN_PLASMA,PtdIns_1000,data_1,37,37,29,8,True,0.7837837837837838
R4_PMC11544298_data_1_PtdIns_1000_Rep_2,POOLED_HUMAN_PLASMA,PtdIns_1000,data_1,37,37,29,8,True,0.7837837837837838
R4_PMC11544298_data_1_PtdIns_1000_Rep_3,POOLED_HUMAN_PLASMA,PtdIns_1000,data_1,37,37,30,7,True,0.8108108108108109
R4_PMC11544298_data_1_PtdIns_100_Rep_1,POOLED_HUMAN_PLASMA,PtdIns_100,data_1,38,38,31,7,True,0.8157894736842105
R4_PMC11544298_data_1_PtdIns_100_Rep_2,POOLED_HUMAN_PLASMA,PtdIns_100,data_1,38,38,29,9,True,0.7631578947368421
R4_PMC11544298_data_1_PtdIns_100_Rep_3,POOLED_HUMAN_PLASMA,PtdIns_100,data_1,38,38,30,8,True,0.7894736842105263
R4_PMC11544298_data_1_PtdIns_10_Rep_1,POOLED_HUMAN_PLASMA,PtdIns_10,data_1,38,38,31,7,True,0.8157894736842105
R4_PMC11544298_data_1_PtdIns_10_Rep_2,POOLED_HUMAN_PLASMA,PtdIns_10,data_1,38,38,31,7,True,0.8157894736842105
R4_PMC11544298_data_1_PtdIns_10_Rep_3,POOLED_HUMAN_PLASMA,PtdIns_10,data_1,38,38,31,7,True,0.8157894736842105
R4_PMC11544298_data_1_Sauce_1_1000_Rep_1,POOLED_HUMAN_PLASMA,Sauce 1_1000,data_1,58,58,53,5,True,0.9137931034482759
R4_PMC11544298_data_1_Sauce_1_1000_Rep_2,POOLED_HUMAN_PLASMA,Sauce 1_1000,data_1,58,58,53,5,True,0.9137931034482759
R4_PMC11544298_data_1_Sauce_1_1000_Rep_3,POOLED_HUMAN_PLASMA,Sauce 1_1000,data_1,58,58,52,6,True,0.896551724137931
R4_PMC11544298_data_1_Sauce_1_100_Rep_1,POOLED_HUMAN_PLASMA,Sauce 1_100,data_1,37,37,33,4,True,0.8918918918918919
R4_PMC11544298_data_1_Sauce_1_100_Rep_2,POOLED_HUMAN_PLASMA,Sauce 1_100,data_1,37,37,32,5,True,0.8648648648648649
R4_PMC11544298_data_1_Sauce_1_100_Rep_3,POOLED_HUMAN_PLASMA,Sauce 1_100,data_1,37,37,32,5,True,0.8648648648648649
R4_PMC11544298_data_1_Sauce_1_10_Rep_1,POOLED_HUMAN_PLASMA,Sauce 1_10,data_1,44,44,42,2,True,0.9545454545454546
R4_PMC11544298_data_1_Sauce_1_10_Rep_2,POOLED_HUMAN_PLASMA,Sauce 1_10,data_1,44,44,40,4,True,0.9090909090909091
R4_PMC11544298_data_1_Sauce_1_10_Rep_3,POOLED_HUMAN_PLASMA,Sauce 1_10,data_1,44,44,42,2,True,0.9545454545454546
R4_PMC11544298_data_1_Sauce_2_1000_Rep_1,POOLED_HUMAN_PLASMA,Sauce 2_1000,data_1,58,58,52,6,True,0.896551724137931
R4_PMC11544298_data_1_Sauce_2_1000_Rep_2,POOLED_HUMAN_PLASMA,Sauce 2_1000,data_1,58,58,52,6,True,0.896551724137931
R4_PMC11544298_data_1_Sauce_2_1000_Rep_3,POOLED_HUMAN_PLASMA,Sauce 2_1000,data_1,58,58,50,8,True,0.8620689655172413
R4_PMC11544298_data_1_Sauce_2_100_Rep_1,POOLED_HUMAN_PLASMA,Sauce 2_100,data_1,47,47,46,1,True,0.9787234042553191
R4_PMC11544298_data_1_Sauce_2_100_Rep_2,POOLED_HUMAN_PLASMA,Sauce 2_100,data_1,47,47,46,1,True,0.9787234042553191
R4_PMC11544298_data_1_Sauce_2_100_Rep_3,POOLED_HUMAN_PLASMA,Sauce 2_100,data_1,47,47,46,1,True,0.9787234042553191
R4_PMC11544298_data_1_Sauce_2_10_Rep_1,POOLED_HUMAN_PLASMA,Sauce 2_10,data_1,38,38,34,4,True,0.8947368421052632
R4_PMC11544298_data_1_Sauce_2_10_Rep_2,POOLED_HUMAN_PLASMA,Sauce 2_10,data_1,38,38,34,4,True,0.8947368421052632
R4_PMC11544298_data_1_Sauce_2_10_Rep_3,POOLED_HUMAN_PLASMA,Sauce 2_10,data_1,38,38,34,4,True,0.8947368421052632
R4_PMC11544298_data_1_Triglyceride_1000_Rep_1,POOLED_HUMAN_PLASMA,Triglyceride_1000,data_1,63,63,58,5,True,0.9206349206349206
R4_PMC11544298_data_1_Triglyceride_1000_Rep_2,POOLED_HUMAN_PLASMA,Triglyceride_1000,data_1,63,63,58,5,True,0.9206349206349206
R4_PMC11544298_data_1_Triglyceride_1000_Rep_3,POOLED_HUMAN_PLASMA,Triglyceride_1000,data_1,63,63,57,6,True,0.9047619047619048
R4_PMC11544298_data_1_Triglyceride_100_Rep_1,POOLED_HUMAN_PLASMA,Triglyceride_100,data_1,59,59,54,5,True,0.9152542372881356
R4_PMC11544298_data_1_Triglyceride_100_Rep_2,POOLED_HUMAN_PLASMA,Triglyceride_100,data_1,59,59,53,6,True,0.8983050847457628
R4_PMC11544298_data_1_Triglyceride_100_Rep_3,POOLED_HUMAN_PLASMA,Triglyceride_100,data_1,59,59,56,3,True,0.9491525423728814
R4_PMC11544298_data_1_Triglyceride_10_Rep_1,POOLED_HUMAN_PLASMA,Triglyceride_10,data_1,59,59,55,4,True,0.9322033898305084
R4_PMC11544298_data_1_Triglyceride_10_Rep_2,POOLED_HUMAN_PLASMA,Triglyceride_10,data_1,59,59,54,5,True,0.9152542372881356
R4_PMC11544298_data_1_Triglyceride_10_Rep_3,POOLED_HUMAN_PLASMA,Triglyceride_10,data_1,59,59,53,6,True,0.8983050847457628
R4_PMC11544298_data_3_PC0_NA_Rep_1,POOLED_HUMAN_PLASMA,PC0_NA,data_3,56,56,52,4,True,0.9285714285714286
R4_PMC11544298_data_3_PC0_NA_Rep_2,POOLED_HUMAN_PLASMA,PC0_NA,data_3,56,56,52,4,True,0.9285714285714286
R4_PMC11544298_data_3_PC0_NA_Rep_3,POOLED_HUMAN_PLASMA,PC0_NA,data_3,56,56,54,2,True,0.9642857142857143
R4_PMC11544298_data_3_Plasma_NA_Rep_1,POOLED_HUMAN_PLASMA,Plasma_NA,data_3,10,0,0,3,False,
R4_PMC11544298_data_3_Plasma_NA_Rep_2,POOLED_HUMAN_PLASMA,Plasma_NA,data_3,10,0,0,3,False,
R4_PMC11544298_data_3_Plasma_NA_Rep_3,POOLED_HUMAN_PLASMA,Plasma_NA,data_3,10,0,0,3,False,
R4_PMC11544298_data_3_PtdChos_10000_Rep_1,POOLED_HUMAN_PLASMA,PtdChos_10000,data_3,79,79,77,2,True,0.9746835443037974
R4_PMC11544298_data_3_PtdChos_10000_Rep_2,POOLED_HUMAN_PLASMA,PtdChos_10000,data_3,79,79,77,2,True,0.9746835443037974
R4_PMC11544298_data_3_PtdChos_10000_Rep_3,POOLED_HUMAN_PLASMA,PtdChos_10000,data_3,79,79,77,2,True,0.9746835443037974
R4_PMC11544298_data_3_PtdChos_1000_Rep_1,POOLED_HUMAN_PLASMA,PtdChos_1000,data_3,83,83,77,6,True,0.927710843373494
R4_PMC11544298_data_3_PtdChos_1000_Rep_2,POOLED_HUMAN_PLASMA,PtdChos_1000,data_3,83,83,76,7,True,0.9156626506024096
R4_PMC11544298_data_3_PtdChos_1000_Rep_3,POOLED_HUMAN_PLASMA,PtdChos_1000,data_3,83,83,77,6,True,0.927710843373494
R4_PMC11544298_data_3_PtdChos_100_Rep_1,POOLED_HUMAN_PLASMA,PtdChos_100,data_3,75,75,72,3,True,0.96
R4_PMC11544298_data_3_PtdChos_100_Rep_2,POOLED_HUMAN_PLASMA,PtdChos_100,data_3,75,75,72,3,True,0.96
R4_PMC11544298_data_3_PtdChos_100_Rep_3,POOLED_HUMAN_PLASMA,PtdChos_100,data_3,75,75,72,3,True,0.96
R4_PMC11544298_data_3_PtdChos_500_Rep_1,POOLED_HUMAN_PLASMA,PtdChos_500,data_3,76,76,74,2,True,0.9736842105263158
R4_PMC11544298_data_3_PtdChos_500_Rep_2,POOLED_HUMAN_PLASMA,PtdChos_500,data_3,76,76,74,2,True,0.9736842105263158
R4_PMC11544298_data_3_PtdChos_500_Rep_3,POOLED_HUMAN_PLASMA,PtdChos_500,data_3,76,76,74,2,True,0.9736842105263158
R4_PMC11544298_data_5_PS_100_A_PtdChos_donor1,DONOR_1,PS_100_A_PtdChos,data_5,75,75,71,4,True,0.9466666666666667
R4_PMC11544298_data_5_PS_100_A_PtdChos_donor2,DONOR_2,PS_100_A_PtdChos,data_5,75,75,68,7,True,0.9066666666666666
R4_PMC11544298_data_5_PS_100_A_PtdChos_donor3,DONOR_3,PS_100_A_PtdChos,data_5,75,75,71,4,True,0.9466666666666667
R4_PMC11544298_data_5_PS_100_A_PtdChos_donor4,DONOR_4,PS_100_A_PtdChos,data_5,75,75,38,37,True,0.5066666666666667
R4_PMC11544298_data_5_PS_100nm_C_PtdChos_donor1,DONOR_1,PS_100nm_C_PtdChos,data_5,75,75,57,18,True,0.76
R4_PMC11544298_data_5_PS_100nm_C_PtdChos_donor2,DONOR_2,PS_100nm_C_PtdChos,data_5,75,75,59,16,True,0.7866666666666666
R4_PMC11544298_data_5_PS_100nm_C_PtdChos_donor3,DONOR_3,PS_100nm_C_PtdChos,data_5,75,75,66,9,True,0.88
R4_PMC11544298_data_5_PS_100nm_C_PtdChos_donor4,DONOR_4,PS_100nm_C_PtdChos,data_5,75,75,48,27,True,0.64
R4_PMC11544298_data_5_PS_100nm_PtdChos_donor1,DONOR_1,PS_100nm_PtdChos,data_5,75,75,72,3,True,0.96
R4_PMC11544298_data_5_PS_100nm_PtdChos_donor2,DONOR_2,PS_100nm_PtdChos,data_5,75,75,66,9,True,0.88
R4_PMC11544298_data_5_PS_100nm_PtdChos_donor3,DONOR_3,PS_100nm_PtdChos,data_5,75,75,75,0,True,1.0
R4_PMC11544298_data_5_PS_100nm_PtdChos_donor4,DONOR_4,PS_100nm_PtdChos,data_5,75,75,49,26,True,0.6533333333333333
R4_PMC11544298_data_5_PS_200nm_PtdChos_donor1,DONOR_1,PS_200nm_PtdChos,data_5,75,75,74,1,True,0.9866666666666667
R4_PMC11544298_data_5_PS_200nm_PtdChos_donor2,DONOR_2,PS_200nm_PtdChos,data_5,75,75,72,3,True,0.96
R4_PMC11544298_data_5_PS_200nm_PtdChos_donor3,DONOR_3,PS_200nm_PtdChos,data_5,75,75,69,6,True,0.92
R4_PMC11544298_data_5_PS_200nm_PtdChos_donor4,DONOR_4,PS_200nm_PtdChos,data_5,75,75,50,25,True,0.6666666666666666
R4_PMC11544298_data_5_PS_50nm_PtdChos_donor1,DONOR_1,PS_50nm_PtdChos,data_5,75,75,73,2,True,0.9733333333333334
R4_PMC11544298_data_5_PS_50nm_PtdChos_donor2,DONOR_2,PS_50nm_PtdChos,data_5,75,75,66,9,True,0.88
R4_PMC11544298_data_5_PS_50nm_PtdChos_donor3,DONOR_3,PS_50nm_PtdChos,data_5,75,75,74,1,True,0.9866666666666667
R4_PMC11544298_data_5_PS_50nm_PtdChos_donor4,DONOR_4,PS_50nm_PtdChos,data_5,75,75,57,18,True,0.76
R4_PMC11544298_data_5_Si_100nm_PtdChos_donor1,DONOR_1,Si_100nm_PtdChos,data_5,75,75,56,19,True,0.7466666666666667
R4_PMC11544298_data_5_Si_100nm_PtdChos_donor2,DONOR_2,Si_100nm_PtdChos,data_5,75,75,44,31,True,0.5866666666666667
R4_PMC11544298_data_5_Si_100nm_PtdChos_donor3,DONOR_3,Si_100nm_PtdChos,data_5,75,75,71,4,True,0.9466666666666667
R4_PMC11544298_data_5_Si_100nm_PtdChos_donor4,DONOR_4,Si_100nm_PtdChos,data_5,75,75,35,40,True,0.4666666666666667
R4_PMC11544298_data_5_Si_50nm_PtdChos_donor1,DONOR_1,Si_50nm_PtdChos,data_5,75,75,59,16,True,0.7866666666666666
R4_PMC11544298_data_5_Si_50nm_PtdChos_donor2,DONOR_2,Si_50nm_PtdChos,data_5,75,75,39,36,True,0.52
R4_PMC11544298_data_5_Si_50nm_PtdChos_donor3,DONOR_3,Si_50nm_PtdChos,data_5,75,75,66,9,True,0.88
R4_PMC11544298_data_5_Si_50nm_PtdChos_donor4,DONOR_4,Si_50nm_PtdChos,data_5,75,75,41,34,True,0.5466666666666666
