Entry	Entry Name	Gene Names	RefSeq
Q06203	PUR1_HUMAN	PPAT GPAT	NP_002694.3;
Q07065	CKAP4_HUMAN	CKAP4	NP_006816.2;
Q08554	DSC1_HUMAN	DSC1 CDHF1	NP_004939.1 [Q08554-2];NP_077739.1 [Q08554-1];
Q08945	SSRP1_HUMAN	SSRP1 FACT80	NP_003137.1;XP_047283454.1;XP_054225732.1;
Q08AM6	VAC14_HUMAN	VAC14 TAX1BP2 TRX	NP_060522.3 [Q08AM6-1];
Q09161	NCBP1_HUMAN	NCBP1 CBP80 NCBP	NP_002477.1;
Q0IIM8	TBC8B_HUMAN	TBC1D8B	NP_060222.2 [Q0IIM8-1];NP_942582.1 [Q0IIM8-3];
Q10570	CPSF1_HUMAN	CPSF1 CPSF160	NP_037423.2;
Q10571	MN1_HUMAN	MN1	NP_002421.3;
Q12888	TP53B_HUMAN	TP53BP1	NP_001135451.1 [Q12888-3];NP_001135452.1 [Q12888-2];NP_005648.1 [Q12888-1];XP_047288950.1 [Q12888-2];XP_047288951.1 [Q12888-2];XP_054234710.1 [Q12888-2];XP_054234711.1 [Q12888-2];
Q12965	MYO1E_HUMAN	MYO1E MYO1C	NP_004989.2;
Q13043	STK4_HUMAN	STK4 KRS2 MST1	NP_001339314.1 [Q13043-2];NP_006273.1 [Q13043-1];
Q13075	BIRC1_HUMAN	NAIP BIRC1	NP_001333799.1 [Q13075-1];NP_004527.2 [Q13075-1];NP_075043.1 [Q13075-2];
Q13158	FADD_HUMAN	FADD MORT1 GIG3	NP_003815.1;
Q13162	PRDX4_HUMAN	PRDX4	NP_006397.1;
Q13177	PAK2_HUMAN	PAK2	NP_002568.2;XP_011511172.1;XP_047304174.1;XP_047304175.1;XP_054202644.1;XP_054202645.1;XP_054202646.1;
Q06187	BTK_HUMAN	BTK AGMX1 ATK BPK	NP_000052.1 [Q06187-1];NP_001274273.1 [Q06187-2];NP_001274274.1;
Q08188	TGM3_HUMAN	TGM3	NP_003236.3;
Q0VDD8	DYH14_HUMAN	DNAH14 C1orf67	NP_001138626.1 [Q0VDD8-2];NP_659426.2 [Q0VDD8-3];
Q12840	KIF5A_HUMAN	KIF5A NKHC1	NP_004975.2;
Q12905	ILF2_HUMAN	ILF2 NF45 PRO3063	NP_001254738.1;NP_004506.2;
Q12906	ILF3_HUMAN	ILF3 DRBF MPHOSPH4 NF90	NP_001131145.1 [Q12906-6];NP_001381737.1 [Q12906-7];NP_001381738.1 [Q12906-7];NP_001381739.1 [Q12906-7];NP_001381740.1 [Q12906-1];NP_001381741.1 [Q12906-1];NP_001381750.1 [Q12906-6];NP_001381751.1 [Q12906-6];NP_001381752.1 [Q12906-6];NP_001381753.1 [Q12906-2];NP_001381755.1 [Q12906-2];NP_004507.2 [Q12906-2];NP_036350.2 [Q12906-1];NP_060090.2 [Q12906-7];NP_703194.1 [Q12906-5];XP_047294734.1 [Q12906-7];XP_047294735.1 [Q12906-7];XP_054176869.1 [Q12906-7];XP_054176870.1 [Q12906-7];
Q12972	PP1R8_HUMAN	PPP1R8 ARD1 NIPP1	NP_002704.1 [Q12972-3];NP_054829.2 [Q12972-1];NP_612568.1 [Q12972-2];
Q13155	AIMP2_HUMAN	AIMP2 JTV1 PRO0992	NP_001313536.1 [Q13155-2];NP_006294.2 [Q13155-1];
Q13185	CBX3_HUMAN	CBX3	NP_009207.2;NP_057671.2;XP_005249668.1;XP_054213157.1;
Q13201	MMRN1_HUMAN	MMRN1 ECM EMILIN4 GPIA* MMRN	NP_001358332.1 [Q13201-1];NP_031377.2 [Q13201-1];
Q06033	ITIH3_HUMAN	ITIH3	NP_002208.3 [Q06033-1];
Q06278	AOXA_HUMAN	AOX1 AO	NP_001150.3;
Q06323	PSME1_HUMAN	PSME1 IFI5111	NP_001268457.1 [Q06323-3];NP_006254.1 [Q06323-1];NP_788955.1 [Q06323-2];
Q06830	PRDX1_HUMAN	PRDX1 PAGA PAGB TDPX2	NP_001189360.1;NP_002565.1;NP_859047.1;NP_859048.1;
Q07020	RL18_HUMAN	RPL18	NP_000970.1 [Q07020-1];NP_001257419.1 [Q07020-2];
Q07954	LRP1_HUMAN	LRP1 A2MR APR	NP_002323.2 [Q07954-1];
Q08043	ACTN3_HUMAN	ACTN3	NP_001095.2;NP_001245300.2;
Q08752	PPID_HUMAN	PPID CYP40 CYPD	NP_005029.1;
Q08830	FGL1_HUMAN	FGL1 HFREP1	NP_004458.3;NP_671736.2;NP_963846.1;NP_963847.1;XP_054216106.1;
Q09019	DMWD_HUMAN	DMWD DM9	NP_004934.1;
Q09666	AHNK_HUMAN	AHNAK PM227	NP_001333374.1 [Q09666-1];NP_001333375.1 [Q09666-1];NP_001611.1 [Q09666-1];NP_076965.2 [Q09666-2];XP_047283529.1 [Q09666-1];XP_047283530.1 [Q09666-1];XP_047283531.1 [Q09666-1];XP_047283532.1 [Q09666-1];XP_047283533.1 [Q09666-1];XP_054225894.1 [Q09666-2];XP_054225895.1 [Q09666-2];
Q12768	WASC5_HUMAN	WASHC5 KIAA0196	NP_055661.3;XP_047278458.1;XP_054217612.1;
Q12774	ARHG5_HUMAN	ARHGEF5 TIM	NP_005426.2 [Q12774-1];
Q12788	TBL3_HUMAN	TBL3 SAZD	NP_006444.2;
Q12904	AIMP1_HUMAN	AIMP1 EMAP2 SCYE1	NP_001135887.1 [Q12904-1];NP_001135888.2 [Q12904-1];NP_004748.2 [Q12904-1];XP_016864324.1 [Q12904-1];XP_047272366.1 [Q12904-1];XP_054207221.1 [Q12904-1];
Q12913	PTPRJ_HUMAN	PTPRJ DEP1	NP_001091973.1 [Q12913-2];NP_002834.3 [Q12913-1];
Q12986	NFX1_HUMAN	NFX1 NFX2	NP_002495.2 [Q12986-1];NP_667345.1 [Q12986-3];
Q13131	AAPK1_HUMAN	PRKAA1 AMPK1	NP_006242.5 [Q13131-1];NP_996790.3 [Q13131-2];
Q13144	EI2BE_HUMAN	EIF2B5 EIF2BE	NP_003898.2;
Q07912	ACK1_HUMAN	TNK2 ACK1	NP_001010938.2 [Q07912-3];NP_001294975.1;NP_001374642.1 [Q07912-1];NP_001374643.1 [Q07912-1];NP_005772.3 [Q07912-1];XP_047303107.1 [Q07912-1];XP_047303116.1 [Q07912-1];XP_054200839.1 [Q07912-1];XP_054200851.1 [Q07912-1];
Q07960	RHG01_HUMAN	ARHGAP1 CDC42GAP RHOGAP1	NP_004299.1;XP_047282889.1;XP_054224721.1;
Q08211	DHX9_HUMAN	DHX9 DDX9 LKP NDH2	NP_001348.2 [Q08211-1];
Q08722	CD47_HUMAN	CD47 MER6	NP_001768.1 [Q08722-1];NP_942088.1 [Q08722-3];
Q0VD83	APOBR_HUMAN	APOBR APOB48R	NP_061160.3 [Q0VD83-4];
Q12778	FOXO1_HUMAN	FOXO1 FKHR FOXO1A	NP_002006.2;
Q12802	AKP13_HUMAN	AKAP13 BRX HT31 LBC	NP_001257475.1;NP_006729.4 [Q12802-2];NP_009131.2 [Q12802-1];
Q12846	STX4_HUMAN	STX4 STX4A	NP_001259025.1 [Q12846-2];NP_004595.2 [Q12846-1];XP_054169759.1 [Q12846-1];
Q12873	CHD3_HUMAN	CHD3	NP_001005271.2 [Q12873-3];NP_001005273.1 [Q12873-1];NP_005843.2 [Q12873-2];
Q12874	SF3A3_HUMAN	SF3A3 SAP61	NP_006793.1;
Q12931	TRAP1_HUMAN	TRAP1 HSP75 HSPC5	NP_001258978.1 [Q12931-2];NP_057376.2 [Q12931-1];
Q13011	ECH1_HUMAN	ECH1	NP_001389.2;
Q13094	LCP2_HUMAN	LCP2	NP_005556.1;
Q13151	ROA0_HUMAN	HNRNPA0 HNRPA0	NP_006796.1;
Q13191	CBLB_HUMAN	CBLB RNF56 Nbla00127	NP_001308717.1 [Q13191-1];NP_733762.2 [Q13191-1];XP_011511559.1 [Q13191-1];XP_047305068.1 [Q13191-1];XP_054204201.1 [Q13191-1];XP_054204202.1 [Q13191-1];
Q13214	SEM3B_HUMAN	SEMA3B SEMA5 SEMAA	NP_001005914.1 [Q13214-2];NP_001276989.1 [Q13214-1];NP_001276990.1;NP_001276991.1;NP_001276992.1;NP_001422885.1 [Q13214-1];NP_001422886.1 [Q13214-2];NP_001422887.1 [Q13214-2];NP_004627.1 [Q13214-1];
Q06210	GFPT1_HUMAN	GFPT1 GFAT GFPT	NP_001231639.1 [Q06210-1];NP_002047.2 [Q06210-2];
Q07002	CDK18_HUMAN	CDK18 PCTAIRE3 PCTK3	NP_002587.2 [Q07002-2];NP_997667.1 [Q07002-2];NP_997668.1 [Q07002-3];XP_011507904.2 [Q07002-2];XP_016856912.2 [Q07002-3];
Q07021	C1QBP_HUMAN	C1QBP GC1QBP HABP1 SF2P32	NP_001203.1;
Q07075	AMPE_HUMAN	ENPEP	NP_001968.3;
Q07666	KHDR1_HUMAN	KHDRBS1 SAM68	NP_001258807.1 [Q07666-3];NP_006550.1 [Q07666-1];
Q08379	GOGA2_HUMAN	GOLGA2	
Q08380	LG3BP_HUMAN	LGALS3BP M2BP	NP_005558.1;XP_054172018.1;
Q09327	MGAT3_HUMAN	MGAT3 GGNT3	NP_001091740.1;NP_002400.3;
Q0ZGT2	NEXN_HUMAN	NEXN	NP_001165780.1 [Q0ZGT2-4];NP_653174.3 [Q0ZGT2-1];XP_005271380.1 [Q0ZGT2-2];XP_054195568.1 [Q0ZGT2-2];
Q12907	LMAN2_HUMAN	LMAN2 C5orf8	NP_006807.1;
Q13017	RHG05_HUMAN	ARHGAP5 RHOGAP5	NP_001025226.1 [Q13017-1];NP_001164.2 [Q13017-2];
Q13200	PSMD2_HUMAN	PSMD2 TRAP2	NP_001265637.1 [Q13200-3];NP_001265638.1 [Q13200-2];NP_002799.3 [Q13200-1];
Q08495	DEMA_HUMAN	DMTN DMT EPB49	NP_001107607.1 [Q08495-1];NP_001107608.1 [Q08495-1];NP_001107609.1 [Q08495-2];NP_001107610.1 [Q08495-2];NP_001107611.1 [Q08495-3];NP_001289745.1 [Q08495-2];NP_001289746.1 [Q08495-4];NP_001310307.1 [Q08495-1];NP_001310308.1 [Q08495-1];NP_001310309.1 [Q08495-1];NP_001310310.1 [Q08495-1];NP_001310311.1 [Q08495-1];NP_001310312.1 [Q08495-2];NP_001310313.1 [Q08495-2];NP_001310314.1 [Q08495-2];NP_001310316.1 [Q08495-3];NP_001310317.1 [Q08495-4];NP_001310318.1;NP_001310319.1;NP_001310320.1;NP_001310321.1;NP_001310322.1;NP_001310323.1;NP_001310324.1;NP_001310325.1;NP_001310326.1;NP_001310327.1;NP_001310328.1;NP_001310329.1;NP_001310330.1;NP_001374655.1 [Q08495-2];NP_001374656.1 [Q08495-1];NP_001374657.1 [Q08495-2];NP_001374659.1 [Q08495-1];NP_001374661.1 [Q08495-1];NP_001374663.1 [Q08495-2];NP_001374664.1 [Q08495-1];NP_001374665.1 [Q08495-3];NP_001374671.1 [Q08495-2];NP_001374673.1 [Q08495-4];NP_001374679.1 [Q08495-1];NP_001374680.1 [Q08495-1];NP_001374681.1 [Q08495-3];NP_001374682.1 [Q08495-1];NP_001374683.1 [Q08495-4];NP_001374684.1 [Q08495-2];NP_001374685.1 [Q08495-3];NP_001374686.1 [Q08495-3];NP_001969.2 [Q08495-1];XP_016868683.1 [Q08495-4];XP_047277452.1 [Q08495-1];XP_047277453.1 [Q08495-1];XP_047277454.1 [Q08495-1];XP_047277455.1 [Q08495-1];XP_047277458.1 [Q08495-2];XP_047277459.1 [Q08495-2];XP_047277464.1 [Q08495-4];XP_047277465.1 [Q08495-4];XP_047277466.1 [Q08495-3];XP_047277467.1 [Q08495-3];XP_054215986.1 [Q08495-1];XP_054215987.1 [Q08495-1];XP_054215988.1 [Q08495-1];XP_054215989.1 [Q08495-1];XP_054215992.1 [Q08495-2];XP_054215993.1 [Q08495-2];XP_054215998.1 [Q08495-4];XP_054215999.1 [Q08495-4];XP_054216000.1 [Q08495-4];XP_054216001.1 [Q08495-3];XP_054216002.1 [Q08495-3];
Q08J23	NSUN2_HUMAN	NSUN2 SAKI TRM4	NP_001180384.1 [Q08J23-2];NP_060225.4 [Q08J23-1];
Q12792	TWF1_HUMAN	TWF1 PTK9	NP_001229326.1 [Q12792-3];NP_002813.3 [Q12792-2];XP_047285154.1 [Q12792-4];XP_047285155.1 [Q12792-4];XP_054228622.1 [Q12792-4];XP_054228623.1 [Q12792-4];
Q08257	QOR_HUMAN	CRYZ	NP_001123514.1 [Q08257-1];NP_001123515.1 [Q08257-3];NP_001128231.1 [Q08257-2];NP_001880.2 [Q08257-1];XP_011539049.1 [Q08257-1];XP_016855856.1 [Q08257-3];XP_047302707.1 [Q08257-3];
Q08431	MFGM_HUMAN	MFGE8	NP_001108086.1 [Q08431-3];NP_001297248.1 [Q08431-4];NP_001297249.1;NP_001297250.1 [Q08431-2];NP_005919.2 [Q08431-1];
Q07955	SRSF1_HUMAN	SRSF1 ASF SF2 SF2P33 SFRS1 OK/SW-cl.3	NP_001071634.1 [Q07955-3];NP_008855.1 [Q07955-1];XP_047292479.1 [Q07955-1];XP_047292480.1 [Q07955-1];XP_047292481.1 [Q07955-1];XP_047292482.1 [Q07955-1];XP_047292483.1 [Q07955-1];XP_047292484.1 [Q07955-1];XP_047292485.1 [Q07955-3];
Q08378	GOGA3_HUMAN	GOLGA3	NP_001166028.1 [Q08378-4];NP_001376612.1 [Q08378-1];NP_001376613.1 [Q08378-1];NP_001376614.1 [Q08378-1];NP_005886.2 [Q08378-1];XP_024304708.1 [Q08378-1];XP_024304709.1 [Q08378-1];XP_047284661.1 [Q08378-1];XP_047284662.1 [Q08378-1];XP_047284663.1 [Q08378-1];XP_047284664.1 [Q08378-1];XP_047284665.1 [Q08378-1];XP_054227731.1 [Q08378-1];XP_054227732.1 [Q08378-1];XP_054227733.1 [Q08378-1];XP_054227734.1 [Q08378-1];XP_054227735.1 [Q08378-1];XP_054227736.1 [Q08378-1];XP_054227737.1 [Q08378-1];
Q10567	AP1B1_HUMAN	AP1B1 ADTB1 BAM22 CLAPB2	NP_001118.3 [Q10567-1];NP_001159491.1 [Q10567-4];NP_001365492.1 [Q10567-2];NP_663782.2 [Q10567-3];
Q12756	KIF1A_HUMAN	KIF1A ATSV C2orf20	NP_001230937.1 [Q12756-3];NP_001307634.1;NP_001366579.1 [Q12756-1];NP_001366580.1 [Q12756-1];NP_001366582.1 [Q12756-1];NP_004312.2 [Q12756-1];
Q12981	SEC20_HUMAN	BNIP1 NIP1 SEC20L TRG8	NP_001196.2 [Q12981-4];NP_053581.2 [Q12981-2];NP_053582.2 [Q12981-1];NP_053583.2 [Q12981-3];
Q06710	PAX8_HUMAN	PAX8	NP_003457.1 [Q06710-1];NP_039246.1 [Q06710-3];NP_039247.1 [Q06710-4];NP_054698.1 [Q06710-5];
Q07812	BAX_HUMAN	BAX BCL2L4	NP_001278357.1;NP_001278360.1 [Q07812-6];NP_004315.1 [Q07812-2];NP_620116.1 [Q07812-1];NP_620118.1 [Q07812-4];NP_620119.2 [Q07812-8];
Q12805	FBLN3_HUMAN	EFEMP1 FBLN3 FBNL	NP_001034437.1 [Q12805-1];NP_001034438.1 [Q12805-1];
Q12849	GRSF1_HUMAN	GRSF1	NP_001091947.1 [Q12849-5];XP_011530199.1 [Q12849-5];XP_054205814.1 [Q12849-5];
Q12923	PTN13_HUMAN	PTPN13 PNP1 PTP1E PTPL1	NP_006255.1 [Q12923-3];NP_542414.1 [Q12923-1];NP_542415.1 [Q12923-2];NP_542416.1 [Q12923-4];
Q13045	FLII_HUMAN	FLII FLIL	NP_001243193.1 [Q13045-3];NP_001243194.1 [Q13045-2];NP_002009.1 [Q13045-1];
Q13148	TADBP_HUMAN	TARDBP TDP43	NP_031401.1 [Q13148-1];
Q08209	PP2BA_HUMAN	PPP3CA CALNA CNA	NP_000935.1 [Q08209-1];NP_001124163.1 [Q08209-2];NP_001124164.1 [Q08209-3];
Q09028	RBBP4_HUMAN	RBBP4 RBAP48	NP_001128727.1 [Q09028-2];NP_001128728.1 [Q09028-4];NP_005601.1 [Q09028-1];
Q12797	ASPH_HUMAN	ASPH BAH	NP_001158222.1 [Q12797-10];NP_001158223.1 [Q12797-5];NP_001158225.1 [Q12797-9];NP_001158226.1 [Q12797-11];NP_001158227.1 [Q12797-6];NP_001158228.1 [Q12797-7];NP_001400831.1 [Q12797-8];NP_004309.2 [Q12797-1];NP_064549.1 [Q12797-3];NP_115855.1 [Q12797-2];NP_115856.1 [Q12797-4];NP_115857.1 [Q12797-8];
Q07866	KLC1_HUMAN	KLC1 KLC KNS2	NP_001123579.1 [Q07866-10];NP_001381766.1 [Q07866-9];NP_001381767.1 [Q07866-4];NP_001381770.1 [Q07866-6];NP_001381781.1 [Q07866-3];NP_001381784.1 [Q07866-8];NP_005543.2 [Q07866-2];NP_891553.2 [Q07866-1];
Q12955	ANK3_HUMAN	ANK3	NP_001140.2 [Q12955-6];NP_001191332.1 [Q12955-5];NP_001191333.1 [Q12955-4];NP_066267.2 [Q12955-3];
Q13126	MTAP_HUMAN	MTAP MSAP	NP_001382970.1 [Q13126-3];NP_001382971.1 [Q13126-7];NP_001382972.1 [Q13126-4];NP_001382973.1 [Q13126-2];NP_001382974.1 [Q13126-5];NP_002442.2 [Q13126-1];
Q13103	SPP24_HUMAN	SPP2 SPP24	NP_008875.1;XP_005246159.1;XP_011510000.1;XP_011510001.1;XP_011510002.1;XP_054199509.1;XP_054199510.1;XP_054199511.1;XP_054199512.1;
Q05DH4	FHI1A_HUMAN	FHIP1A FAM160A1	NP_001103447.1;NP_001335623.1;XP_005263256.1;XP_011530522.1;XP_011530523.1;XP_011530525.1;XP_011530526.1;XP_024309969.1;XP_047272083.1;XP_054206755.1;XP_054206756.1;XP_054206757.1;XP_054206758.1;XP_054206759.1;XP_054206760.1;XP_054206761.1;
Q12766	HMGX3_HUMAN	HMGXB3 KIAA0194 SMF	NP_055798.3;
Q05DE9	Q05DE9_HUMAN	FYB	
