outer_fold_id,held_out_core,model_id,alpha,held_out_inner_batch_id,spearman,selected_alpha
T246_OUTER_01,PMC11328176_CORE_1,SEQUENCE_RIDGE_FULL,0.01,PMC11328176_CORE_11,0.44157857646229737,10.0
T246_OUTER_01,PMC11328176_CORE_1,SEQUENCE_RIDGE_FULL,0.01,PMC11328176_CORE_13,0.5476539589442815,10.0
T246_OUTER_01,PMC11328176_CORE_1,SEQUENCE_RIDGE_FULL,0.01,PMC11328176_CORE_2,0.5207570207570208,10.0
T246_OUTER_01,PMC11328176_CORE_1,SEQUENCE_RIDGE_FULL,0.01,PMC11328176_CORE_3,0.5272727272727272,10.0
T246_OUTER_01,PMC11328176_CORE_1,SEQUENCE_RIDGE_FULL,0.01,PMC11328176_CORE_9,0.21929311882863206,10.0
T246_OUTER_01,PMC11328176_CORE_1,SEQUENCE_RIDGE_FULL,0.01,__MEAN__,0.45131108045299184,10.0
T246_OUTER_01,PMC11328176_CORE_1,SEQUENCE_RIDGE_FULL,0.1,PMC11328176_CORE_11,0.45976039464411556,10.0
T246_OUTER_01,PMC11328176_CORE_1,SEQUENCE_RIDGE_FULL,0.1,PMC11328176_CORE_13,0.5553519061583577,10.0
T246_OUTER_01,PMC11328176_CORE_1,SEQUENCE_RIDGE_FULL,0.1,PMC11328176_CORE_2,0.5225885225885226,10.0
T246_OUTER_01,PMC11328176_CORE_1,SEQUENCE_RIDGE_FULL,0.1,PMC11328176_CORE_3,0.4636363636363636,10.0
T246_OUTER_01,PMC11328176_CORE_1,SEQUENCE_RIDGE_FULL,0.1,PMC11328176_CORE_9,0.2175705189332185,10.0
T246_OUTER_01,PMC11328176_CORE_1,SEQUENCE_RIDGE_FULL,0.1,__MEAN__,0.44378154119211555,10.0
T246_OUTER_01,PMC11328176_CORE_1,SEQUENCE_RIDGE_FULL,1.0,PMC11328176_CORE_11,0.45891472868217054,10.0
T246_OUTER_01,PMC11328176_CORE_1,SEQUENCE_RIDGE_FULL,1.0,PMC11328176_CORE_13,0.5579178885630498,10.0
T246_OUTER_01,PMC11328176_CORE_1,SEQUENCE_RIDGE_FULL,1.0,PMC11328176_CORE_2,0.5286935286935287,10.0
T246_OUTER_01,PMC11328176_CORE_1,SEQUENCE_RIDGE_FULL,1.0,PMC11328176_CORE_3,0.4636363636363636,10.0
T246_OUTER_01,PMC11328176_CORE_1,SEQUENCE_RIDGE_FULL,1.0,PMC11328176_CORE_9,0.22021594020117505,10.0
T246_OUTER_01,PMC11328176_CORE_1,SEQUENCE_RIDGE_FULL,1.0,__MEAN__,0.44587568995525756,10.0
T246_OUTER_01,PMC11328176_CORE_1,SEQUENCE_RIDGE_FULL,10.0,PMC11328176_CORE_11,0.4470754052149401,10.0
T246_OUTER_01,PMC11328176_CORE_1,SEQUENCE_RIDGE_FULL,10.0,PMC11328176_CORE_13,0.5597507331378299,10.0
T246_OUTER_01,PMC11328176_CORE_1,SEQUENCE_RIDGE_FULL,10.0,PMC11328176_CORE_2,0.5201465201465202,10.0
T246_OUTER_01,PMC11328176_CORE_1,SEQUENCE_RIDGE_FULL,10.0,PMC11328176_CORE_3,0.5909090909090909,10.0
T246_OUTER_01,PMC11328176_CORE_1,SEQUENCE_RIDGE_FULL,10.0,PMC11328176_CORE_9,0.19751453443661754,10.0
T246_OUTER_01,PMC11328176_CORE_1,SEQUENCE_RIDGE_FULL,10.0,__MEAN__,0.4630792567689997,10.0
T246_OUTER_01,PMC11328176_CORE_1,SEQUENCE_RIDGE_FULL,100.0,PMC11328176_CORE_11,0.3660324171952079,10.0
T246_OUTER_01,PMC11328176_CORE_1,SEQUENCE_RIDGE_FULL,100.0,PMC11328176_CORE_13,0.5388563049853372,10.0
T246_OUTER_01,PMC11328176_CORE_1,SEQUENCE_RIDGE_FULL,100.0,PMC11328176_CORE_2,0.4523809523809524,10.0
T246_OUTER_01,PMC11328176_CORE_1,SEQUENCE_RIDGE_FULL,100.0,PMC11328176_CORE_3,0.45454545454545453,10.0
T246_OUTER_01,PMC11328176_CORE_1,SEQUENCE_RIDGE_FULL,100.0,PMC11328176_CORE_9,0.19880648435817774,10.0
T246_OUTER_01,PMC11328176_CORE_1,SEQUENCE_RIDGE_FULL,100.0,__MEAN__,0.40212432269302595,10.0
T246_OUTER_01,PMC11328176_CORE_1,SEQUENCE_RIDGE_COMPOSITION_ONLY,0.01,PMC11328176_CORE_11,0.3696969696969697,1.0
T246_OUTER_01,PMC11328176_CORE_1,SEQUENCE_RIDGE_COMPOSITION_ONLY,0.01,PMC11328176_CORE_13,0.48936950146627567,1.0
T246_OUTER_01,PMC11328176_CORE_1,SEQUENCE_RIDGE_COMPOSITION_ONLY,0.01,PMC11328176_CORE_2,0.4725274725274725,1.0
T246_OUTER_01,PMC11328176_CORE_1,SEQUENCE_RIDGE_COMPOSITION_ONLY,0.01,PMC11328176_CORE_3,0.35454545454545455,1.0
T246_OUTER_01,PMC11328176_CORE_1,SEQUENCE_RIDGE_COMPOSITION_ONLY,0.01,PMC11328176_CORE_9,0.19911409148235873,1.0
T246_OUTER_01,PMC11328176_CORE_1,SEQUENCE_RIDGE_COMPOSITION_ONLY,0.01,__MEAN__,0.3770506979437062,1.0
T246_OUTER_01,PMC11328176_CORE_1,SEQUENCE_RIDGE_COMPOSITION_ONLY,0.1,PMC11328176_CORE_11,0.3696969696969697,1.0
T246_OUTER_01,PMC11328176_CORE_1,SEQUENCE_RIDGE_COMPOSITION_ONLY,0.1,PMC11328176_CORE_13,0.48936950146627567,1.0
T246_OUTER_01,PMC11328176_CORE_1,SEQUENCE_RIDGE_COMPOSITION_ONLY,0.1,PMC11328176_CORE_2,0.4725274725274725,1.0
T246_OUTER_01,PMC11328176_CORE_1,SEQUENCE_RIDGE_COMPOSITION_ONLY,0.1,PMC11328176_CORE_3,0.35454545454545455,1.0
T246_OUTER_01,PMC11328176_CORE_1,SEQUENCE_RIDGE_COMPOSITION_ONLY,0.1,PMC11328176_CORE_9,0.19911409148235873,1.0
T246_OUTER_01,PMC11328176_CORE_1,SEQUENCE_RIDGE_COMPOSITION_ONLY,0.1,__MEAN__,0.3770506979437062,1.0
T246_OUTER_01,PMC11328176_CORE_1,SEQUENCE_RIDGE_COMPOSITION_ONLY,1.0,PMC11328176_CORE_11,0.37293868921775897,1.0
T246_OUTER_01,PMC11328176_CORE_1,SEQUENCE_RIDGE_COMPOSITION_ONLY,1.0,PMC11328176_CORE_13,0.48607038123167157,1.0
T246_OUTER_01,PMC11328176_CORE_1,SEQUENCE_RIDGE_COMPOSITION_ONLY,1.0,PMC11328176_CORE_2,0.4633699633699634,1.0
T246_OUTER_01,PMC11328176_CORE_1,SEQUENCE_RIDGE_COMPOSITION_ONLY,1.0,PMC11328176_CORE_3,0.42727272727272725,1.0
T246_OUTER_01,PMC11328176_CORE_1,SEQUENCE_RIDGE_COMPOSITION_ONLY,1.0,PMC11328176_CORE_9,0.19960626288104832,1.0
T246_OUTER_01,PMC11328176_CORE_1,SEQUENCE_RIDGE_COMPOSITION_ONLY,1.0,__MEAN__,0.38985160479463393,1.0
T246_OUTER_01,PMC11328176_CORE_1,SEQUENCE_RIDGE_COMPOSITION_ONLY,10.0,PMC11328176_CORE_11,0.3448907681465821,1.0
T246_OUTER_01,PMC11328176_CORE_1,SEQUENCE_RIDGE_COMPOSITION_ONLY,10.0,PMC11328176_CORE_13,0.499633431085044,1.0
T246_OUTER_01,PMC11328176_CORE_1,SEQUENCE_RIDGE_COMPOSITION_ONLY,10.0,PMC11328176_CORE_2,0.4468864468864469,1.0
T246_OUTER_01,PMC11328176_CORE_1,SEQUENCE_RIDGE_COMPOSITION_ONLY,10.0,PMC11328176_CORE_3,0.45454545454545453,1.0
T246_OUTER_01,PMC11328176_CORE_1,SEQUENCE_RIDGE_COMPOSITION_ONLY,10.0,PMC11328176_CORE_9,0.19166999907717863,1.0
T246_OUTER_01,PMC11328176_CORE_1,SEQUENCE_RIDGE_COMPOSITION_ONLY,10.0,__MEAN__,0.38752521994814126,1.0
T246_OUTER_01,PMC11328176_CORE_1,SEQUENCE_RIDGE_COMPOSITION_ONLY,100.0,PMC11328176_CORE_11,0.2324171952078929,1.0
T246_OUTER_01,PMC11328176_CORE_1,SEQUENCE_RIDGE_COMPOSITION_ONLY,100.0,PMC11328176_CORE_13,0.48863636363636365,1.0
T246_OUTER_01,PMC11328176_CORE_1,SEQUENCE_RIDGE_COMPOSITION_ONLY,100.0,PMC11328176_CORE_2,0.3882783882783883,1.0
T246_OUTER_01,PMC11328176_CORE_1,SEQUENCE_RIDGE_COMPOSITION_ONLY,100.0,PMC11328176_CORE_3,0.4727272727272727,1.0
T246_OUTER_01,PMC11328176_CORE_1,SEQUENCE_RIDGE_COMPOSITION_ONLY,100.0,PMC11328176_CORE_9,0.1696453289858193,1.0
T246_OUTER_01,PMC11328176_CORE_1,SEQUENCE_RIDGE_COMPOSITION_ONLY,100.0,__MEAN__,0.3503409097671474,1.0
T246_OUTER_02,PMC11328176_CORE_11,SEQUENCE_RIDGE_FULL,0.01,PMC11328176_CORE_1,0.6778225806451613,1.0
T246_OUTER_02,PMC11328176_CORE_11,SEQUENCE_RIDGE_FULL,0.01,PMC11328176_CORE_13,0.42302052785923755,1.0
T246_OUTER_02,PMC11328176_CORE_11,SEQUENCE_RIDGE_FULL,0.01,PMC11328176_CORE_2,0.6343101343101343,1.0
T246_OUTER_02,PMC11328176_CORE_11,SEQUENCE_RIDGE_FULL,0.01,PMC11328176_CORE_3,0.5909090909090909,1.0
T246_OUTER_02,PMC11328176_CORE_11,SEQUENCE_RIDGE_FULL,0.01,PMC11328176_CORE_9,0.1880402350118429,1.0
T246_OUTER_02,PMC11328176_CORE_11,SEQUENCE_RIDGE_FULL,0.01,__MEAN__,0.5028205137470934,1.0
T246_OUTER_02,PMC11328176_CORE_11,SEQUENCE_RIDGE_FULL,0.1,PMC11328176_CORE_1,0.6915322580645161,1.0
T246_OUTER_02,PMC11328176_CORE_11,SEQUENCE_RIDGE_FULL,0.1,PMC11328176_CORE_13,0.43218475073313783,1.0
T246_OUTER_02,PMC11328176_CORE_11,SEQUENCE_RIDGE_FULL,0.1,PMC11328176_CORE_2,0.6349206349206349,1.0
T246_OUTER_02,PMC11328176_CORE_11,SEQUENCE_RIDGE_FULL,0.1,PMC11328176_CORE_3,0.5181818181818182,1.0
T246_OUTER_02,PMC11328176_CORE_11,SEQUENCE_RIDGE_FULL,0.1,PMC11328176_CORE_9,0.17911962841059398,1.0
T246_OUTER_02,PMC11328176_CORE_11,SEQUENCE_RIDGE_FULL,0.1,__MEAN__,0.4911878180621402,1.0
T246_OUTER_02,PMC11328176_CORE_11,SEQUENCE_RIDGE_FULL,1.0,PMC11328176_CORE_1,0.7024193548387097,1.0
T246_OUTER_02,PMC11328176_CORE_11,SEQUENCE_RIDGE_FULL,1.0,PMC11328176_CORE_13,0.45454545454545453,1.0
T246_OUTER_02,PMC11328176_CORE_11,SEQUENCE_RIDGE_FULL,1.0,PMC11328176_CORE_2,0.6263736263736264,1.0
T246_OUTER_02,PMC11328176_CORE_11,SEQUENCE_RIDGE_FULL,1.0,PMC11328176_CORE_3,0.5454545454545454,1.0
T246_OUTER_02,PMC11328176_CORE_11,SEQUENCE_RIDGE_FULL,1.0,PMC11328176_CORE_9,0.1860715494170845,1.0
T246_OUTER_02,PMC11328176_CORE_11,SEQUENCE_RIDGE_FULL,1.0,__MEAN__,0.5029729061258841,1.0
T246_OUTER_02,PMC11328176_CORE_11,SEQUENCE_RIDGE_FULL,10.0,PMC11328176_CORE_1,0.6818548387096774,1.0
T246_OUTER_02,PMC11328176_CORE_11,SEQUENCE_RIDGE_FULL,10.0,PMC11328176_CORE_13,0.4629765395894428,1.0
T246_OUTER_02,PMC11328176_CORE_11,SEQUENCE_RIDGE_FULL,10.0,PMC11328176_CORE_2,0.6031746031746031,1.0
T246_OUTER_02,PMC11328176_CORE_11,SEQUENCE_RIDGE_FULL,10.0,PMC11328176_CORE_3,0.5454545454545454,1.0
T246_OUTER_02,PMC11328176_CORE_11,SEQUENCE_RIDGE_FULL,10.0,PMC11328176_CORE_9,0.18391829954781752,1.0
T246_OUTER_02,PMC11328176_CORE_11,SEQUENCE_RIDGE_FULL,10.0,__MEAN__,0.4954757652952172,1.0
T246_OUTER_02,PMC11328176_CORE_11,SEQUENCE_RIDGE_FULL,100.0,PMC11328176_CORE_1,0.6229838709677419,1.0
T246_OUTER_02,PMC11328176_CORE_11,SEQUENCE_RIDGE_FULL,100.0,PMC11328176_CORE_13,0.46994134897360706,1.0
T246_OUTER_02,PMC11328176_CORE_11,SEQUENCE_RIDGE_FULL,100.0,PMC11328176_CORE_2,0.5152625152625152,1.0
T246_OUTER_02,PMC11328176_CORE_11,SEQUENCE_RIDGE_FULL,100.0,PMC11328176_CORE_3,0.5272727272727272,1.0
T246_OUTER_02,PMC11328176_CORE_11,SEQUENCE_RIDGE_FULL,100.0,PMC11328176_CORE_9,0.16675382201851796,1.0
T246_OUTER_02,PMC11328176_CORE_11,SEQUENCE_RIDGE_FULL,100.0,__MEAN__,0.46044285689902187,1.0
T246_OUTER_02,PMC11328176_CORE_11,SEQUENCE_RIDGE_COMPOSITION_ONLY,0.01,PMC11328176_CORE_1,0.6201612903225806,0.01
T246_OUTER_02,PMC11328176_CORE_11,SEQUENCE_RIDGE_COMPOSITION_ONLY,0.01,PMC11328176_CORE_13,0.42045454545454547,0.01
T246_OUTER_02,PMC11328176_CORE_11,SEQUENCE_RIDGE_COMPOSITION_ONLY,0.01,PMC11328176_CORE_2,0.5818070818070818,0.01
T246_OUTER_02,PMC11328176_CORE_11,SEQUENCE_RIDGE_COMPOSITION_ONLY,0.01,PMC11328176_CORE_3,0.5272727272727272,0.01
T246_OUTER_02,PMC11328176_CORE_11,SEQUENCE_RIDGE_COMPOSITION_ONLY,0.01,PMC11328176_CORE_9,0.16810729336491434,0.01
T246_OUTER_02,PMC11328176_CORE_11,SEQUENCE_RIDGE_COMPOSITION_ONLY,0.01,__MEAN__,0.4635605876443699,0.01
T246_OUTER_02,PMC11328176_CORE_11,SEQUENCE_RIDGE_COMPOSITION_ONLY,0.1,PMC11328176_CORE_1,0.6201612903225806,0.01
T246_OUTER_02,PMC11328176_CORE_11,SEQUENCE_RIDGE_COMPOSITION_ONLY,0.1,PMC11328176_CORE_13,0.42045454545454547,0.01
T246_OUTER_02,PMC11328176_CORE_11,SEQUENCE_RIDGE_COMPOSITION_ONLY,0.1,PMC11328176_CORE_2,0.5818070818070818,0.01
T246_OUTER_02,PMC11328176_CORE_11,SEQUENCE_RIDGE_COMPOSITION_ONLY,0.1,PMC11328176_CORE_3,0.5272727272727272,0.01
T246_OUTER_02,PMC11328176_CORE_11,SEQUENCE_RIDGE_COMPOSITION_ONLY,0.1,PMC11328176_CORE_9,0.16429296502507,0.01
T246_OUTER_02,PMC11328176_CORE_11,SEQUENCE_RIDGE_COMPOSITION_ONLY,0.1,__MEAN__,0.4627977219764011,0.01
T246_OUTER_02,PMC11328176_CORE_11,SEQUENCE_RIDGE_COMPOSITION_ONLY,1.0,PMC11328176_CORE_1,0.6241935483870967,0.01
T246_OUTER_02,PMC11328176_CORE_11,SEQUENCE_RIDGE_COMPOSITION_ONLY,1.0,PMC11328176_CORE_13,0.4211876832844575,0.01
T246_OUTER_02,PMC11328176_CORE_11,SEQUENCE_RIDGE_COMPOSITION_ONLY,1.0,PMC11328176_CORE_2,0.5738705738705738,0.01
T246_OUTER_02,PMC11328176_CORE_11,SEQUENCE_RIDGE_COMPOSITION_ONLY,1.0,PMC11328176_CORE_3,0.5272727272727272,0.01
T246_OUTER_02,PMC11328176_CORE_11,SEQUENCE_RIDGE_COMPOSITION_ONLY,1.0,PMC11328176_CORE_9,0.16595404349564735,0.01
T246_OUTER_02,PMC11328176_CORE_11,SEQUENCE_RIDGE_COMPOSITION_ONLY,1.0,__MEAN__,0.4624957152621005,0.01
T246_OUTER_02,PMC11328176_CORE_11,SEQUENCE_RIDGE_COMPOSITION_ONLY,10.0,PMC11328176_CORE_1,0.619758064516129,0.01
T246_OUTER_02,PMC11328176_CORE_11,SEQUENCE_RIDGE_COMPOSITION_ONLY,10.0,PMC11328176_CORE_13,0.4083577712609971,0.01
T246_OUTER_02,PMC11328176_CORE_11,SEQUENCE_RIDGE_COMPOSITION_ONLY,10.0,PMC11328176_CORE_2,0.5677655677655677,0.01
T246_OUTER_02,PMC11328176_CORE_11,SEQUENCE_RIDGE_COMPOSITION_ONLY,10.0,PMC11328176_CORE_3,0.5272727272727272,0.01
T246_OUTER_02,PMC11328176_CORE_11,SEQUENCE_RIDGE_COMPOSITION_ONLY,10.0,PMC11328176_CORE_9,0.17155249315574148,0.01
T246_OUTER_02,PMC11328176_CORE_11,SEQUENCE_RIDGE_COMPOSITION_ONLY,10.0,__MEAN__,0.4589413247942325,0.01
T246_OUTER_02,PMC11328176_CORE_11,SEQUENCE_RIDGE_COMPOSITION_ONLY,100.0,PMC11328176_CORE_1,0.5286290322580646,0.01
T246_OUTER_02,PMC11328176_CORE_11,SEQUENCE_RIDGE_COMPOSITION_ONLY,100.0,PMC11328176_CORE_13,0.4219208211143695,0.01
T246_OUTER_02,PMC11328176_CORE_11,SEQUENCE_RIDGE_COMPOSITION_ONLY,100.0,PMC11328176_CORE_2,0.47435897435897434,0.01
T246_OUTER_02,PMC11328176_CORE_11,SEQUENCE_RIDGE_COMPOSITION_ONLY,100.0,PMC11328176_CORE_3,0.5363636363636364,0.01
T246_OUTER_02,PMC11328176_CORE_11,SEQUENCE_RIDGE_COMPOSITION_ONLY,100.0,PMC11328176_CORE_9,0.13783875234550433,0.01
T246_OUTER_02,PMC11328176_CORE_11,SEQUENCE_RIDGE_COMPOSITION_ONLY,100.0,__MEAN__,0.41982224328810985,0.01
T246_OUTER_03,PMC11328176_CORE_13,SEQUENCE_RIDGE_FULL,0.01,PMC11328176_CORE_1,0.6701612903225806,0.1
T246_OUTER_03,PMC11328176_CORE_13,SEQUENCE_RIDGE_FULL,0.01,PMC11328176_CORE_11,0.38097251585623676,0.1
T246_OUTER_03,PMC11328176_CORE_13,SEQUENCE_RIDGE_FULL,0.01,PMC11328176_CORE_2,0.5079365079365079,0.1
T246_OUTER_03,PMC11328176_CORE_13,SEQUENCE_RIDGE_FULL,0.01,PMC11328176_CORE_3,0.37272727272727274,0.1
T246_OUTER_03,PMC11328176_CORE_13,SEQUENCE_RIDGE_FULL,0.01,PMC11328176_CORE_9,0.22975176105078593,0.1
T246_OUTER_03,PMC11328176_CORE_13,SEQUENCE_RIDGE_FULL,0.01,__MEAN__,0.4323098695786768,0.1
T246_OUTER_03,PMC11328176_CORE_13,SEQUENCE_RIDGE_FULL,0.1,PMC11328176_CORE_1,0.6733870967741935,0.1
T246_OUTER_03,PMC11328176_CORE_13,SEQUENCE_RIDGE_FULL,0.1,PMC11328176_CORE_11,0.3857646229739253,0.1
T246_OUTER_03,PMC11328176_CORE_13,SEQUENCE_RIDGE_FULL,0.1,PMC11328176_CORE_2,0.5079365079365079,0.1
T246_OUTER_03,PMC11328176_CORE_13,SEQUENCE_RIDGE_FULL,0.1,PMC11328176_CORE_3,0.39090909090909093,0.1
T246_OUTER_03,PMC11328176_CORE_13,SEQUENCE_RIDGE_FULL,0.1,PMC11328176_CORE_9,0.22987480390045834,0.1
T246_OUTER_03,PMC11328176_CORE_13,SEQUENCE_RIDGE_FULL,0.1,__MEAN__,0.4375744244988352,0.1
T246_OUTER_03,PMC11328176_CORE_13,SEQUENCE_RIDGE_FULL,1.0,PMC11328176_CORE_1,0.6729838709677419,0.1
T246_OUTER_03,PMC11328176_CORE_13,SEQUENCE_RIDGE_FULL,1.0,PMC11328176_CORE_11,0.38971106412966877,0.1
T246_OUTER_03,PMC11328176_CORE_13,SEQUENCE_RIDGE_FULL,1.0,PMC11328176_CORE_2,0.5079365079365079,0.1
T246_OUTER_03,PMC11328176_CORE_13,SEQUENCE_RIDGE_FULL,1.0,PMC11328176_CORE_3,0.35454545454545455,0.1
T246_OUTER_03,PMC11328176_CORE_13,SEQUENCE_RIDGE_FULL,1.0,PMC11328176_CORE_9,0.22870589682857054,0.1
T246_OUTER_03,PMC11328176_CORE_13,SEQUENCE_RIDGE_FULL,1.0,__MEAN__,0.4307765588815887,0.1
T246_OUTER_03,PMC11328176_CORE_13,SEQUENCE_RIDGE_FULL,10.0,PMC11328176_CORE_1,0.6814516129032258,0.1
T246_OUTER_03,PMC11328176_CORE_13,SEQUENCE_RIDGE_FULL,10.0,PMC11328176_CORE_11,0.38449612403100775,0.1
T246_OUTER_03,PMC11328176_CORE_13,SEQUENCE_RIDGE_FULL,10.0,PMC11328176_CORE_2,0.48717948717948717,0.1
T246_OUTER_03,PMC11328176_CORE_13,SEQUENCE_RIDGE_FULL,10.0,PMC11328176_CORE_3,0.4,0.1
T246_OUTER_03,PMC11328176_CORE_13,SEQUENCE_RIDGE_FULL,10.0,PMC11328176_CORE_9,0.22329201144298502,0.1
T246_OUTER_03,PMC11328176_CORE_13,SEQUENCE_RIDGE_FULL,10.0,__MEAN__,0.43528384711134116,0.1
T246_OUTER_03,PMC11328176_CORE_13,SEQUENCE_RIDGE_FULL,100.0,PMC11328176_CORE_1,0.6233870967741936,0.1
T246_OUTER_03,PMC11328176_CORE_13,SEQUENCE_RIDGE_FULL,100.0,PMC11328176_CORE_11,0.35532064834390414,0.1
T246_OUTER_03,PMC11328176_CORE_13,SEQUENCE_RIDGE_FULL,100.0,PMC11328176_CORE_2,0.4725274725274725,0.1
T246_OUTER_03,PMC11328176_CORE_13,SEQUENCE_RIDGE_FULL,100.0,PMC11328176_CORE_3,0.41818181818181815,0.1
T246_OUTER_03,PMC11328176_CORE_13,SEQUENCE_RIDGE_FULL,100.0,PMC11328176_CORE_9,0.21935464025346826,0.1
T246_OUTER_03,PMC11328176_CORE_13,SEQUENCE_RIDGE_FULL,100.0,__MEAN__,0.41775433521617134,0.1
T246_OUTER_03,PMC11328176_CORE_13,SEQUENCE_RIDGE_COMPOSITION_ONLY,0.01,PMC11328176_CORE_1,0.5782258064516129,10.0
T246_OUTER_03,PMC11328176_CORE_13,SEQUENCE_RIDGE_COMPOSITION_ONLY,0.01,PMC11328176_CORE_11,0.3360112755461593,10.0
T246_OUTER_03,PMC11328176_CORE_13,SEQUENCE_RIDGE_COMPOSITION_ONLY,0.01,PMC11328176_CORE_2,0.5006105006105006,10.0
T246_OUTER_03,PMC11328176_CORE_13,SEQUENCE_RIDGE_COMPOSITION_ONLY,0.01,PMC11328176_CORE_3,0.39090909090909093,10.0
T246_OUTER_03,PMC11328176_CORE_13,SEQUENCE_RIDGE_COMPOSITION_ONLY,0.01,PMC11328176_CORE_9,0.1940693346457904,10.0
T246_OUTER_03,PMC11328176_CORE_13,SEQUENCE_RIDGE_COMPOSITION_ONLY,0.01,__MEAN__,0.39996520163263083,10.0
T246_OUTER_03,PMC11328176_CORE_13,SEQUENCE_RIDGE_COMPOSITION_ONLY,0.1,PMC11328176_CORE_1,0.5782258064516129,10.0
T246_OUTER_03,PMC11328176_CORE_13,SEQUENCE_RIDGE_COMPOSITION_ONLY,0.1,PMC11328176_CORE_11,0.33629316420014094,10.0
T246_OUTER_03,PMC11328176_CORE_13,SEQUENCE_RIDGE_COMPOSITION_ONLY,0.1,PMC11328176_CORE_2,0.5006105006105006,10.0
T246_OUTER_03,PMC11328176_CORE_13,SEQUENCE_RIDGE_COMPOSITION_ONLY,0.1,PMC11328176_CORE_3,0.39090909090909093,10.0
T246_OUTER_03,PMC11328176_CORE_13,SEQUENCE_RIDGE_COMPOSITION_ONLY,0.1,PMC11328176_CORE_9,0.1940693346457904,10.0
T246_OUTER_03,PMC11328176_CORE_13,SEQUENCE_RIDGE_COMPOSITION_ONLY,0.1,__MEAN__,0.4000215793634271,10.0
T246_OUTER_03,PMC11328176_CORE_13,SEQUENCE_RIDGE_COMPOSITION_ONLY,1.0,PMC11328176_CORE_1,0.5798387096774194,10.0
T246_OUTER_03,PMC11328176_CORE_13,SEQUENCE_RIDGE_COMPOSITION_ONLY,1.0,PMC11328176_CORE_11,0.3358703312191684,10.0
T246_OUTER_03,PMC11328176_CORE_13,SEQUENCE_RIDGE_COMPOSITION_ONLY,1.0,PMC11328176_CORE_2,0.503052503052503,10.0
T246_OUTER_03,PMC11328176_CORE_13,SEQUENCE_RIDGE_COMPOSITION_ONLY,1.0,PMC11328176_CORE_3,0.39090909090909093,10.0
T246_OUTER_03,PMC11328176_CORE_13,SEQUENCE_RIDGE_COMPOSITION_ONLY,1.0,PMC11328176_CORE_9,0.1880402350118429,10.0
T246_OUTER_03,PMC11328176_CORE_13,SEQUENCE_RIDGE_COMPOSITION_ONLY,1.0,__MEAN__,0.39954217397400493,10.0
T246_OUTER_03,PMC11328176_CORE_13,SEQUENCE_RIDGE_COMPOSITION_ONLY,10.0,PMC11328176_CORE_1,0.5870967741935483,10.0
T246_OUTER_03,PMC11328176_CORE_13,SEQUENCE_RIDGE_COMPOSITION_ONLY,10.0,PMC11328176_CORE_11,0.3237491190979563,10.0
T246_OUTER_03,PMC11328176_CORE_13,SEQUENCE_RIDGE_COMPOSITION_ONLY,10.0,PMC11328176_CORE_2,0.4981684981684982,10.0
T246_OUTER_03,PMC11328176_CORE_13,SEQUENCE_RIDGE_COMPOSITION_ONLY,10.0,PMC11328176_CORE_3,0.4090909090909091,10.0
T246_OUTER_03,PMC11328176_CORE_13,SEQUENCE_RIDGE_COMPOSITION_ONLY,10.0,PMC11328176_CORE_9,0.18201113537789534,10.0
T246_OUTER_03,PMC11328176_CORE_13,SEQUENCE_RIDGE_COMPOSITION_ONLY,10.0,__MEAN__,0.4000232871857615,10.0
T246_OUTER_03,PMC11328176_CORE_13,SEQUENCE_RIDGE_COMPOSITION_ONLY,100.0,PMC11328176_CORE_1,0.5770161290322581,10.0
T246_OUTER_03,PMC11328176_CORE_13,SEQUENCE_RIDGE_COMPOSITION_ONLY,100.0,PMC11328176_CORE_11,0.26441155743481326,10.0
T246_OUTER_03,PMC11328176_CORE_13,SEQUENCE_RIDGE_COMPOSITION_ONLY,100.0,PMC11328176_CORE_2,0.4432234432234432,10.0
T246_OUTER_03,PMC11328176_CORE_13,SEQUENCE_RIDGE_COMPOSITION_ONLY,100.0,PMC11328176_CORE_3,0.4636363636363636,10.0
T246_OUTER_03,PMC11328176_CORE_13,SEQUENCE_RIDGE_COMPOSITION_ONLY,100.0,PMC11328176_CORE_9,0.19548432741702298,10.0
T246_OUTER_03,PMC11328176_CORE_13,SEQUENCE_RIDGE_COMPOSITION_ONLY,100.0,__MEAN__,0.38875436414878023,10.0
T246_OUTER_04,PMC11328176_CORE_2,SEQUENCE_RIDGE_FULL,0.01,PMC11328176_CORE_1,0.6213709677419355,0.1
T246_OUTER_04,PMC11328176_CORE_2,SEQUENCE_RIDGE_FULL,0.01,PMC11328176_CORE_11,0.5016208597603946,0.1
T246_OUTER_04,PMC11328176_CORE_2,SEQUENCE_RIDGE_FULL,0.01,PMC11328176_CORE_13,0.499266862170088,0.1
T246_OUTER_04,PMC11328176_CORE_2,SEQUENCE_RIDGE_FULL,0.01,PMC11328176_CORE_3,0.5,0.1
T246_OUTER_04,PMC11328176_CORE_2,SEQUENCE_RIDGE_FULL,0.01,PMC11328176_CORE_9,0.26974068719431543,0.1
T246_OUTER_04,PMC11328176_CORE_2,SEQUENCE_RIDGE_FULL,0.01,__MEAN__,0.4783998753733467,0.1
T246_OUTER_04,PMC11328176_CORE_2,SEQUENCE_RIDGE_FULL,0.1,PMC11328176_CORE_1,0.6213709677419355,0.1
T246_OUTER_04,PMC11328176_CORE_2,SEQUENCE_RIDGE_FULL,0.1,PMC11328176_CORE_11,0.5014799154334038,0.1
T246_OUTER_04,PMC11328176_CORE_2,SEQUENCE_RIDGE_FULL,0.1,PMC11328176_CORE_13,0.4970674486803519,0.1
T246_OUTER_04,PMC11328176_CORE_2,SEQUENCE_RIDGE_FULL,0.1,PMC11328176_CORE_3,0.5272727272727272,0.1
T246_OUTER_04,PMC11328176_CORE_2,SEQUENCE_RIDGE_FULL,0.1,PMC11328176_CORE_9,0.2698022086191516,0.1
T246_OUTER_04,PMC11328176_CORE_2,SEQUENCE_RIDGE_FULL,0.1,__MEAN__,0.483398653549514,0.1
T246_OUTER_04,PMC11328176_CORE_2,SEQUENCE_RIDGE_FULL,1.0,PMC11328176_CORE_1,0.6254032258064516,0.1
T246_OUTER_04,PMC11328176_CORE_2,SEQUENCE_RIDGE_FULL,1.0,PMC11328176_CORE_11,0.49696969696969695,0.1
T246_OUTER_04,PMC11328176_CORE_2,SEQUENCE_RIDGE_FULL,1.0,PMC11328176_CORE_13,0.4970674486803519,0.1
T246_OUTER_04,PMC11328176_CORE_2,SEQUENCE_RIDGE_FULL,1.0,PMC11328176_CORE_3,0.5272727272727272,0.1
T246_OUTER_04,PMC11328176_CORE_2,SEQUENCE_RIDGE_FULL,1.0,PMC11328176_CORE_9,0.26740287305053984,0.1
T246_OUTER_04,PMC11328176_CORE_2,SEQUENCE_RIDGE_FULL,1.0,__MEAN__,0.4828231943559535,0.1
T246_OUTER_04,PMC11328176_CORE_2,SEQUENCE_RIDGE_FULL,10.0,PMC11328176_CORE_1,0.6,0.1
T246_OUTER_04,PMC11328176_CORE_2,SEQUENCE_RIDGE_FULL,10.0,PMC11328176_CORE_11,0.48484848484848486,0.1
T246_OUTER_04,PMC11328176_CORE_2,SEQUENCE_RIDGE_FULL,10.0,PMC11328176_CORE_13,0.4809384164222874,0.1
T246_OUTER_04,PMC11328176_CORE_2,SEQUENCE_RIDGE_FULL,10.0,PMC11328176_CORE_3,0.5181818181818182,0.1
T246_OUTER_04,PMC11328176_CORE_2,SEQUENCE_RIDGE_FULL,10.0,PMC11328176_CORE_9,0.254790980959119,0.1
T246_OUTER_04,PMC11328176_CORE_2,SEQUENCE_RIDGE_FULL,10.0,__MEAN__,0.4677519400823419,0.1
T246_OUTER_04,PMC11328176_CORE_2,SEQUENCE_RIDGE_FULL,100.0,PMC11328176_CORE_1,0.5612903225806452,0.1
T246_OUTER_04,PMC11328176_CORE_2,SEQUENCE_RIDGE_FULL,100.0,PMC11328176_CORE_11,0.3854827343199436,0.1
T246_OUTER_04,PMC11328176_CORE_2,SEQUENCE_RIDGE_FULL,100.0,PMC11328176_CORE_13,0.48607038123167157,0.1
T246_OUTER_04,PMC11328176_CORE_2,SEQUENCE_RIDGE_FULL,100.0,PMC11328176_CORE_3,0.4818181818181818,0.1
T246_OUTER_04,PMC11328176_CORE_2,SEQUENCE_RIDGE_FULL,100.0,PMC11328176_CORE_9,0.23953366759974162,0.1
T246_OUTER_04,PMC11328176_CORE_2,SEQUENCE_RIDGE_FULL,100.0,__MEAN__,0.43083905751003676,0.1
T246_OUTER_04,PMC11328176_CORE_2,SEQUENCE_RIDGE_COMPOSITION_ONLY,0.01,PMC11328176_CORE_1,0.5548387096774193,0.01
T246_OUTER_04,PMC11328176_CORE_2,SEQUENCE_RIDGE_COMPOSITION_ONLY,0.01,PMC11328176_CORE_11,0.3916842847075405,0.01
T246_OUTER_04,PMC11328176_CORE_2,SEQUENCE_RIDGE_COMPOSITION_ONLY,0.01,PMC11328176_CORE_13,0.4512463343108504,0.01
T246_OUTER_04,PMC11328176_CORE_2,SEQUENCE_RIDGE_COMPOSITION_ONLY,0.01,PMC11328176_CORE_3,0.42727272727272725,0.01
T246_OUTER_04,PMC11328176_CORE_2,SEQUENCE_RIDGE_COMPOSITION_ONLY,0.01,PMC11328176_CORE_9,0.2333815251161217,0.01
T246_OUTER_04,PMC11328176_CORE_2,SEQUENCE_RIDGE_COMPOSITION_ONLY,0.01,__MEAN__,0.4116847162169318,0.01
T246_OUTER_04,PMC11328176_CORE_2,SEQUENCE_RIDGE_COMPOSITION_ONLY,0.1,PMC11328176_CORE_1,0.5463709677419355,0.01
T246_OUTER_04,PMC11328176_CORE_2,SEQUENCE_RIDGE_COMPOSITION_ONLY,0.1,PMC11328176_CORE_11,0.3916842847075405,0.01
T246_OUTER_04,PMC11328176_CORE_2,SEQUENCE_RIDGE_COMPOSITION_ONLY,0.1,PMC11328176_CORE_13,0.4512463343108504,0.01
T246_OUTER_04,PMC11328176_CORE_2,SEQUENCE_RIDGE_COMPOSITION_ONLY,0.1,PMC11328176_CORE_3,0.42727272727272725,0.01
T246_OUTER_04,PMC11328176_CORE_2,SEQUENCE_RIDGE_COMPOSITION_ONLY,0.1,PMC11328176_CORE_9,0.2333815251161217,0.01
T246_OUTER_04,PMC11328176_CORE_2,SEQUENCE_RIDGE_COMPOSITION_ONLY,0.1,__MEAN__,0.409991167829835,0.01
T246_OUTER_04,PMC11328176_CORE_2,SEQUENCE_RIDGE_COMPOSITION_ONLY,1.0,PMC11328176_CORE_1,0.5415322580645161,0.01
T246_OUTER_04,PMC11328176_CORE_2,SEQUENCE_RIDGE_COMPOSITION_ONLY,1.0,PMC11328176_CORE_11,0.39548978153629316,0.01
T246_OUTER_04,PMC11328176_CORE_2,SEQUENCE_RIDGE_COMPOSITION_ONLY,1.0,PMC11328176_CORE_13,0.4512463343108504,0.01
T246_OUTER_04,PMC11328176_CORE_2,SEQUENCE_RIDGE_COMPOSITION_ONLY,1.0,PMC11328176_CORE_3,0.42727272727272725,0.01
T246_OUTER_04,PMC11328176_CORE_2,SEQUENCE_RIDGE_COMPOSITION_ONLY,1.0,PMC11328176_CORE_9,0.2337506536651389,0.01
T246_OUTER_04,PMC11328176_CORE_2,SEQUENCE_RIDGE_COMPOSITION_ONLY,1.0,__MEAN__,0.40985835096990514,0.01
T246_OUTER_04,PMC11328176_CORE_2,SEQUENCE_RIDGE_COMPOSITION_ONLY,10.0,PMC11328176_CORE_1,0.5346774193548387,0.01
T246_OUTER_04,PMC11328176_CORE_2,SEQUENCE_RIDGE_COMPOSITION_ONLY,10.0,PMC11328176_CORE_11,0.38083157152924596,0.01
T246_OUTER_04,PMC11328176_CORE_2,SEQUENCE_RIDGE_COMPOSITION_ONLY,10.0,PMC11328176_CORE_13,0.45234604105571846,0.01
T246_OUTER_04,PMC11328176_CORE_2,SEQUENCE_RIDGE_COMPOSITION_ONLY,10.0,PMC11328176_CORE_3,0.45454545454545453,0.01
T246_OUTER_04,PMC11328176_CORE_2,SEQUENCE_RIDGE_COMPOSITION_ONLY,10.0,PMC11328176_CORE_9,0.2182472546064167,0.01
T246_OUTER_04,PMC11328176_CORE_2,SEQUENCE_RIDGE_COMPOSITION_ONLY,10.0,__MEAN__,0.4081295482183348,0.01
T246_OUTER_04,PMC11328176_CORE_2,SEQUENCE_RIDGE_COMPOSITION_ONLY,100.0,PMC11328176_CORE_1,0.48266129032258065,0.01
T246_OUTER_04,PMC11328176_CORE_2,SEQUENCE_RIDGE_COMPOSITION_ONLY,100.0,PMC11328176_CORE_11,0.29062720225510924,0.01
T246_OUTER_04,PMC11328176_CORE_2,SEQUENCE_RIDGE_COMPOSITION_ONLY,100.0,PMC11328176_CORE_13,0.4431818181818182,0.01
T246_OUTER_04,PMC11328176_CORE_2,SEQUENCE_RIDGE_COMPOSITION_ONLY,100.0,PMC11328176_CORE_3,0.38181818181818183,0.01
T246_OUTER_04,PMC11328176_CORE_2,SEQUENCE_RIDGE_COMPOSITION_ONLY,100.0,PMC11328176_CORE_9,0.21394075486788275,0.01
T246_OUTER_04,PMC11328176_CORE_2,SEQUENCE_RIDGE_COMPOSITION_ONLY,100.0,__MEAN__,0.3624458494891145,0.01
T246_OUTER_05,PMC11328176_CORE_3,SEQUENCE_RIDGE_FULL,0.01,PMC11328176_CORE_1,0.7556451612903226,0.01
T246_OUTER_05,PMC11328176_CORE_3,SEQUENCE_RIDGE_FULL,0.01,PMC11328176_CORE_11,0.46582100070472165,0.01
T246_OUTER_05,PMC11328176_CORE_3,SEQUENCE_RIDGE_FULL,0.01,PMC11328176_CORE_13,0.5769794721407625,0.01
T246_OUTER_05,PMC11328176_CORE_3,SEQUENCE_RIDGE_FULL,0.01,PMC11328176_CORE_2,0.6855921855921856,0.01
T246_OUTER_05,PMC11328176_CORE_3,SEQUENCE_RIDGE_FULL,0.01,PMC11328176_CORE_9,0.22759851118151897,0.01
T246_OUTER_05,PMC11328176_CORE_3,SEQUENCE_RIDGE_FULL,0.01,__MEAN__,0.5423272661819022,0.01
T246_OUTER_05,PMC11328176_CORE_3,SEQUENCE_RIDGE_FULL,0.1,PMC11328176_CORE_1,0.7540322580645161,0.01
T246_OUTER_05,PMC11328176_CORE_3,SEQUENCE_RIDGE_FULL,0.1,PMC11328176_CORE_11,0.44510218463706835,0.01
T246_OUTER_05,PMC11328176_CORE_3,SEQUENCE_RIDGE_FULL,0.1,PMC11328176_CORE_13,0.5769794721407625,0.01
T246_OUTER_05,PMC11328176_CORE_3,SEQUENCE_RIDGE_FULL,0.1,PMC11328176_CORE_2,0.6886446886446886,0.01
T246_OUTER_05,PMC11328176_CORE_3,SEQUENCE_RIDGE_FULL,0.1,PMC11328176_CORE_9,0.22759851118151897,0.01
T246_OUTER_05,PMC11328176_CORE_3,SEQUENCE_RIDGE_FULL,0.1,__MEAN__,0.5384714229337109,0.01
T246_OUTER_05,PMC11328176_CORE_3,SEQUENCE_RIDGE_FULL,1.0,PMC11328176_CORE_1,0.7540322580645161,0.01
T246_OUTER_05,PMC11328176_CORE_3,SEQUENCE_RIDGE_FULL,1.0,PMC11328176_CORE_11,0.4431289640591966,0.01
T246_OUTER_05,PMC11328176_CORE_3,SEQUENCE_RIDGE_FULL,1.0,PMC11328176_CORE_13,0.5707478005865103,0.01
T246_OUTER_05,PMC11328176_CORE_3,SEQUENCE_RIDGE_FULL,1.0,PMC11328176_CORE_2,0.6984126984126984,0.01
T246_OUTER_05,PMC11328176_CORE_3,SEQUENCE_RIDGE_FULL,1.0,PMC11328176_CORE_9,0.23005936817496694,0.01
T246_OUTER_05,PMC11328176_CORE_3,SEQUENCE_RIDGE_FULL,1.0,__MEAN__,0.5392762178595776,0.01
T246_OUTER_05,PMC11328176_CORE_3,SEQUENCE_RIDGE_FULL,10.0,PMC11328176_CORE_1,0.7512096774193548,0.01
T246_OUTER_05,PMC11328176_CORE_3,SEQUENCE_RIDGE_FULL,10.0,PMC11328176_CORE_11,0.45130373502466525,0.01
T246_OUTER_05,PMC11328176_CORE_3,SEQUENCE_RIDGE_FULL,10.0,PMC11328176_CORE_13,0.5905425219941349,0.01
T246_OUTER_05,PMC11328176_CORE_3,SEQUENCE_RIDGE_FULL,10.0,PMC11328176_CORE_2,0.6617826617826618,0.01
T246_OUTER_05,PMC11328176_CORE_3,SEQUENCE_RIDGE_FULL,10.0,PMC11328176_CORE_9,0.22378418284167462,0.01
T246_OUTER_05,PMC11328176_CORE_3,SEQUENCE_RIDGE_FULL,10.0,__MEAN__,0.5357245558124982,0.01
T246_OUTER_05,PMC11328176_CORE_3,SEQUENCE_RIDGE_FULL,100.0,PMC11328176_CORE_1,0.6991935483870968,0.01
T246_OUTER_05,PMC11328176_CORE_3,SEQUENCE_RIDGE_FULL,100.0,PMC11328176_CORE_11,0.3984496124031008,0.01
T246_OUTER_05,PMC11328176_CORE_3,SEQUENCE_RIDGE_FULL,100.0,PMC11328176_CORE_13,0.5516862170087976,0.01
T246_OUTER_05,PMC11328176_CORE_3,SEQUENCE_RIDGE_FULL,100.0,PMC11328176_CORE_2,0.5573870573870574,0.01
T246_OUTER_05,PMC11328176_CORE_3,SEQUENCE_RIDGE_FULL,100.0,PMC11328176_CORE_9,0.20735796241040944,0.01
T246_OUTER_05,PMC11328176_CORE_3,SEQUENCE_RIDGE_FULL,100.0,__MEAN__,0.4828148795192925,0.01
T246_OUTER_05,PMC11328176_CORE_3,SEQUENCE_RIDGE_COMPOSITION_ONLY,0.01,PMC11328176_CORE_1,0.6358870967741935,0.1
T246_OUTER_05,PMC11328176_CORE_3,SEQUENCE_RIDGE_COMPOSITION_ONLY,0.01,PMC11328176_CORE_11,0.3357293868921776,0.1
T246_OUTER_05,PMC11328176_CORE_3,SEQUENCE_RIDGE_COMPOSITION_ONLY,0.01,PMC11328176_CORE_13,0.5102639296187683,0.1
T246_OUTER_05,PMC11328176_CORE_3,SEQUENCE_RIDGE_COMPOSITION_ONLY,0.01,PMC11328176_CORE_2,0.6135531135531136,0.1
T246_OUTER_05,PMC11328176_CORE_3,SEQUENCE_RIDGE_COMPOSITION_ONLY,0.01,PMC11328176_CORE_9,0.22790611830569996,0.1
T246_OUTER_05,PMC11328176_CORE_3,SEQUENCE_RIDGE_COMPOSITION_ONLY,0.01,__MEAN__,0.46466792902879056,0.1
T246_OUTER_05,PMC11328176_CORE_3,SEQUENCE_RIDGE_COMPOSITION_ONLY,0.1,PMC11328176_CORE_1,0.6358870967741935,0.1
T246_OUTER_05,PMC11328176_CORE_3,SEQUENCE_RIDGE_COMPOSITION_ONLY,0.1,PMC11328176_CORE_11,0.3357293868921776,0.1
T246_OUTER_05,PMC11328176_CORE_3,SEQUENCE_RIDGE_COMPOSITION_ONLY,0.1,PMC11328176_CORE_13,0.5102639296187683,0.1
T246_OUTER_05,PMC11328176_CORE_3,SEQUENCE_RIDGE_COMPOSITION_ONLY,0.1,PMC11328176_CORE_2,0.6135531135531136,0.1
T246_OUTER_05,PMC11328176_CORE_3,SEQUENCE_RIDGE_COMPOSITION_ONLY,0.1,PMC11328176_CORE_9,0.22901350395275155,0.1
T246_OUTER_05,PMC11328176_CORE_3,SEQUENCE_RIDGE_COMPOSITION_ONLY,0.1,__MEAN__,0.4648894061582009,0.1
T246_OUTER_05,PMC11328176_CORE_3,SEQUENCE_RIDGE_COMPOSITION_ONLY,1.0,PMC11328176_CORE_1,0.6358870967741935,0.1
T246_OUTER_05,PMC11328176_CORE_3,SEQUENCE_RIDGE_COMPOSITION_ONLY,1.0,PMC11328176_CORE_11,0.3350246652572234,0.1
T246_OUTER_05,PMC11328176_CORE_3,SEQUENCE_RIDGE_COMPOSITION_ONLY,1.0,PMC11328176_CORE_13,0.5142961876832844,0.1
T246_OUTER_05,PMC11328176_CORE_3,SEQUENCE_RIDGE_COMPOSITION_ONLY,1.0,PMC11328176_CORE_2,0.6068376068376068,0.1
T246_OUTER_05,PMC11328176_CORE_3,SEQUENCE_RIDGE_COMPOSITION_ONLY,1.0,PMC11328176_CORE_9,0.2235380971423298,0.1
T246_OUTER_05,PMC11328176_CORE_3,SEQUENCE_RIDGE_COMPOSITION_ONLY,1.0,__MEAN__,0.4631167307389276,0.1
T246_OUTER_05,PMC11328176_CORE_3,SEQUENCE_RIDGE_COMPOSITION_ONLY,10.0,PMC11328176_CORE_1,0.6286290322580645,0.1
T246_OUTER_05,PMC11328176_CORE_3,SEQUENCE_RIDGE_COMPOSITION_ONLY,10.0,PMC11328176_CORE_11,0.3276955602536998,0.1
T246_OUTER_05,PMC11328176_CORE_3,SEQUENCE_RIDGE_COMPOSITION_ONLY,10.0,PMC11328176_CORE_13,0.4963343108504399,0.1
T246_OUTER_05,PMC11328176_CORE_3,SEQUENCE_RIDGE_COMPOSITION_ONLY,10.0,PMC11328176_CORE_2,0.5763125763125763,0.1
T246_OUTER_05,PMC11328176_CORE_3,SEQUENCE_RIDGE_COMPOSITION_ONLY,10.0,PMC11328176_CORE_9,0.22181549724691624,0.1
T246_OUTER_05,PMC11328176_CORE_3,SEQUENCE_RIDGE_COMPOSITION_ONLY,10.0,__MEAN__,0.4501573953843393,0.1
T246_OUTER_05,PMC11328176_CORE_3,SEQUENCE_RIDGE_COMPOSITION_ONLY,100.0,PMC11328176_CORE_1,0.5568548387096774,0.1
T246_OUTER_05,PMC11328176_CORE_3,SEQUENCE_RIDGE_COMPOSITION_ONLY,100.0,PMC11328176_CORE_11,0.2711768851303735,0.1
T246_OUTER_05,PMC11328176_CORE_3,SEQUENCE_RIDGE_COMPOSITION_ONLY,100.0,PMC11328176_CORE_13,0.4802052785923754,0.1
T246_OUTER_05,PMC11328176_CORE_3,SEQUENCE_RIDGE_COMPOSITION_ONLY,100.0,PMC11328176_CORE_2,0.5097680097680097,0.1
T246_OUTER_05,PMC11328176_CORE_3,SEQUENCE_RIDGE_COMPOSITION_ONLY,100.0,PMC11328176_CORE_9,0.20981881940385738,0.1
T246_OUTER_05,PMC11328176_CORE_3,SEQUENCE_RIDGE_COMPOSITION_ONLY,100.0,__MEAN__,0.4055647663208587,0.1
T246_OUTER_06,PMC11328176_CORE_9,SEQUENCE_RIDGE_FULL,0.01,PMC11328176_CORE_1,0.6673387096774194,1.0
T246_OUTER_06,PMC11328176_CORE_9,SEQUENCE_RIDGE_FULL,0.01,PMC11328176_CORE_11,0.2959830866807611,1.0
T246_OUTER_06,PMC11328176_CORE_9,SEQUENCE_RIDGE_FULL,0.01,PMC11328176_CORE_13,0.6136363636363636,1.0
T246_OUTER_06,PMC11328176_CORE_9,SEQUENCE_RIDGE_FULL,0.01,PMC11328176_CORE_2,0.5757020757020757,1.0
T246_OUTER_06,PMC11328176_CORE_9,SEQUENCE_RIDGE_FULL,0.01,PMC11328176_CORE_3,0.8090909090909091,1.0
T246_OUTER_06,PMC11328176_CORE_9,SEQUENCE_RIDGE_FULL,0.01,__MEAN__,0.5923502289575058,1.0
T246_OUTER_06,PMC11328176_CORE_9,SEQUENCE_RIDGE_FULL,0.1,PMC11328176_CORE_1,0.6673387096774194,1.0
T246_OUTER_06,PMC11328176_CORE_9,SEQUENCE_RIDGE_FULL,0.1,PMC11328176_CORE_11,0.31106412966878083,1.0
T246_OUTER_06,PMC11328176_CORE_9,SEQUENCE_RIDGE_FULL,0.1,PMC11328176_CORE_13,0.6136363636363636,1.0
T246_OUTER_06,PMC11328176_CORE_9,SEQUENCE_RIDGE_FULL,0.1,PMC11328176_CORE_2,0.5757020757020757,1.0
T246_OUTER_06,PMC11328176_CORE_9,SEQUENCE_RIDGE_FULL,0.1,PMC11328176_CORE_3,0.8090909090909091,1.0
T246_OUTER_06,PMC11328176_CORE_9,SEQUENCE_RIDGE_FULL,0.1,__MEAN__,0.5953664375551097,1.0
T246_OUTER_06,PMC11328176_CORE_9,SEQUENCE_RIDGE_FULL,1.0,PMC11328176_CORE_1,0.6673387096774194,1.0
T246_OUTER_06,PMC11328176_CORE_9,SEQUENCE_RIDGE_FULL,1.0,PMC11328176_CORE_11,0.3295278365045807,1.0
T246_OUTER_06,PMC11328176_CORE_9,SEQUENCE_RIDGE_FULL,1.0,PMC11328176_CORE_13,0.6213343108504399,1.0
T246_OUTER_06,PMC11328176_CORE_9,SEQUENCE_RIDGE_FULL,1.0,PMC11328176_CORE_2,0.5732600732600732,1.0
T246_OUTER_06,PMC11328176_CORE_9,SEQUENCE_RIDGE_FULL,1.0,PMC11328176_CORE_3,0.8090909090909091,1.0
T246_OUTER_06,PMC11328176_CORE_9,SEQUENCE_RIDGE_FULL,1.0,__MEAN__,0.6001103678766845,1.0
T246_OUTER_06,PMC11328176_CORE_9,SEQUENCE_RIDGE_FULL,10.0,PMC11328176_CORE_1,0.646774193548387,1.0
T246_OUTER_06,PMC11328176_CORE_9,SEQUENCE_RIDGE_FULL,10.0,PMC11328176_CORE_11,0.38407329105003524,1.0
T246_OUTER_06,PMC11328176_CORE_9,SEQUENCE_RIDGE_FULL,10.0,PMC11328176_CORE_13,0.6140029325513197,1.0
T246_OUTER_06,PMC11328176_CORE_9,SEQUENCE_RIDGE_FULL,10.0,PMC11328176_CORE_2,0.568986568986569,1.0
T246_OUTER_06,PMC11328176_CORE_9,SEQUENCE_RIDGE_FULL,10.0,PMC11328176_CORE_3,0.7545454545454545,1.0
T246_OUTER_06,PMC11328176_CORE_9,SEQUENCE_RIDGE_FULL,10.0,__MEAN__,0.5936764881363531,1.0
T246_OUTER_06,PMC11328176_CORE_9,SEQUENCE_RIDGE_FULL,100.0,PMC11328176_CORE_1,0.660483870967742,1.0
T246_OUTER_06,PMC11328176_CORE_9,SEQUENCE_RIDGE_FULL,100.0,PMC11328176_CORE_11,0.31994362226920364,1.0
T246_OUTER_06,PMC11328176_CORE_9,SEQUENCE_RIDGE_FULL,100.0,PMC11328176_CORE_13,0.6103372434017595,1.0
T246_OUTER_06,PMC11328176_CORE_9,SEQUENCE_RIDGE_FULL,100.0,PMC11328176_CORE_2,0.5793650793650794,1.0
T246_OUTER_06,PMC11328176_CORE_9,SEQUENCE_RIDGE_FULL,100.0,PMC11328176_CORE_3,0.7,1.0
T246_OUTER_06,PMC11328176_CORE_9,SEQUENCE_RIDGE_FULL,100.0,__MEAN__,0.5740259632007569,1.0
T246_OUTER_06,PMC11328176_CORE_9,SEQUENCE_RIDGE_COMPOSITION_ONLY,0.01,PMC11328176_CORE_1,0.5903225806451613,0.01
T246_OUTER_06,PMC11328176_CORE_9,SEQUENCE_RIDGE_COMPOSITION_ONLY,0.01,PMC11328176_CORE_11,0.29725158562367865,0.01
T246_OUTER_06,PMC11328176_CORE_9,SEQUENCE_RIDGE_COMPOSITION_ONLY,0.01,PMC11328176_CORE_13,0.5527859237536656,0.01
T246_OUTER_06,PMC11328176_CORE_9,SEQUENCE_RIDGE_COMPOSITION_ONLY,0.01,PMC11328176_CORE_2,0.5177045177045178,0.01
T246_OUTER_06,PMC11328176_CORE_9,SEQUENCE_RIDGE_COMPOSITION_ONLY,0.01,PMC11328176_CORE_3,0.6454545454545455,0.01
T246_OUTER_06,PMC11328176_CORE_9,SEQUENCE_RIDGE_COMPOSITION_ONLY,0.01,__MEAN__,0.5207038306363138,0.01
T246_OUTER_06,PMC11328176_CORE_9,SEQUENCE_RIDGE_COMPOSITION_ONLY,0.1,PMC11328176_CORE_1,0.5903225806451613,0.01
T246_OUTER_06,PMC11328176_CORE_9,SEQUENCE_RIDGE_COMPOSITION_ONLY,0.1,PMC11328176_CORE_11,0.2966878083157153,0.01
T246_OUTER_06,PMC11328176_CORE_9,SEQUENCE_RIDGE_COMPOSITION_ONLY,0.1,PMC11328176_CORE_13,0.5527859237536656,0.01
T246_OUTER_06,PMC11328176_CORE_9,SEQUENCE_RIDGE_COMPOSITION_ONLY,0.1,PMC11328176_CORE_2,0.5177045177045178,0.01
T246_OUTER_06,PMC11328176_CORE_9,SEQUENCE_RIDGE_COMPOSITION_ONLY,0.1,PMC11328176_CORE_3,0.6454545454545455,0.01
T246_OUTER_06,PMC11328176_CORE_9,SEQUENCE_RIDGE_COMPOSITION_ONLY,0.1,__MEAN__,0.520591075174721,0.01
T246_OUTER_06,PMC11328176_CORE_9,SEQUENCE_RIDGE_COMPOSITION_ONLY,1.0,PMC11328176_CORE_1,0.6,0.01
T246_OUTER_06,PMC11328176_CORE_9,SEQUENCE_RIDGE_COMPOSITION_ONLY,1.0,PMC11328176_CORE_11,0.29640591966173363,0.01
T246_OUTER_06,PMC11328176_CORE_9,SEQUENCE_RIDGE_COMPOSITION_ONLY,1.0,PMC11328176_CORE_13,0.5447214076246334,0.01
T246_OUTER_06,PMC11328176_CORE_9,SEQUENCE_RIDGE_COMPOSITION_ONLY,1.0,PMC11328176_CORE_2,0.5134310134310134,0.01
T246_OUTER_06,PMC11328176_CORE_9,SEQUENCE_RIDGE_COMPOSITION_ONLY,1.0,PMC11328176_CORE_3,0.6454545454545455,0.01
T246_OUTER_06,PMC11328176_CORE_9,SEQUENCE_RIDGE_COMPOSITION_ONLY,1.0,__MEAN__,0.5200025772343851,0.01
T246_OUTER_06,PMC11328176_CORE_9,SEQUENCE_RIDGE_COMPOSITION_ONLY,10.0,PMC11328176_CORE_1,0.5971774193548387,0.01
T246_OUTER_06,PMC11328176_CORE_9,SEQUENCE_RIDGE_COMPOSITION_ONLY,10.0,PMC11328176_CORE_11,0.3227625088090204,0.01
T246_OUTER_06,PMC11328176_CORE_9,SEQUENCE_RIDGE_COMPOSITION_ONLY,10.0,PMC11328176_CORE_13,0.5285923753665689,0.01
T246_OUTER_06,PMC11328176_CORE_9,SEQUENCE_RIDGE_COMPOSITION_ONLY,10.0,PMC11328176_CORE_2,0.5244200244200244,0.01
T246_OUTER_06,PMC11328176_CORE_9,SEQUENCE_RIDGE_COMPOSITION_ONLY,10.0,PMC11328176_CORE_3,0.6181818181818182,0.01
T246_OUTER_06,PMC11328176_CORE_9,SEQUENCE_RIDGE_COMPOSITION_ONLY,10.0,__MEAN__,0.5182268292264541,0.01
T246_OUTER_06,PMC11328176_CORE_9,SEQUENCE_RIDGE_COMPOSITION_ONLY,100.0,PMC11328176_CORE_1,0.5443548387096774,0.01
T246_OUTER_06,PMC11328176_CORE_9,SEQUENCE_RIDGE_COMPOSITION_ONLY,100.0,PMC11328176_CORE_11,0.1890063424947146,0.01
T246_OUTER_06,PMC11328176_CORE_9,SEQUENCE_RIDGE_COMPOSITION_ONLY,100.0,PMC11328176_CORE_13,0.5069648093841642,0.01
T246_OUTER_06,PMC11328176_CORE_9,SEQUENCE_RIDGE_COMPOSITION_ONLY,100.0,PMC11328176_CORE_2,0.5561660561660562,0.01
T246_OUTER_06,PMC11328176_CORE_9,SEQUENCE_RIDGE_COMPOSITION_ONLY,100.0,PMC11328176_CORE_3,0.5545454545454546,0.01
T246_OUTER_06,PMC11328176_CORE_9,SEQUENCE_RIDGE_COMPOSITION_ONLY,100.0,__MEAN__,0.4702075002600134,0.01
