outer_fold_id,held_out_core,model_id,target_observation_id,canonical_accession,observed_rank_percentile_descending,predicted_rank_percentile_descending
T246_OUTER_01,PMC11328176_CORE_1,CONSTANT_TRAINING_MEAN,T246_04be82c2ff46b0def04f,P11166,0.6764705882352942,0.4547565368497462
T246_OUTER_01,PMC11328176_CORE_1,CONSTANT_TRAINING_MEAN,T246_0b74b4945d673979f03a,P68366,0.8455882352941176,0.4547565368497462
T246_OUTER_01,PMC11328176_CORE_1,CONSTANT_TRAINING_MEAN,T246_16a314f17739bebe251b,P61106,0.022058823529411766,0.4547565368497462
T246_OUTER_01,PMC11328176_CORE_1,CONSTANT_TRAINING_MEAN,T246_1ed0ddfc6dc1ff3ca402,Q7Z406,0.5294117647058824,0.4547565368497462
T246_OUTER_01,PMC11328176_CORE_1,CONSTANT_TRAINING_MEAN,T246_2a62059df265def61d57,P06396,0.7904411764705882,0.4547565368497462
T246_OUTER_01,PMC11328176_CORE_1,CONSTANT_TRAINING_MEAN,T246_2c19d60e388d2030837d,P52907,0.1801470588235294,0.4547565368497462
T246_OUTER_01,PMC11328176_CORE_1,CONSTANT_TRAINING_MEAN,T246_39a7e3342aa9d2c61ba6,P30041,0.15073529411764705,0.4547565368497462
T246_OUTER_01,PMC11328176_CORE_1,CONSTANT_TRAINING_MEAN,T246_3d197e0327d35fb04ea6,P11021,0.38235294117647056,0.4547565368497462
T246_OUTER_01,PMC11328176_CORE_1,CONSTANT_TRAINING_MEAN,T246_4053cf1a64b3dbdefe20,P10809,0.19117647058823528,0.4547565368497462
T246_OUTER_01,PMC11328176_CORE_1,CONSTANT_TRAINING_MEAN,T246_4c2f35fcd76a00662e9a,P00387,0.1323529411764706,0.4547565368497462
T246_OUTER_01,PMC11328176_CORE_1,CONSTANT_TRAINING_MEAN,T246_746abc328fd77e53578f,O00151,0.08823529411764706,0.4547565368497462
T246_OUTER_01,PMC11328176_CORE_1,CONSTANT_TRAINING_MEAN,T246_74daed865d182e2d705b,P45880,0.22058823529411764,0.4547565368497462
T246_OUTER_01,PMC11328176_CORE_1,CONSTANT_TRAINING_MEAN,T246_79f49712333bc9300aca,Q27J81,0.2757352941176471,0.4547565368497462
T246_OUTER_01,PMC11328176_CORE_1,CONSTANT_TRAINING_MEAN,T246_7b62313f0c47044a94b0,P05556,0.43014705882352944,0.4547565368497462
T246_OUTER_01,PMC11328176_CORE_1,CONSTANT_TRAINING_MEAN,T246_816aa80d006096e72825,P21796,0.3014705882352941,0.4547565368497462
T246_OUTER_01,PMC11328176_CORE_1,CONSTANT_TRAINING_MEAN,T246_839ccef6d26ff199579e,Q9NY65,0.3639705882352941,0.4547565368497462
T246_OUTER_01,PMC11328176_CORE_1,CONSTANT_TRAINING_MEAN,T246_8792638c9a356010ccc3,Q93084,0.6029411764705882,0.4547565368497462
T246_OUTER_01,PMC11328176_CORE_1,CONSTANT_TRAINING_MEAN,T246_88205665b07d539a03e2,P26038,0.18382352941176472,0.4547565368497462
T246_OUTER_01,PMC11328176_CORE_1,CONSTANT_TRAINING_MEAN,T246_88f3ccf561ed79a9eab6,P16615,0.5073529411764706,0.4547565368497462
T246_OUTER_01,PMC11328176_CORE_1,CONSTANT_TRAINING_MEAN,T246_956892c7c8a4bbd61a32,O00187,0.5404411764705882,0.4547565368497462
T246_OUTER_01,PMC11328176_CORE_1,CONSTANT_TRAINING_MEAN,T246_9b5af3d533cd7750dc5e,P55072,0.09191176470588236,0.4547565368497462
T246_OUTER_01,PMC11328176_CORE_1,CONSTANT_TRAINING_MEAN,T246_b035570a2ea747961c5c,Q9H4B7,0.8308823529411765,0.4547565368497462
T246_OUTER_01,PMC11328176_CORE_1,CONSTANT_TRAINING_MEAN,T246_c109e4d017356547ea02,P07996,0.8713235294117647,0.4547565368497462
T246_OUTER_01,PMC11328176_CORE_1,CONSTANT_TRAINING_MEAN,T246_c291b0c89576bd346687,P06576,0.5661764705882353,0.4547565368497462
T246_OUTER_01,PMC11328176_CORE_1,CONSTANT_TRAINING_MEAN,T246_c4c471387fd7687d32f6,O00299,0.2867647058823529,0.4547565368497462
T246_OUTER_01,PMC11328176_CORE_1,CONSTANT_TRAINING_MEAN,T246_debabba43db6a7671933,Q9HDC9,0.5441176470588235,0.4547565368497462
T246_OUTER_01,PMC11328176_CORE_1,CONSTANT_TRAINING_MEAN,T246_e30b115dcf6cd230a0a5,P04264,0.8235294117647058,0.4547565368497462
T246_OUTER_01,PMC11328176_CORE_1,CONSTANT_TRAINING_MEAN,T246_ec789d9945742912b79e,P61026,0.39705882352941174,0.4547565368497462
T246_OUTER_01,PMC11328176_CORE_1,CONSTANT_TRAINING_MEAN,T246_ef0b9c7d4a626dc9592c,P04844,0.09558823529411764,0.4547565368497462
T246_OUTER_01,PMC11328176_CORE_1,CONSTANT_TRAINING_MEAN,T246_f38a1b8c7ae3eefe4dbb,P04004,0.9301470588235294,0.4547565368497462
T246_OUTER_01,PMC11328176_CORE_1,CONSTANT_TRAINING_MEAN,T246_ff9108a4a919e4ffb32e,P24844,0.6948529411764706,0.4547565368497462
T246_OUTER_01,PMC11328176_CORE_1,SEQUENCE_RIDGE_FULL,T246_04be82c2ff46b0def04f,P11166,0.6764705882352942,0.6025268592156259
T246_OUTER_01,PMC11328176_CORE_1,SEQUENCE_RIDGE_FULL,T246_0b74b4945d673979f03a,P68366,0.8455882352941176,0.5831793183376647
T246_OUTER_01,PMC11328176_CORE_1,SEQUENCE_RIDGE_FULL,T246_16a314f17739bebe251b,P61106,0.022058823529411766,0.45713846405833736
T246_OUTER_01,PMC11328176_CORE_1,SEQUENCE_RIDGE_FULL,T246_1ed0ddfc6dc1ff3ca402,Q7Z406,0.5294117647058824,0.48046301513830786
T246_OUTER_01,PMC11328176_CORE_1,SEQUENCE_RIDGE_FULL,T246_2a62059df265def61d57,P06396,0.7904411764705882,0.5481177060288336
T246_OUTER_01,PMC11328176_CORE_1,SEQUENCE_RIDGE_FULL,T246_2c19d60e388d2030837d,P52907,0.1801470588235294,0.5038886281582519
T246_OUTER_01,PMC11328176_CORE_1,SEQUENCE_RIDGE_FULL,T246_39a7e3342aa9d2c61ba6,P30041,0.15073529411764705,0.33659051190913103
T246_OUTER_01,PMC11328176_CORE_1,SEQUENCE_RIDGE_FULL,T246_3d197e0327d35fb04ea6,P11021,0.38235294117647056,0.4083585520406633
T246_OUTER_01,PMC11328176_CORE_1,SEQUENCE_RIDGE_FULL,T246_4053cf1a64b3dbdefe20,P10809,0.19117647058823528,0.2974495857402639
T246_OUTER_01,PMC11328176_CORE_1,SEQUENCE_RIDGE_FULL,T246_4c2f35fcd76a00662e9a,P00387,0.1323529411764706,0.41379907324309645
T246_OUTER_01,PMC11328176_CORE_1,SEQUENCE_RIDGE_FULL,T246_746abc328fd77e53578f,O00151,0.08823529411764706,0.4051077487714856
T246_OUTER_01,PMC11328176_CORE_1,SEQUENCE_RIDGE_FULL,T246_74daed865d182e2d705b,P45880,0.22058823529411764,0.35878370763569134
T246_OUTER_01,PMC11328176_CORE_1,SEQUENCE_RIDGE_FULL,T246_79f49712333bc9300aca,Q27J81,0.2757352941176471,0.3791814613531487
T246_OUTER_01,PMC11328176_CORE_1,SEQUENCE_RIDGE_FULL,T246_7b62313f0c47044a94b0,P05556,0.43014705882352944,0.5537220089475455
T246_OUTER_01,PMC11328176_CORE_1,SEQUENCE_RIDGE_FULL,T246_816aa80d006096e72825,P21796,0.3014705882352941,0.4038130637291569
T246_OUTER_01,PMC11328176_CORE_1,SEQUENCE_RIDGE_FULL,T246_839ccef6d26ff199579e,Q9NY65,0.3639705882352941,0.5484358598470894
T246_OUTER_01,PMC11328176_CORE_1,SEQUENCE_RIDGE_FULL,T246_8792638c9a356010ccc3,Q93084,0.6029411764705882,0.5015257529648391
T246_OUTER_01,PMC11328176_CORE_1,SEQUENCE_RIDGE_FULL,T246_88205665b07d539a03e2,P26038,0.18382352941176472,0.18556225542416901
T246_OUTER_01,PMC11328176_CORE_1,SEQUENCE_RIDGE_FULL,T246_88f3ccf561ed79a9eab6,P16615,0.5073529411764706,0.5078418245008406
T246_OUTER_01,PMC11328176_CORE_1,SEQUENCE_RIDGE_FULL,T246_956892c7c8a4bbd61a32,O00187,0.5404411764705882,0.5352310543243519
T246_OUTER_01,PMC11328176_CORE_1,SEQUENCE_RIDGE_FULL,T246_9b5af3d533cd7750dc5e,P55072,0.09191176470588236,0.5159924215384079
T246_OUTER_01,PMC11328176_CORE_1,SEQUENCE_RIDGE_FULL,T246_b035570a2ea747961c5c,Q9H4B7,0.8308823529411765,0.6133276602892979
T246_OUTER_01,PMC11328176_CORE_1,SEQUENCE_RIDGE_FULL,T246_c109e4d017356547ea02,P07996,0.8713235294117647,0.7430765484317464
T246_OUTER_01,PMC11328176_CORE_1,SEQUENCE_RIDGE_FULL,T246_c291b0c89576bd346687,P06576,0.5661764705882353,0.46768887068627363
T246_OUTER_01,PMC11328176_CORE_1,SEQUENCE_RIDGE_FULL,T246_c4c471387fd7687d32f6,O00299,0.2867647058823529,0.40915717101626525
T246_OUTER_01,PMC11328176_CORE_1,SEQUENCE_RIDGE_FULL,T246_debabba43db6a7671933,Q9HDC9,0.5441176470588235,0.5437597070182771
T246_OUTER_01,PMC11328176_CORE_1,SEQUENCE_RIDGE_FULL,T246_e30b115dcf6cd230a0a5,P04264,0.8235294117647058,0.7282952769911396
T246_OUTER_01,PMC11328176_CORE_1,SEQUENCE_RIDGE_FULL,T246_ec789d9945742912b79e,P61026,0.39705882352941174,0.21917770444480555
T246_OUTER_01,PMC11328176_CORE_1,SEQUENCE_RIDGE_FULL,T246_ef0b9c7d4a626dc9592c,P04844,0.09558823529411764,0.38785154437179875
T246_OUTER_01,PMC11328176_CORE_1,SEQUENCE_RIDGE_FULL,T246_f38a1b8c7ae3eefe4dbb,P04004,0.9301470588235294,0.6496708254829568
T246_OUTER_01,PMC11328176_CORE_1,SEQUENCE_RIDGE_FULL,T246_ff9108a4a919e4ffb32e,P24844,0.6948529411764706,0.46261549136078756
T246_OUTER_01,PMC11328176_CORE_1,SEQUENCE_RIDGE_COMPOSITION_ONLY,T246_04be82c2ff46b0def04f,P11166,0.6764705882352942,0.6031116656999741
T246_OUTER_01,PMC11328176_CORE_1,SEQUENCE_RIDGE_COMPOSITION_ONLY,T246_0b74b4945d673979f03a,P68366,0.8455882352941176,0.5919579926458486
T246_OUTER_01,PMC11328176_CORE_1,SEQUENCE_RIDGE_COMPOSITION_ONLY,T246_16a314f17739bebe251b,P61106,0.022058823529411766,0.4706739511563024
T246_OUTER_01,PMC11328176_CORE_1,SEQUENCE_RIDGE_COMPOSITION_ONLY,T246_1ed0ddfc6dc1ff3ca402,Q7Z406,0.5294117647058824,0.3443964526653686
T246_OUTER_01,PMC11328176_CORE_1,SEQUENCE_RIDGE_COMPOSITION_ONLY,T246_2a62059df265def61d57,P06396,0.7904411764705882,0.5176301649458888
T246_OUTER_01,PMC11328176_CORE_1,SEQUENCE_RIDGE_COMPOSITION_ONLY,T246_2c19d60e388d2030837d,P52907,0.1801470588235294,0.5342386878189926
T246_OUTER_01,PMC11328176_CORE_1,SEQUENCE_RIDGE_COMPOSITION_ONLY,T246_39a7e3342aa9d2c61ba6,P30041,0.15073529411764705,0.3762023192263223
T246_OUTER_01,PMC11328176_CORE_1,SEQUENCE_RIDGE_COMPOSITION_ONLY,T246_3d197e0327d35fb04ea6,P11021,0.38235294117647056,0.406238427706304
T246_OUTER_01,PMC11328176_CORE_1,SEQUENCE_RIDGE_COMPOSITION_ONLY,T246_4053cf1a64b3dbdefe20,P10809,0.19117647058823528,0.30653357442835977
T246_OUTER_01,PMC11328176_CORE_1,SEQUENCE_RIDGE_COMPOSITION_ONLY,T246_4c2f35fcd76a00662e9a,P00387,0.1323529411764706,0.41048144819797805
T246_OUTER_01,PMC11328176_CORE_1,SEQUENCE_RIDGE_COMPOSITION_ONLY,T246_746abc328fd77e53578f,O00151,0.08823529411764706,0.45196408274928185
T246_OUTER_01,PMC11328176_CORE_1,SEQUENCE_RIDGE_COMPOSITION_ONLY,T246_74daed865d182e2d705b,P45880,0.22058823529411764,0.3488692000292669
T246_OUTER_01,PMC11328176_CORE_1,SEQUENCE_RIDGE_COMPOSITION_ONLY,T246_79f49712333bc9300aca,Q27J81,0.2757352941176471,0.3303594744990146
T246_OUTER_01,PMC11328176_CORE_1,SEQUENCE_RIDGE_COMPOSITION_ONLY,T246_7b62313f0c47044a94b0,P05556,0.43014705882352944,0.5722436353683057
T246_OUTER_01,PMC11328176_CORE_1,SEQUENCE_RIDGE_COMPOSITION_ONLY,T246_816aa80d006096e72825,P21796,0.3014705882352941,0.3673195475734412
T246_OUTER_01,PMC11328176_CORE_1,SEQUENCE_RIDGE_COMPOSITION_ONLY,T246_839ccef6d26ff199579e,Q9NY65,0.3639705882352941,0.5605693509763937
T246_OUTER_01,PMC11328176_CORE_1,SEQUENCE_RIDGE_COMPOSITION_ONLY,T246_8792638c9a356010ccc3,Q93084,0.6029411764705882,0.4767541376760492
T246_OUTER_01,PMC11328176_CORE_1,SEQUENCE_RIDGE_COMPOSITION_ONLY,T246_88205665b07d539a03e2,P26038,0.18382352941176472,0.18010670611716845
T246_OUTER_01,PMC11328176_CORE_1,SEQUENCE_RIDGE_COMPOSITION_ONLY,T246_88f3ccf561ed79a9eab6,P16615,0.5073529411764706,0.46078830402021387
T246_OUTER_01,PMC11328176_CORE_1,SEQUENCE_RIDGE_COMPOSITION_ONLY,T246_956892c7c8a4bbd61a32,O00187,0.5404411764705882,0.4906002017634536
T246_OUTER_01,PMC11328176_CORE_1,SEQUENCE_RIDGE_COMPOSITION_ONLY,T246_9b5af3d533cd7750dc5e,P55072,0.09191176470588236,0.512088931005674
T246_OUTER_01,PMC11328176_CORE_1,SEQUENCE_RIDGE_COMPOSITION_ONLY,T246_b035570a2ea747961c5c,Q9H4B7,0.8308823529411765,0.6374627664798606
T246_OUTER_01,PMC11328176_CORE_1,SEQUENCE_RIDGE_COMPOSITION_ONLY,T246_c109e4d017356547ea02,P07996,0.8713235294117647,0.7206331905977612
T246_OUTER_01,PMC11328176_CORE_1,SEQUENCE_RIDGE_COMPOSITION_ONLY,T246_c291b0c89576bd346687,P06576,0.5661764705882353,0.4734189683763441
T246_OUTER_01,PMC11328176_CORE_1,SEQUENCE_RIDGE_COMPOSITION_ONLY,T246_c4c471387fd7687d32f6,O00299,0.2867647058823529,0.46403337917249143
T246_OUTER_01,PMC11328176_CORE_1,SEQUENCE_RIDGE_COMPOSITION_ONLY,T246_debabba43db6a7671933,Q9HDC9,0.5441176470588235,0.5862754378478836
T246_OUTER_01,PMC11328176_CORE_1,SEQUENCE_RIDGE_COMPOSITION_ONLY,T246_e30b115dcf6cd230a0a5,P04264,0.8235294117647058,0.7253832836197481
T246_OUTER_01,PMC11328176_CORE_1,SEQUENCE_RIDGE_COMPOSITION_ONLY,T246_ec789d9945742912b79e,P61026,0.39705882352941174,0.23389790320648113
T246_OUTER_01,PMC11328176_CORE_1,SEQUENCE_RIDGE_COMPOSITION_ONLY,T246_ef0b9c7d4a626dc9592c,P04844,0.09558823529411764,0.3653461583320321
T246_OUTER_01,PMC11328176_CORE_1,SEQUENCE_RIDGE_COMPOSITION_ONLY,T246_f38a1b8c7ae3eefe4dbb,P04004,0.9301470588235294,0.6615828378362171
T246_OUTER_01,PMC11328176_CORE_1,SEQUENCE_RIDGE_COMPOSITION_ONLY,T246_ff9108a4a919e4ffb32e,P24844,0.6948529411764706,0.4402626774164705
T246_OUTER_02,PMC11328176_CORE_11,CONSTANT_TRAINING_MEAN,T246_0366a067b0aa8a66e28c,P61106,0.3888888888888889,0.438539144725528
T246_OUTER_02,PMC11328176_CORE_11,CONSTANT_TRAINING_MEAN,T246_0ad4c331678d0ae58bce,P50991,0.09375,0.438539144725528
T246_OUTER_02,PMC11328176_CORE_11,CONSTANT_TRAINING_MEAN,T246_0dc01ce5abb0e85b1648,P05023,0.3506944444444444,0.438539144725528
T246_OUTER_02,PMC11328176_CORE_11,CONSTANT_TRAINING_MEAN,T246_17a990e8bf50602b332a,Q9NQC3,0.7430555555555556,0.438539144725528
T246_OUTER_02,PMC11328176_CORE_11,CONSTANT_TRAINING_MEAN,T246_1a954304ed85be2dcaaf,P52907,0.578125,0.438539144725528
T246_OUTER_02,PMC11328176_CORE_11,CONSTANT_TRAINING_MEAN,T246_1e9bfd74827c4bc69125,P30101,0.6354166666666666,0.438539144725528
T246_OUTER_02,PMC11328176_CORE_11,CONSTANT_TRAINING_MEAN,T246_1fdce1e54723b1e8f7c4,P61981,0.3454861111111111,0.438539144725528
T246_OUTER_02,PMC11328176_CORE_11,CONSTANT_TRAINING_MEAN,T246_224533135ffdb26306b9,Q04695,0.06076388888888889,0.438539144725528
T246_OUTER_02,PMC11328176_CORE_11,CONSTANT_TRAINING_MEAN,T246_25041aed273a0aa1c6eb,P21796,0.7447916666666666,0.438539144725528
T246_OUTER_02,PMC11328176_CORE_11,CONSTANT_TRAINING_MEAN,T246_2fe21a380a724d3a22f4,P04004,0.9600694444444444,0.438539144725528
T246_OUTER_02,PMC11328176_CORE_11,CONSTANT_TRAINING_MEAN,T246_31fbd95eb86f9e9cfa45,P30041,0.5572916666666666,0.438539144725528
T246_OUTER_02,PMC11328176_CORE_11,CONSTANT_TRAINING_MEAN,T246_340a8c5dadbbd1fd259a,P50990,0.2621527777777778,0.438539144725528
T246_OUTER_02,PMC11328176_CORE_11,CONSTANT_TRAINING_MEAN,T246_34f627b41156981d928c,O00299,0.6197916666666666,0.438539144725528
T246_OUTER_02,PMC11328176_CORE_11,CONSTANT_TRAINING_MEAN,T246_36c08a41fc6641f087b5,P16615,0.6979166666666666,0.438539144725528
T246_OUTER_02,PMC11328176_CORE_11,CONSTANT_TRAINING_MEAN,T246_44c8affb3bc6b56a6232,P27348,0.5538194444444444,0.438539144725528
T246_OUTER_02,PMC11328176_CORE_11,CONSTANT_TRAINING_MEAN,T246_4b8287b488b318143b93,Q14247,0.21006944444444445,0.438539144725528
T246_OUTER_02,PMC11328176_CORE_11,CONSTANT_TRAINING_MEAN,T246_547d89da710e9fff783b,Q93084,0.8524305555555556,0.438539144725528
T246_OUTER_02,PMC11328176_CORE_11,CONSTANT_TRAINING_MEAN,T246_59d0b547cdcc7108231e,Q9H4B7,0.9166666666666666,0.438539144725528
T246_OUTER_02,PMC11328176_CORE_11,CONSTANT_TRAINING_MEAN,T246_5d4c55fa91c08edc42c3,P68366,0.9322916666666666,0.438539144725528
T246_OUTER_02,PMC11328176_CORE_11,CONSTANT_TRAINING_MEAN,T246_6073be327648903edaa0,Q16762,0.20833333333333334,0.438539144725528
T246_OUTER_02,PMC11328176_CORE_11,CONSTANT_TRAINING_MEAN,T246_66e65c27ed2fd566bdb1,O00264,0.1909722222222222,0.438539144725528
T246_OUTER_02,PMC11328176_CORE_11,CONSTANT_TRAINING_MEAN,T246_68f9d6ea091d81f351a6,P26038,0.75,0.438539144725528
T246_OUTER_02,PMC11328176_CORE_11,CONSTANT_TRAINING_MEAN,T246_6b442cc53e5c04b18745,Q15365,0.3663194444444444,0.438539144725528
T246_OUTER_02,PMC11328176_CORE_11,CONSTANT_TRAINING_MEAN,T246_7069ea14c960ca932026,P49411,0.10069444444444445,0.438539144725528
T246_OUTER_02,PMC11328176_CORE_11,CONSTANT_TRAINING_MEAN,T246_7142c4bfe55c1babf523,Q86VP6,0.19444444444444445,0.438539144725528
T246_OUTER_02,PMC11328176_CORE_11,CONSTANT_TRAINING_MEAN,T246_7db1d34dac3e00da90b8,P07996,0.9409722222222222,0.438539144725528
T246_OUTER_02,PMC11328176_CORE_11,CONSTANT_TRAINING_MEAN,T246_7dc6097747e2e406ce04,Q70J99,0.21354166666666666,0.438539144725528
T246_OUTER_02,PMC11328176_CORE_11,CONSTANT_TRAINING_MEAN,T246_89aedb05e547ea78afa6,P04264,0.9427083333333334,0.438539144725528
T246_OUTER_02,PMC11328176_CORE_11,CONSTANT_TRAINING_MEAN,T246_a0a037ab532f1b3d112b,Q8TC12,0.4600694444444444,0.438539144725528
T246_OUTER_02,PMC11328176_CORE_11,CONSTANT_TRAINING_MEAN,T246_a33627752676d4060580,P24844,0.5868055555555556,0.438539144725528
T246_OUTER_02,PMC11328176_CORE_11,CONSTANT_TRAINING_MEAN,T246_af4fd938300b3c114c8c,P13796,0.2152777777777778,0.438539144725528
T246_OUTER_02,PMC11328176_CORE_11,CONSTANT_TRAINING_MEAN,T246_b7bc3e971b7342dfb429,Q9BSJ8,0.3993055555555556,0.438539144725528
T246_OUTER_02,PMC11328176_CORE_11,CONSTANT_TRAINING_MEAN,T246_bcf1196f8c978c96e25c,P11021,0.6180555555555556,0.438539144725528
T246_OUTER_02,PMC11328176_CORE_11,CONSTANT_TRAINING_MEAN,T246_c79d4c584e900f412673,Q9HDC9,0.7204861111111112,0.438539144725528
T246_OUTER_02,PMC11328176_CORE_11,CONSTANT_TRAINING_MEAN,T246_c7a399899893476ae914,P11166,0.8350694444444444,0.438539144725528
T246_OUTER_02,PMC11328176_CORE_11,CONSTANT_TRAINING_MEAN,T246_cb65c3fe80f2b98ac5a8,P06576,0.8020833333333334,0.438539144725528
T246_OUTER_02,PMC11328176_CORE_11,CONSTANT_TRAINING_MEAN,T246_ce5cdbb6f9f7f78599cf,Q16643,0.3802083333333333,0.438539144725528
T246_OUTER_02,PMC11328176_CORE_11,CONSTANT_TRAINING_MEAN,T246_d12d5031700f9c4dd649,O00151,0.2604166666666667,0.438539144725528
T246_OUTER_02,PMC11328176_CORE_11,CONSTANT_TRAINING_MEAN,T246_dcb6ab39df05423d9322,P26641,0.4166666666666667,0.438539144725528
T246_OUTER_02,PMC11328176_CORE_11,CONSTANT_TRAINING_MEAN,T246_e33c9086b4a573972dea,Q15084,0.1267361111111111,0.438539144725528
T246_OUTER_02,PMC11328176_CORE_11,CONSTANT_TRAINING_MEAN,T246_f2f03570294832b9a823,P30048,0.3628472222222222,0.438539144725528
T246_OUTER_02,PMC11328176_CORE_11,CONSTANT_TRAINING_MEAN,T246_f32ca403f6184a81f89d,P62805,0.19791666666666666,0.438539144725528
T246_OUTER_02,PMC11328176_CORE_11,CONSTANT_TRAINING_MEAN,T246_f675279678a50794c615,P55072,0.703125,0.438539144725528
T246_OUTER_02,PMC11328176_CORE_11,CONSTANT_TRAINING_MEAN,T246_f6af8d4f4f74e814a0d6,P04844,0.5416666666666666,0.438539144725528
T246_OUTER_02,PMC11328176_CORE_11,SEQUENCE_RIDGE_FULL,T246_0366a067b0aa8a66e28c,P61106,0.3888888888888889,0.3713490158606661
T246_OUTER_02,PMC11328176_CORE_11,SEQUENCE_RIDGE_FULL,T246_0ad4c331678d0ae58bce,P50991,0.09375,0.03986540644930377
T246_OUTER_02,PMC11328176_CORE_11,SEQUENCE_RIDGE_FULL,T246_0dc01ce5abb0e85b1648,P05023,0.3506944444444444,0.46804048665375597
T246_OUTER_02,PMC11328176_CORE_11,SEQUENCE_RIDGE_FULL,T246_17a990e8bf50602b332a,Q9NQC3,0.7430555555555556,0.33083953395088705
T246_OUTER_02,PMC11328176_CORE_11,SEQUENCE_RIDGE_FULL,T246_1a954304ed85be2dcaaf,P52907,0.578125,0.41526371903034115
T246_OUTER_02,PMC11328176_CORE_11,SEQUENCE_RIDGE_FULL,T246_1e9bfd74827c4bc69125,P30101,0.6354166666666666,0.3435600795102475
T246_OUTER_02,PMC11328176_CORE_11,SEQUENCE_RIDGE_FULL,T246_1fdce1e54723b1e8f7c4,P61981,0.3454861111111111,0.3457417379191544
T246_OUTER_02,PMC11328176_CORE_11,SEQUENCE_RIDGE_FULL,T246_224533135ffdb26306b9,Q04695,0.06076388888888889,0.3635372746687848
T246_OUTER_02,PMC11328176_CORE_11,SEQUENCE_RIDGE_FULL,T246_25041aed273a0aa1c6eb,P21796,0.7447916666666666,0.3140920812537363
T246_OUTER_02,PMC11328176_CORE_11,SEQUENCE_RIDGE_FULL,T246_2fe21a380a724d3a22f4,P04004,0.9600694444444444,0.6596684395136115
T246_OUTER_02,PMC11328176_CORE_11,SEQUENCE_RIDGE_FULL,T246_31fbd95eb86f9e9cfa45,P30041,0.5572916666666666,0.2763314702397161
T246_OUTER_02,PMC11328176_CORE_11,SEQUENCE_RIDGE_FULL,T246_340a8c5dadbbd1fd259a,P50990,0.2621527777777778,0.35697082392795354
T246_OUTER_02,PMC11328176_CORE_11,SEQUENCE_RIDGE_FULL,T246_34f627b41156981d928c,O00299,0.6197916666666666,0.32788728462478656
T246_OUTER_02,PMC11328176_CORE_11,SEQUENCE_RIDGE_FULL,T246_36c08a41fc6641f087b5,P16615,0.6979166666666666,0.4851509429753961
T246_OUTER_02,PMC11328176_CORE_11,SEQUENCE_RIDGE_FULL,T246_44c8affb3bc6b56a6232,P27348,0.5538194444444444,0.1843815455485956
T246_OUTER_02,PMC11328176_CORE_11,SEQUENCE_RIDGE_FULL,T246_4b8287b488b318143b93,Q14247,0.21006944444444445,0.5376924271905258
T246_OUTER_02,PMC11328176_CORE_11,SEQUENCE_RIDGE_FULL,T246_547d89da710e9fff783b,Q93084,0.8524305555555556,0.4988669689885565
T246_OUTER_02,PMC11328176_CORE_11,SEQUENCE_RIDGE_FULL,T246_59d0b547cdcc7108231e,Q9H4B7,0.9166666666666666,0.6168311649560905
T246_OUTER_02,PMC11328176_CORE_11,SEQUENCE_RIDGE_FULL,T246_5d4c55fa91c08edc42c3,P68366,0.9322916666666666,0.5835537380158545
T246_OUTER_02,PMC11328176_CORE_11,SEQUENCE_RIDGE_FULL,T246_6073be327648903edaa0,Q16762,0.20833333333333334,0.5524593027266699
T246_OUTER_02,PMC11328176_CORE_11,SEQUENCE_RIDGE_FULL,T246_66e65c27ed2fd566bdb1,O00264,0.1909722222222222,0.39507720230758125
T246_OUTER_02,PMC11328176_CORE_11,SEQUENCE_RIDGE_FULL,T246_68f9d6ea091d81f351a6,P26038,0.75,0.1681359247083478
T246_OUTER_02,PMC11328176_CORE_11,SEQUENCE_RIDGE_FULL,T246_6b442cc53e5c04b18745,Q15365,0.3663194444444444,0.22216799388717717
T246_OUTER_02,PMC11328176_CORE_11,SEQUENCE_RIDGE_FULL,T246_7069ea14c960ca932026,P49411,0.10069444444444445,0.2849444542196633
T246_OUTER_02,PMC11328176_CORE_11,SEQUENCE_RIDGE_FULL,T246_7142c4bfe55c1babf523,Q86VP6,0.19444444444444445,0.17261115590906626
T246_OUTER_02,PMC11328176_CORE_11,SEQUENCE_RIDGE_FULL,T246_7db1d34dac3e00da90b8,P07996,0.9409722222222222,0.77914163342537
T246_OUTER_02,PMC11328176_CORE_11,SEQUENCE_RIDGE_FULL,T246_7dc6097747e2e406ce04,Q70J99,0.21354166666666666,0.26820771949202865
T246_OUTER_02,PMC11328176_CORE_11,SEQUENCE_RIDGE_FULL,T246_89aedb05e547ea78afa6,P04264,0.9427083333333334,0.7666127050517924
T246_OUTER_02,PMC11328176_CORE_11,SEQUENCE_RIDGE_FULL,T246_a0a037ab532f1b3d112b,Q8TC12,0.4600694444444444,0.14159113848157784
T246_OUTER_02,PMC11328176_CORE_11,SEQUENCE_RIDGE_FULL,T246_a33627752676d4060580,P24844,0.5868055555555556,0.45535352603336704
T246_OUTER_02,PMC11328176_CORE_11,SEQUENCE_RIDGE_FULL,T246_af4fd938300b3c114c8c,P13796,0.2152777777777778,0.4618686111226703
T246_OUTER_02,PMC11328176_CORE_11,SEQUENCE_RIDGE_FULL,T246_b7bc3e971b7342dfb429,Q9BSJ8,0.3993055555555556,0.4265366407313887
T246_OUTER_02,PMC11328176_CORE_11,SEQUENCE_RIDGE_FULL,T246_bcf1196f8c978c96e25c,P11021,0.6180555555555556,0.3441790716937913
T246_OUTER_02,PMC11328176_CORE_11,SEQUENCE_RIDGE_FULL,T246_c79d4c584e900f412673,Q9HDC9,0.7204861111111112,0.5531849895267898
T246_OUTER_02,PMC11328176_CORE_11,SEQUENCE_RIDGE_FULL,T246_c7a399899893476ae914,P11166,0.8350694444444444,0.5568742278401787
T246_OUTER_02,PMC11328176_CORE_11,SEQUENCE_RIDGE_FULL,T246_cb65c3fe80f2b98ac5a8,P06576,0.8020833333333334,0.4275095086708215
T246_OUTER_02,PMC11328176_CORE_11,SEQUENCE_RIDGE_FULL,T246_ce5cdbb6f9f7f78599cf,Q16643,0.3802083333333333,0.5539124183940771
T246_OUTER_02,PMC11328176_CORE_11,SEQUENCE_RIDGE_FULL,T246_d12d5031700f9c4dd649,O00151,0.2604166666666667,0.31397711080077084
T246_OUTER_02,PMC11328176_CORE_11,SEQUENCE_RIDGE_FULL,T246_dcb6ab39df05423d9322,P26641,0.4166666666666667,0.4665256050679423
T246_OUTER_02,PMC11328176_CORE_11,SEQUENCE_RIDGE_FULL,T246_e33c9086b4a573972dea,Q15084,0.1267361111111111,0.45903532797819996
T246_OUTER_02,PMC11328176_CORE_11,SEQUENCE_RIDGE_FULL,T246_f2f03570294832b9a823,P30048,0.3628472222222222,0.24263075072847648
T246_OUTER_02,PMC11328176_CORE_11,SEQUENCE_RIDGE_FULL,T246_f32ca403f6184a81f89d,P62805,0.19791666666666666,0.1535348088529821
T246_OUTER_02,PMC11328176_CORE_11,SEQUENCE_RIDGE_FULL,T246_f675279678a50794c615,P55072,0.703125,0.4658685559111958
T246_OUTER_02,PMC11328176_CORE_11,SEQUENCE_RIDGE_FULL,T246_f6af8d4f4f74e814a0d6,P04844,0.5416666666666666,0.2488595993034122
T246_OUTER_02,PMC11328176_CORE_11,SEQUENCE_RIDGE_COMPOSITION_ONLY,T246_0366a067b0aa8a66e28c,P61106,0.3888888888888889,0.3892555605791372
T246_OUTER_02,PMC11328176_CORE_11,SEQUENCE_RIDGE_COMPOSITION_ONLY,T246_0ad4c331678d0ae58bce,P50991,0.09375,0.08558196714039322
T246_OUTER_02,PMC11328176_CORE_11,SEQUENCE_RIDGE_COMPOSITION_ONLY,T246_0dc01ce5abb0e85b1648,P05023,0.3506944444444444,0.41588688871046176
T246_OUTER_02,PMC11328176_CORE_11,SEQUENCE_RIDGE_COMPOSITION_ONLY,T246_17a990e8bf50602b332a,Q9NQC3,0.7430555555555556,0.26401643987328194
T246_OUTER_02,PMC11328176_CORE_11,SEQUENCE_RIDGE_COMPOSITION_ONLY,T246_1a954304ed85be2dcaaf,P52907,0.578125,0.42712637937913733
T246_OUTER_02,PMC11328176_CORE_11,SEQUENCE_RIDGE_COMPOSITION_ONLY,T246_1e9bfd74827c4bc69125,P30101,0.6354166666666666,0.2813200858927183
T246_OUTER_02,PMC11328176_CORE_11,SEQUENCE_RIDGE_COMPOSITION_ONLY,T246_1fdce1e54723b1e8f7c4,P61981,0.3454861111111111,0.36938020943296973
T246_OUTER_02,PMC11328176_CORE_11,SEQUENCE_RIDGE_COMPOSITION_ONLY,T246_224533135ffdb26306b9,Q04695,0.06076388888888889,0.44713907406363584
T246_OUTER_02,PMC11328176_CORE_11,SEQUENCE_RIDGE_COMPOSITION_ONLY,T246_25041aed273a0aa1c6eb,P21796,0.7447916666666666,0.2752224146187894
T246_OUTER_02,PMC11328176_CORE_11,SEQUENCE_RIDGE_COMPOSITION_ONLY,T246_2fe21a380a724d3a22f4,P04004,0.9600694444444444,0.6744684145345061
T246_OUTER_02,PMC11328176_CORE_11,SEQUENCE_RIDGE_COMPOSITION_ONLY,T246_31fbd95eb86f9e9cfa45,P30041,0.5572916666666666,0.3096216001194267
T246_OUTER_02,PMC11328176_CORE_11,SEQUENCE_RIDGE_COMPOSITION_ONLY,T246_340a8c5dadbbd1fd259a,P50990,0.2621527777777778,0.3482815134679693
T246_OUTER_02,PMC11328176_CORE_11,SEQUENCE_RIDGE_COMPOSITION_ONLY,T246_34f627b41156981d928c,O00299,0.6197916666666666,0.36567282568984766
T246_OUTER_02,PMC11328176_CORE_11,SEQUENCE_RIDGE_COMPOSITION_ONLY,T246_36c08a41fc6641f087b5,P16615,0.6979166666666666,0.44082134473655676
T246_OUTER_02,PMC11328176_CORE_11,SEQUENCE_RIDGE_COMPOSITION_ONLY,T246_44c8affb3bc6b56a6232,P27348,0.5538194444444444,0.23184890940317546
T246_OUTER_02,PMC11328176_CORE_11,SEQUENCE_RIDGE_COMPOSITION_ONLY,T246_4b8287b488b318143b93,Q14247,0.21006944444444445,0.5122298744310989
T246_OUTER_02,PMC11328176_CORE_11,SEQUENCE_RIDGE_COMPOSITION_ONLY,T246_547d89da710e9fff783b,Q93084,0.8524305555555556,0.4881283652253476
T246_OUTER_02,PMC11328176_CORE_11,SEQUENCE_RIDGE_COMPOSITION_ONLY,T246_59d0b547cdcc7108231e,Q9H4B7,0.9166666666666666,0.6280055922583965
T246_OUTER_02,PMC11328176_CORE_11,SEQUENCE_RIDGE_COMPOSITION_ONLY,T246_5d4c55fa91c08edc42c3,P68366,0.9322916666666666,0.5871054515499516
T246_OUTER_02,PMC11328176_CORE_11,SEQUENCE_RIDGE_COMPOSITION_ONLY,T246_6073be327648903edaa0,Q16762,0.20833333333333334,0.60317814750975
T246_OUTER_02,PMC11328176_CORE_11,SEQUENCE_RIDGE_COMPOSITION_ONLY,T246_66e65c27ed2fd566bdb1,O00264,0.1909722222222222,0.47579756441798166
T246_OUTER_02,PMC11328176_CORE_11,SEQUENCE_RIDGE_COMPOSITION_ONLY,T246_68f9d6ea091d81f351a6,P26038,0.75,0.18208902906031357
T246_OUTER_02,PMC11328176_CORE_11,SEQUENCE_RIDGE_COMPOSITION_ONLY,T246_6b442cc53e5c04b18745,Q15365,0.3663194444444444,0.2883051294483263
T246_OUTER_02,PMC11328176_CORE_11,SEQUENCE_RIDGE_COMPOSITION_ONLY,T246_7069ea14c960ca932026,P49411,0.10069444444444445,0.2998009192290928
T246_OUTER_02,PMC11328176_CORE_11,SEQUENCE_RIDGE_COMPOSITION_ONLY,T246_7142c4bfe55c1babf523,Q86VP6,0.19444444444444445,0.10628202699841922
T246_OUTER_02,PMC11328176_CORE_11,SEQUENCE_RIDGE_COMPOSITION_ONLY,T246_7db1d34dac3e00da90b8,P07996,0.9409722222222222,0.7568335131649467
T246_OUTER_02,PMC11328176_CORE_11,SEQUENCE_RIDGE_COMPOSITION_ONLY,T246_7dc6097747e2e406ce04,Q70J99,0.21354166666666666,0.2779420498597299
T246_OUTER_02,PMC11328176_CORE_11,SEQUENCE_RIDGE_COMPOSITION_ONLY,T246_89aedb05e547ea78afa6,P04264,0.9427083333333334,0.7637498987927451
T246_OUTER_02,PMC11328176_CORE_11,SEQUENCE_RIDGE_COMPOSITION_ONLY,T246_a0a037ab532f1b3d112b,Q8TC12,0.4600694444444444,0.19284810943233122
T246_OUTER_02,PMC11328176_CORE_11,SEQUENCE_RIDGE_COMPOSITION_ONLY,T246_a33627752676d4060580,P24844,0.5868055555555556,0.4343124386416394
T246_OUTER_02,PMC11328176_CORE_11,SEQUENCE_RIDGE_COMPOSITION_ONLY,T246_af4fd938300b3c114c8c,P13796,0.2152777777777778,0.4307727338892013
T246_OUTER_02,PMC11328176_CORE_11,SEQUENCE_RIDGE_COMPOSITION_ONLY,T246_b7bc3e971b7342dfb429,Q9BSJ8,0.3993055555555556,0.4190463188384938
T246_OUTER_02,PMC11328176_CORE_11,SEQUENCE_RIDGE_COMPOSITION_ONLY,T246_bcf1196f8c978c96e25c,P11021,0.6180555555555556,0.32810894495470916
T246_OUTER_02,PMC11328176_CORE_11,SEQUENCE_RIDGE_COMPOSITION_ONLY,T246_c79d4c584e900f412673,Q9HDC9,0.7204861111111112,0.5857846341573967
T246_OUTER_02,PMC11328176_CORE_11,SEQUENCE_RIDGE_COMPOSITION_ONLY,T246_c7a399899893476ae914,P11166,0.8350694444444444,0.5428408961637614
T246_OUTER_02,PMC11328176_CORE_11,SEQUENCE_RIDGE_COMPOSITION_ONLY,T246_cb65c3fe80f2b98ac5a8,P06576,0.8020833333333334,0.43216813877770754
T246_OUTER_02,PMC11328176_CORE_11,SEQUENCE_RIDGE_COMPOSITION_ONLY,T246_ce5cdbb6f9f7f78599cf,Q16643,0.3802083333333333,0.6340018745626073
T246_OUTER_02,PMC11328176_CORE_11,SEQUENCE_RIDGE_COMPOSITION_ONLY,T246_d12d5031700f9c4dd649,O00151,0.2604166666666667,0.3426508752293616
T246_OUTER_02,PMC11328176_CORE_11,SEQUENCE_RIDGE_COMPOSITION_ONLY,T246_dcb6ab39df05423d9322,P26641,0.4166666666666667,0.46303004792688457
T246_OUTER_02,PMC11328176_CORE_11,SEQUENCE_RIDGE_COMPOSITION_ONLY,T246_e33c9086b4a573972dea,Q15084,0.1267361111111111,0.5220081153368522
T246_OUTER_02,PMC11328176_CORE_11,SEQUENCE_RIDGE_COMPOSITION_ONLY,T246_f2f03570294832b9a823,P30048,0.3628472222222222,0.28477890210522483
T246_OUTER_02,PMC11328176_CORE_11,SEQUENCE_RIDGE_COMPOSITION_ONLY,T246_f32ca403f6184a81f89d,P62805,0.19791666666666666,0.15594306261323235
T246_OUTER_02,PMC11328176_CORE_11,SEQUENCE_RIDGE_COMPOSITION_ONLY,T246_f675279678a50794c615,P55072,0.703125,0.461562417707974
T246_OUTER_02,PMC11328176_CORE_11,SEQUENCE_RIDGE_COMPOSITION_ONLY,T246_f6af8d4f4f74e814a0d6,P04844,0.5416666666666666,0.22780008781088124
T246_OUTER_03,PMC11328176_CORE_13,CONSTANT_TRAINING_MEAN,T246_04be8da5f643935eabce,Q93084,0.6626865671641791,0.46725290534510144
T246_OUTER_03,PMC11328176_CORE_13,CONSTANT_TRAINING_MEAN,T246_16d740473734c8aa03fc,P10809,0.43582089552238806,0.46725290534510144
T246_OUTER_03,PMC11328176_CORE_13,CONSTANT_TRAINING_MEAN,T246_1965d0071db0ded9bcb4,P04004,0.9373134328358209,0.46725290534510144
T246_OUTER_03,PMC11328176_CORE_13,CONSTANT_TRAINING_MEAN,T246_1b9d286af0ff7f80246b,P68363,0.7328358208955223,0.46725290534510144
T246_OUTER_03,PMC11328176_CORE_13,CONSTANT_TRAINING_MEAN,T246_1c4e0ee73b2ff5f996bb,P07996,0.8552238805970149,0.46725290534510144
T246_OUTER_03,PMC11328176_CORE_13,CONSTANT_TRAINING_MEAN,T246_1cc1a5d6f66f21dbb2e0,P24844,0.1791044776119403,0.46725290534510144
T246_OUTER_03,PMC11328176_CORE_13,CONSTANT_TRAINING_MEAN,T246_1cd3a4bb70f14c0b7db5,Q16762,0.04776119402985075,0.46725290534510144
T246_OUTER_03,PMC11328176_CORE_13,CONSTANT_TRAINING_MEAN,T246_2d1ba2dfcf93fec60f92,P00387,0.2656716417910448,0.46725290534510144
T246_OUTER_03,PMC11328176_CORE_13,CONSTANT_TRAINING_MEAN,T246_2f8181a03535df5f6d84,P30048,0.10746268656716418,0.46725290534510144
T246_OUTER_03,PMC11328176_CORE_13,CONSTANT_TRAINING_MEAN,T246_31cf0c730441314a97b9,Q9NY65,0.09253731343283582,0.46725290534510144
T246_OUTER_03,PMC11328176_CORE_13,CONSTANT_TRAINING_MEAN,T246_3c7e0348e41f0342b9fa,P55072,0.0626865671641791,0.46725290534510144
T246_OUTER_03,PMC11328176_CORE_13,CONSTANT_TRAINING_MEAN,T246_5220bb0e1e8f5bf7e300,P61981,0.041791044776119404,0.46725290534510144
T246_OUTER_03,PMC11328176_CORE_13,CONSTANT_TRAINING_MEAN,T246_54cd1afcddf528ef6360,Q27J81,0.11940298507462686,0.46725290534510144
T246_OUTER_03,PMC11328176_CORE_13,CONSTANT_TRAINING_MEAN,T246_6169ebfed7e083abfe83,P11021,0.3044776119402985,0.46725290534510144
T246_OUTER_03,PMC11328176_CORE_13,CONSTANT_TRAINING_MEAN,T246_69cf6f44f3df2f2a1a73,P05556,0.16119402985074627,0.46725290534510144
T246_OUTER_03,PMC11328176_CORE_13,CONSTANT_TRAINING_MEAN,T246_7098bc500ab0b9d0ddca,P38646,0.14925373134328357,0.46725290534510144
T246_OUTER_03,PMC11328176_CORE_13,CONSTANT_TRAINING_MEAN,T246_71b69473152363804f06,Q9HDC9,0.5940298507462687,0.46725290534510144
T246_OUTER_03,PMC11328176_CORE_13,CONSTANT_TRAINING_MEAN,T246_74cda19794793e4ce174,O00299,0.25671641791044775,0.46725290534510144
T246_OUTER_03,PMC11328176_CORE_13,CONSTANT_TRAINING_MEAN,T246_7a90c2de253d76a8de2f,P68366,0.8686567164179104,0.46725290534510144
T246_OUTER_03,PMC11328176_CORE_13,CONSTANT_TRAINING_MEAN,T246_80c81afb07ab70a4a7f8,P11166,0.5611940298507463,0.46725290534510144
T246_OUTER_03,PMC11328176_CORE_13,CONSTANT_TRAINING_MEAN,T246_8184822547c29d48d226,O00187,0.49850746268656715,0.46725290534510144
T246_OUTER_03,PMC11328176_CORE_13,CONSTANT_TRAINING_MEAN,T246_8ce39859dcd0b8274bdf,P06396,0.8313432835820895,0.46725290534510144
T246_OUTER_03,PMC11328176_CORE_13,CONSTANT_TRAINING_MEAN,T246_916a50f5a7b44c4e54ec,P06576,0.41194029850746267,0.46725290534510144
T246_OUTER_03,PMC11328176_CORE_13,CONSTANT_TRAINING_MEAN,T246_946825e4ef216e99366f,Q9H4B7,0.8388059701492537,0.46725290534510144
T246_OUTER_03,PMC11328176_CORE_13,CONSTANT_TRAINING_MEAN,T246_9e60c237ac5be65ccd02,P21796,0.08059701492537313,0.46725290534510144
T246_OUTER_03,PMC11328176_CORE_13,CONSTANT_TRAINING_MEAN,T246_a4b9fc0e25fffa21cdd9,P04264,0.7805970149253731,0.46725290534510144
T246_OUTER_03,PMC11328176_CORE_13,CONSTANT_TRAINING_MEAN,T246_b0fcae716397d215f1aa,P16615,0.08656716417910448,0.46725290534510144
T246_OUTER_03,PMC11328176_CORE_13,CONSTANT_TRAINING_MEAN,T246_bcd0412172dbea28085a,P52907,0.3611940298507463,0.46725290534510144
T246_OUTER_03,PMC11328176_CORE_13,CONSTANT_TRAINING_MEAN,T246_c4b5371b9cec3911bbf9,P30044,0.1253731343283582,0.46725290534510144
T246_OUTER_03,PMC11328176_CORE_13,CONSTANT_TRAINING_MEAN,T246_d7a9293813084834c736,P61026,0.13432835820895522,0.46725290534510144
T246_OUTER_03,PMC11328176_CORE_13,CONSTANT_TRAINING_MEAN,T246_e81bf066a9bcd32d08bc,P30041,0.056716417910447764,0.46725290534510144
T246_OUTER_03,PMC11328176_CORE_13,CONSTANT_TRAINING_MEAN,T246_e90fef6a7f2155a30d78,P26038,0.22388059701492538,0.46725290534510144
T246_OUTER_03,PMC11328176_CORE_13,SEQUENCE_RIDGE_FULL,T246_04be8da5f643935eabce,Q93084,0.6626865671641791,0.5617115251479472
T246_OUTER_03,PMC11328176_CORE_13,SEQUENCE_RIDGE_FULL,T246_16d740473734c8aa03fc,P10809,0.43582089552238806,0.3314285853696886
T246_OUTER_03,PMC11328176_CORE_13,SEQUENCE_RIDGE_FULL,T246_1965d0071db0ded9bcb4,P04004,0.9373134328358209,0.6658010120691666
T246_OUTER_03,PMC11328176_CORE_13,SEQUENCE_RIDGE_FULL,T246_1b9d286af0ff7f80246b,P68363,0.7328358208955223,0.5931636297277747
T246_OUTER_03,PMC11328176_CORE_13,SEQUENCE_RIDGE_FULL,T246_1c4e0ee73b2ff5f996bb,P07996,0.8552238805970149,0.766490942914533
T246_OUTER_03,PMC11328176_CORE_13,SEQUENCE_RIDGE_FULL,T246_1cc1a5d6f66f21dbb2e0,P24844,0.1791044776119403,0.5477086359590624
T246_OUTER_03,PMC11328176_CORE_13,SEQUENCE_RIDGE_FULL,T246_1cd3a4bb70f14c0b7db5,Q16762,0.04776119402985075,0.5635791486026067
T246_OUTER_03,PMC11328176_CORE_13,SEQUENCE_RIDGE_FULL,T246_2d1ba2dfcf93fec60f92,P00387,0.2656716417910448,0.3548055056204018
T246_OUTER_03,PMC11328176_CORE_13,SEQUENCE_RIDGE_FULL,T246_2f8181a03535df5f6d84,P30048,0.10746268656716418,0.3663947166034744
T246_OUTER_03,PMC11328176_CORE_13,SEQUENCE_RIDGE_FULL,T246_31cf0c730441314a97b9,Q9NY65,0.09253731343283582,0.5645249045806737
T246_OUTER_03,PMC11328176_CORE_13,SEQUENCE_RIDGE_FULL,T246_3c7e0348e41f0342b9fa,P55072,0.0626865671641791,0.54813751801306
T246_OUTER_03,PMC11328176_CORE_13,SEQUENCE_RIDGE_FULL,T246_5220bb0e1e8f5bf7e300,P61981,0.041791044776119404,0.388980019043867
T246_OUTER_03,PMC11328176_CORE_13,SEQUENCE_RIDGE_FULL,T246_54cd1afcddf528ef6360,Q27J81,0.11940298507462686,0.3761239536295488
T246_OUTER_03,PMC11328176_CORE_13,SEQUENCE_RIDGE_FULL,T246_6169ebfed7e083abfe83,P11021,0.3044776119402985,0.38396469769414654
T246_OUTER_03,PMC11328176_CORE_13,SEQUENCE_RIDGE_FULL,T246_69cf6f44f3df2f2a1a73,P05556,0.16119402985074627,0.5935890929524663
T246_OUTER_03,PMC11328176_CORE_13,SEQUENCE_RIDGE_FULL,T246_7098bc500ab0b9d0ddca,P38646,0.14925373134328357,0.38087348901399565
T246_OUTER_03,PMC11328176_CORE_13,SEQUENCE_RIDGE_FULL,T246_71b69473152363804f06,Q9HDC9,0.5940298507462687,0.5992857632489451
T246_OUTER_03,PMC11328176_CORE_13,SEQUENCE_RIDGE_FULL,T246_74cda19794793e4ce174,O00299,0.25671641791044775,0.4219749452861883
T246_OUTER_03,PMC11328176_CORE_13,SEQUENCE_RIDGE_FULL,T246_7a90c2de253d76a8de2f,P68366,0.8686567164179104,0.5925056970984787
T246_OUTER_03,PMC11328176_CORE_13,SEQUENCE_RIDGE_FULL,T246_80c81afb07ab70a4a7f8,P11166,0.5611940298507463,0.6267744432022547
T246_OUTER_03,PMC11328176_CORE_13,SEQUENCE_RIDGE_FULL,T246_8184822547c29d48d226,O00187,0.49850746268656715,0.5326272826024779
T246_OUTER_03,PMC11328176_CORE_13,SEQUENCE_RIDGE_FULL,T246_8ce39859dcd0b8274bdf,P06396,0.8313432835820895,0.5820657819117178
T246_OUTER_03,PMC11328176_CORE_13,SEQUENCE_RIDGE_FULL,T246_916a50f5a7b44c4e54ec,P06576,0.41194029850746267,0.4459325160245585
T246_OUTER_03,PMC11328176_CORE_13,SEQUENCE_RIDGE_FULL,T246_946825e4ef216e99366f,Q9H4B7,0.8388059701492537,0.6629581116348231
T246_OUTER_03,PMC11328176_CORE_13,SEQUENCE_RIDGE_FULL,T246_9e60c237ac5be65ccd02,P21796,0.08059701492537313,0.39768477944497593
T246_OUTER_03,PMC11328176_CORE_13,SEQUENCE_RIDGE_FULL,T246_a4b9fc0e25fffa21cdd9,P04264,0.7805970149253731,0.7588132685793884
T246_OUTER_03,PMC11328176_CORE_13,SEQUENCE_RIDGE_FULL,T246_b0fcae716397d215f1aa,P16615,0.08656716417910448,0.5600864963910939
T246_OUTER_03,PMC11328176_CORE_13,SEQUENCE_RIDGE_FULL,T246_bcd0412172dbea28085a,P52907,0.3611940298507463,0.45406634354554193
T246_OUTER_03,PMC11328176_CORE_13,SEQUENCE_RIDGE_FULL,T246_c4b5371b9cec3911bbf9,P30044,0.1253731343283582,0.5341342051360625
T246_OUTER_03,PMC11328176_CORE_13,SEQUENCE_RIDGE_FULL,T246_d7a9293813084834c736,P61026,0.13432835820895522,0.22249524987098512
T246_OUTER_03,PMC11328176_CORE_13,SEQUENCE_RIDGE_FULL,T246_e81bf066a9bcd32d08bc,P30041,0.056716417910447764,0.36335472157363957
T246_OUTER_03,PMC11328176_CORE_13,SEQUENCE_RIDGE_FULL,T246_e90fef6a7f2155a30d78,P26038,0.22388059701492538,0.1717521857350423
T246_OUTER_03,PMC11328176_CORE_13,SEQUENCE_RIDGE_COMPOSITION_ONLY,T246_04be8da5f643935eabce,Q93084,0.6626865671641791,0.5372585146334592
T246_OUTER_03,PMC11328176_CORE_13,SEQUENCE_RIDGE_COMPOSITION_ONLY,T246_16d740473734c8aa03fc,P10809,0.43582089552238806,0.34165057592094844
T246_OUTER_03,PMC11328176_CORE_13,SEQUENCE_RIDGE_COMPOSITION_ONLY,T246_1965d0071db0ded9bcb4,P04004,0.9373134328358209,0.6782223033139404
T246_OUTER_03,PMC11328176_CORE_13,SEQUENCE_RIDGE_COMPOSITION_ONLY,T246_1b9d286af0ff7f80246b,P68363,0.7328358208955223,0.5760158157492196
T246_OUTER_03,PMC11328176_CORE_13,SEQUENCE_RIDGE_COMPOSITION_ONLY,T246_1c4e0ee73b2ff5f996bb,P07996,0.8552238805970149,0.7271584311410202
T246_OUTER_03,PMC11328176_CORE_13,SEQUENCE_RIDGE_COMPOSITION_ONLY,T246_1cc1a5d6f66f21dbb2e0,P24844,0.1791044776119403,0.5224687725875191
T246_OUTER_03,PMC11328176_CORE_13,SEQUENCE_RIDGE_COMPOSITION_ONLY,T246_1cd3a4bb70f14c0b7db5,Q16762,0.04776119402985075,0.5998658501333405
T246_OUTER_03,PMC11328176_CORE_13,SEQUENCE_RIDGE_COMPOSITION_ONLY,T246_2d1ba2dfcf93fec60f92,P00387,0.2656716417910448,0.35915853575736556
T246_OUTER_03,PMC11328176_CORE_13,SEQUENCE_RIDGE_COMPOSITION_ONLY,T246_2f8181a03535df5f6d84,P30048,0.10746268656716418,0.44493294289880614
T246_OUTER_03,PMC11328176_CORE_13,SEQUENCE_RIDGE_COMPOSITION_ONLY,T246_31cf0c730441314a97b9,Q9NY65,0.09253731343283582,0.5606560523789281
T246_OUTER_03,PMC11328176_CORE_13,SEQUENCE_RIDGE_COMPOSITION_ONLY,T246_3c7e0348e41f0342b9fa,P55072,0.0626865671641791,0.5404278306563877
T246_OUTER_03,PMC11328176_CORE_13,SEQUENCE_RIDGE_COMPOSITION_ONLY,T246_5220bb0e1e8f5bf7e300,P61981,0.041791044776119404,0.4127830346948418
T246_OUTER_03,PMC11328176_CORE_13,SEQUENCE_RIDGE_COMPOSITION_ONLY,T246_54cd1afcddf528ef6360,Q27J81,0.11940298507462686,0.375997058355993
T246_OUTER_03,PMC11328176_CORE_13,SEQUENCE_RIDGE_COMPOSITION_ONLY,T246_6169ebfed7e083abfe83,P11021,0.3044776119402985,0.35645522640317856
T246_OUTER_03,PMC11328176_CORE_13,SEQUENCE_RIDGE_COMPOSITION_ONLY,T246_69cf6f44f3df2f2a1a73,P05556,0.16119402985074627,0.6119814218666055
T246_OUTER_03,PMC11328176_CORE_13,SEQUENCE_RIDGE_COMPOSITION_ONLY,T246_7098bc500ab0b9d0ddca,P38646,0.14925373134328357,0.3890765482178294
T246_OUTER_03,PMC11328176_CORE_13,SEQUENCE_RIDGE_COMPOSITION_ONLY,T246_71b69473152363804f06,Q9HDC9,0.5940298507462687,0.6143056421637693
T246_OUTER_03,PMC11328176_CORE_13,SEQUENCE_RIDGE_COMPOSITION_ONLY,T246_74cda19794793e4ce174,O00299,0.25671641791044775,0.45748072472954693
T246_OUTER_03,PMC11328176_CORE_13,SEQUENCE_RIDGE_COMPOSITION_ONLY,T246_7a90c2de253d76a8de2f,P68366,0.8686567164179104,0.5784558739272186
T246_OUTER_03,PMC11328176_CORE_13,SEQUENCE_RIDGE_COMPOSITION_ONLY,T246_80c81afb07ab70a4a7f8,P11166,0.5611940298507463,0.6074946375098192
T246_OUTER_03,PMC11328176_CORE_13,SEQUENCE_RIDGE_COMPOSITION_ONLY,T246_8184822547c29d48d226,O00187,0.49850746268656715,0.4994571548537638
T246_OUTER_03,PMC11328176_CORE_13,SEQUENCE_RIDGE_COMPOSITION_ONLY,T246_8ce39859dcd0b8274bdf,P06396,0.8313432835820895,0.5461370235992027
T246_OUTER_03,PMC11328176_CORE_13,SEQUENCE_RIDGE_COMPOSITION_ONLY,T246_916a50f5a7b44c4e54ec,P06576,0.41194029850746267,0.4380820598954274
T246_OUTER_03,PMC11328176_CORE_13,SEQUENCE_RIDGE_COMPOSITION_ONLY,T246_946825e4ef216e99366f,Q9H4B7,0.8388059701492537,0.6479851259892705
T246_OUTER_03,PMC11328176_CORE_13,SEQUENCE_RIDGE_COMPOSITION_ONLY,T246_9e60c237ac5be65ccd02,P21796,0.08059701492537313,0.3438831905058936
T246_OUTER_03,PMC11328176_CORE_13,SEQUENCE_RIDGE_COMPOSITION_ONLY,T246_a4b9fc0e25fffa21cdd9,P04264,0.7805970149253731,0.7375701319933259
T246_OUTER_03,PMC11328176_CORE_13,SEQUENCE_RIDGE_COMPOSITION_ONLY,T246_b0fcae716397d215f1aa,P16615,0.08656716417910448,0.5054033780599857
T246_OUTER_03,PMC11328176_CORE_13,SEQUENCE_RIDGE_COMPOSITION_ONLY,T246_bcd0412172dbea28085a,P52907,0.3611940298507463,0.47012372441499156
T246_OUTER_03,PMC11328176_CORE_13,SEQUENCE_RIDGE_COMPOSITION_ONLY,T246_c4b5371b9cec3911bbf9,P30044,0.1253731343283582,0.6314891658418251
T246_OUTER_03,PMC11328176_CORE_13,SEQUENCE_RIDGE_COMPOSITION_ONLY,T246_d7a9293813084834c736,P61026,0.13432835820895522,0.27822899952580804
T246_OUTER_03,PMC11328176_CORE_13,SEQUENCE_RIDGE_COMPOSITION_ONLY,T246_e81bf066a9bcd32d08bc,P30041,0.056716417910447764,0.3994175142946459
T246_OUTER_03,PMC11328176_CORE_13,SEQUENCE_RIDGE_COMPOSITION_ONLY,T246_e90fef6a7f2155a30d78,P26038,0.22388059701492538,0.20331580856937484
T246_OUTER_04,PMC11328176_CORE_2,CONSTANT_TRAINING_MEAN,T246_143dda8b8aa927c82e8a,P27348,0.44866920152091255,0.4561103645410537
T246_OUTER_04,PMC11328176_CORE_2,CONSTANT_TRAINING_MEAN,T246_1d5e748131222a9307d9,P26641,0.0038022813688212928,0.4561103645410537
T246_OUTER_04,PMC11328176_CORE_2,CONSTANT_TRAINING_MEAN,T246_2696991424b203cb42cd,Q9NRW1,0.28517110266159695,0.4561103645410537
T246_OUTER_04,PMC11328176_CORE_2,CONSTANT_TRAINING_MEAN,T246_37d46a413b1bfac3475a,Q8TC12,0.015209125475285171,0.4561103645410537
T246_OUTER_04,PMC11328176_CORE_2,CONSTANT_TRAINING_MEAN,T246_45a4a95cb45a37d2b0f1,P45880,0.07984790874524715,0.4561103645410537
T246_OUTER_04,PMC11328176_CORE_2,CONSTANT_TRAINING_MEAN,T246_4983c79f2abb4c160342,Q9NY65,0.7870722433460076,0.4561103645410537
T246_OUTER_04,PMC11328176_CORE_2,CONSTANT_TRAINING_MEAN,T246_50b4237eace7c32d5410,P61026,0.2813688212927757,0.4561103645410537
T246_OUTER_04,PMC11328176_CORE_2,CONSTANT_TRAINING_MEAN,T246_560eb3d5a88c0d565ba1,P26038,0.3688212927756654,0.4561103645410537
T246_OUTER_04,PMC11328176_CORE_2,CONSTANT_TRAINING_MEAN,T246_6417b9610fe34152d74f,P24844,0.6197718631178707,0.4561103645410537
T246_OUTER_04,PMC11328176_CORE_2,CONSTANT_TRAINING_MEAN,T246_6496d0ce0e9653be424d,P68366,0.8136882129277566,0.4561103645410537
T246_OUTER_04,PMC11328176_CORE_2,CONSTANT_TRAINING_MEAN,T246_69d008ccfe56e0f18b55,P06396,0.7718631178707225,0.4561103645410537
T246_OUTER_04,PMC11328176_CORE_2,CONSTANT_TRAINING_MEAN,T246_6a2c09b68c6ace5fc167,P05556,0.3916349809885932,0.4561103645410537
T246_OUTER_04,PMC11328176_CORE_2,CONSTANT_TRAINING_MEAN,T246_84551d2b2a6698767dc4,P04004,0.8935361216730038,0.4561103645410537
T246_OUTER_04,PMC11328176_CORE_2,CONSTANT_TRAINING_MEAN,T246_84c4bf9ce0be5cccff64,P16615,0.29277566539923955,0.4561103645410537
T246_OUTER_04,PMC11328176_CORE_2,CONSTANT_TRAINING_MEAN,T246_87748741f6eb402b0740,Q9HDC9,0.4296577946768061,0.4561103645410537
T246_OUTER_04,PMC11328176_CORE_2,CONSTANT_TRAINING_MEAN,T246_8a8c4c2e24ca0c29a293,P10809,0.18250950570342206,0.4561103645410537
T246_OUTER_04,PMC11328176_CORE_2,CONSTANT_TRAINING_MEAN,T246_91df351b89f93ab5cb87,O00299,0.22433460076045628,0.4561103645410537
T246_OUTER_04,PMC11328176_CORE_2,CONSTANT_TRAINING_MEAN,T246_957cb4b4350f104113b9,Q9H4B7,0.8022813688212928,0.4561103645410537
T246_OUTER_04,PMC11328176_CORE_2,CONSTANT_TRAINING_MEAN,T246_9a91733b4ee13493ed99,P21796,0.1482889733840304,0.4561103645410537
T246_OUTER_04,PMC11328176_CORE_2,CONSTANT_TRAINING_MEAN,T246_9cb3d1c369b11cfa4904,P00387,0.17870722433460076,0.4561103645410537
T246_OUTER_04,PMC11328176_CORE_2,CONSTANT_TRAINING_MEAN,T246_a2ca752d8ada36a7088d,P06576,0.5171102661596958,0.4561103645410537
T246_OUTER_04,PMC11328176_CORE_2,CONSTANT_TRAINING_MEAN,T246_a30472ec7cfe52efe838,Q9NQC3,0.23574144486692014,0.4561103645410537
T246_OUTER_04,PMC11328176_CORE_2,CONSTANT_TRAINING_MEAN,T246_a7fe0e68622fee45f1a0,O00187,0.41064638783269963,0.4561103645410537
T246_OUTER_04,PMC11328176_CORE_2,CONSTANT_TRAINING_MEAN,T246_b5906a0ae3e72f50f043,Q7Z406,0.7186311787072244,0.4561103645410537
T246_OUTER_04,PMC11328176_CORE_2,CONSTANT_TRAINING_MEAN,T246_d63a778451abda2cb21e,P07996,0.8250950570342205,0.4561103645410537
T246_OUTER_04,PMC11328176_CORE_2,CONSTANT_TRAINING_MEAN,T246_f184f9ee2af99ec69811,P52907,0.14068441064638784,0.4561103645410537
T246_OUTER_04,PMC11328176_CORE_2,CONSTANT_TRAINING_MEAN,T246_fd09caa87a12b32dd71d,P11166,0.623574144486692,0.4561103645410537
T246_OUTER_04,PMC11328176_CORE_2,SEQUENCE_RIDGE_FULL,T246_143dda8b8aa927c82e8a,P27348,0.44866920152091255,0.19347988185216686
T246_OUTER_04,PMC11328176_CORE_2,SEQUENCE_RIDGE_FULL,T246_1d5e748131222a9307d9,P26641,0.0038022813688212928,0.5367918773059143
T246_OUTER_04,PMC11328176_CORE_2,SEQUENCE_RIDGE_FULL,T246_2696991424b203cb42cd,Q9NRW1,0.28517110266159695,0.436235032548052
T246_OUTER_04,PMC11328176_CORE_2,SEQUENCE_RIDGE_FULL,T246_37d46a413b1bfac3475a,Q8TC12,0.015209125475285171,0.12438335913874433
T246_OUTER_04,PMC11328176_CORE_2,SEQUENCE_RIDGE_FULL,T246_45a4a95cb45a37d2b0f1,P45880,0.07984790874524715,0.39751943662266703
T246_OUTER_04,PMC11328176_CORE_2,SEQUENCE_RIDGE_FULL,T246_4983c79f2abb4c160342,Q9NY65,0.7870722433460076,0.5386999666697412
T246_OUTER_04,PMC11328176_CORE_2,SEQUENCE_RIDGE_FULL,T246_50b4237eace7c32d5410,P61026,0.2813688212927757,0.20929517539692705
T246_OUTER_04,PMC11328176_CORE_2,SEQUENCE_RIDGE_FULL,T246_560eb3d5a88c0d565ba1,P26038,0.3688212927756654,0.1561030193450516
T246_OUTER_04,PMC11328176_CORE_2,SEQUENCE_RIDGE_FULL,T246_6417b9610fe34152d74f,P24844,0.6197718631178707,0.47830999516905287
T246_OUTER_04,PMC11328176_CORE_2,SEQUENCE_RIDGE_FULL,T246_6496d0ce0e9653be424d,P68366,0.8136882129277566,0.572444963807129
T246_OUTER_04,PMC11328176_CORE_2,SEQUENCE_RIDGE_FULL,T246_69d008ccfe56e0f18b55,P06396,0.7718631178707225,0.5834129386487006
T246_OUTER_04,PMC11328176_CORE_2,SEQUENCE_RIDGE_FULL,T246_6a2c09b68c6ace5fc167,P05556,0.3916349809885932,0.5616649238004727
T246_OUTER_04,PMC11328176_CORE_2,SEQUENCE_RIDGE_FULL,T246_84551d2b2a6698767dc4,P04004,0.8935361216730038,0.6553927429800123
T246_OUTER_04,PMC11328176_CORE_2,SEQUENCE_RIDGE_FULL,T246_84c4bf9ce0be5cccff64,P16615,0.29277566539923955,0.5494967854476215
T246_OUTER_04,PMC11328176_CORE_2,SEQUENCE_RIDGE_FULL,T246_87748741f6eb402b0740,Q9HDC9,0.4296577946768061,0.5870030661110655
T246_OUTER_04,PMC11328176_CORE_2,SEQUENCE_RIDGE_FULL,T246_8a8c4c2e24ca0c29a293,P10809,0.18250950570342206,0.29882831841295776
T246_OUTER_04,PMC11328176_CORE_2,SEQUENCE_RIDGE_FULL,T246_91df351b89f93ab5cb87,O00299,0.22433460076045628,0.38884261899657413
T246_OUTER_04,PMC11328176_CORE_2,SEQUENCE_RIDGE_FULL,T246_957cb4b4350f104113b9,Q9H4B7,0.8022813688212928,0.6239249155472341
T246_OUTER_04,PMC11328176_CORE_2,SEQUENCE_RIDGE_FULL,T246_9a91733b4ee13493ed99,P21796,0.1482889733840304,0.4523842700288617
T246_OUTER_04,PMC11328176_CORE_2,SEQUENCE_RIDGE_FULL,T246_9cb3d1c369b11cfa4904,P00387,0.17870722433460076,0.38512161966427383
T246_OUTER_04,PMC11328176_CORE_2,SEQUENCE_RIDGE_FULL,T246_a2ca752d8ada36a7088d,P06576,0.5171102661596958,0.4373184727879201
T246_OUTER_04,PMC11328176_CORE_2,SEQUENCE_RIDGE_FULL,T246_a30472ec7cfe52efe838,Q9NQC3,0.23574144486692014,0.44800109731593585
T246_OUTER_04,PMC11328176_CORE_2,SEQUENCE_RIDGE_FULL,T246_a7fe0e68622fee45f1a0,O00187,0.41064638783269963,0.5586949391144679
T246_OUTER_04,PMC11328176_CORE_2,SEQUENCE_RIDGE_FULL,T246_b5906a0ae3e72f50f043,Q7Z406,0.7186311787072244,0.4229334226462243
T246_OUTER_04,PMC11328176_CORE_2,SEQUENCE_RIDGE_FULL,T246_d63a778451abda2cb21e,P07996,0.8250950570342205,0.7598243605750638
T246_OUTER_04,PMC11328176_CORE_2,SEQUENCE_RIDGE_FULL,T246_f184f9ee2af99ec69811,P52907,0.14068441064638784,0.47849752837164133
T246_OUTER_04,PMC11328176_CORE_2,SEQUENCE_RIDGE_FULL,T246_fd09caa87a12b32dd71d,P11166,0.623574144486692,0.6533351329844174
T246_OUTER_04,PMC11328176_CORE_2,SEQUENCE_RIDGE_COMPOSITION_ONLY,T246_143dda8b8aa927c82e8a,P27348,0.44866920152091255,0.2513239206211989
T246_OUTER_04,PMC11328176_CORE_2,SEQUENCE_RIDGE_COMPOSITION_ONLY,T246_1d5e748131222a9307d9,P26641,0.0038022813688212928,0.5293228143050999
T246_OUTER_04,PMC11328176_CORE_2,SEQUENCE_RIDGE_COMPOSITION_ONLY,T246_2696991424b203cb42cd,Q9NRW1,0.28517110266159695,0.5201228736022399
T246_OUTER_04,PMC11328176_CORE_2,SEQUENCE_RIDGE_COMPOSITION_ONLY,T246_37d46a413b1bfac3475a,Q8TC12,0.015209125475285171,0.1737257770237549
T246_OUTER_04,PMC11328176_CORE_2,SEQUENCE_RIDGE_COMPOSITION_ONLY,T246_45a4a95cb45a37d2b0f1,P45880,0.07984790874524715,0.4104639095699164
T246_OUTER_04,PMC11328176_CORE_2,SEQUENCE_RIDGE_COMPOSITION_ONLY,T246_4983c79f2abb4c160342,Q9NY65,0.7870722433460076,0.5467229818718334
T246_OUTER_04,PMC11328176_CORE_2,SEQUENCE_RIDGE_COMPOSITION_ONLY,T246_50b4237eace7c32d5410,P61026,0.2813688212927757,0.24940895199718452
T246_OUTER_04,PMC11328176_CORE_2,SEQUENCE_RIDGE_COMPOSITION_ONLY,T246_560eb3d5a88c0d565ba1,P26038,0.3688212927756654,0.16742632874688063
T246_OUTER_04,PMC11328176_CORE_2,SEQUENCE_RIDGE_COMPOSITION_ONLY,T246_6417b9610fe34152d74f,P24844,0.6197718631178707,0.45493235233967233
T246_OUTER_04,PMC11328176_CORE_2,SEQUENCE_RIDGE_COMPOSITION_ONLY,T246_6496d0ce0e9653be424d,P68366,0.8136882129277566,0.5728464817392074
T246_OUTER_04,PMC11328176_CORE_2,SEQUENCE_RIDGE_COMPOSITION_ONLY,T246_69d008ccfe56e0f18b55,P06396,0.7718631178707225,0.5429883001786138
T246_OUTER_04,PMC11328176_CORE_2,SEQUENCE_RIDGE_COMPOSITION_ONLY,T246_6a2c09b68c6ace5fc167,P05556,0.3916349809885932,0.5850130063911345
T246_OUTER_04,PMC11328176_CORE_2,SEQUENCE_RIDGE_COMPOSITION_ONLY,T246_84551d2b2a6698767dc4,P04004,0.8935361216730038,0.6684909871507365
T246_OUTER_04,PMC11328176_CORE_2,SEQUENCE_RIDGE_COMPOSITION_ONLY,T246_84c4bf9ce0be5cccff64,P16615,0.29277566539923955,0.49414096226325643
T246_OUTER_04,PMC11328176_CORE_2,SEQUENCE_RIDGE_COMPOSITION_ONLY,T246_87748741f6eb402b0740,Q9HDC9,0.4296577946768061,0.626937735362158
T246_OUTER_04,PMC11328176_CORE_2,SEQUENCE_RIDGE_COMPOSITION_ONLY,T246_8a8c4c2e24ca0c29a293,P10809,0.18250950570342206,0.31043990127662907
T246_OUTER_04,PMC11328176_CORE_2,SEQUENCE_RIDGE_COMPOSITION_ONLY,T246_91df351b89f93ab5cb87,O00299,0.22433460076045628,0.4368298404053635
T246_OUTER_04,PMC11328176_CORE_2,SEQUENCE_RIDGE_COMPOSITION_ONLY,T246_957cb4b4350f104113b9,Q9H4B7,0.8022813688212928,0.631838649703632
T246_OUTER_04,PMC11328176_CORE_2,SEQUENCE_RIDGE_COMPOSITION_ONLY,T246_9a91733b4ee13493ed99,P21796,0.1482889733840304,0.40298908131019007
T246_OUTER_04,PMC11328176_CORE_2,SEQUENCE_RIDGE_COMPOSITION_ONLY,T246_9cb3d1c369b11cfa4904,P00387,0.17870722433460076,0.3832433157235723
T246_OUTER_04,PMC11328176_CORE_2,SEQUENCE_RIDGE_COMPOSITION_ONLY,T246_a2ca752d8ada36a7088d,P06576,0.5171102661596958,0.4364565025941118
T246_OUTER_04,PMC11328176_CORE_2,SEQUENCE_RIDGE_COMPOSITION_ONLY,T246_a30472ec7cfe52efe838,Q9NQC3,0.23574144486692014,0.3647810337487089
T246_OUTER_04,PMC11328176_CORE_2,SEQUENCE_RIDGE_COMPOSITION_ONLY,T246_a7fe0e68622fee45f1a0,O00187,0.41064638783269963,0.5179098784489554
T246_OUTER_04,PMC11328176_CORE_2,SEQUENCE_RIDGE_COMPOSITION_ONLY,T246_b5906a0ae3e72f50f043,Q7Z406,0.7186311787072244,0.2727046332548766
T246_OUTER_04,PMC11328176_CORE_2,SEQUENCE_RIDGE_COMPOSITION_ONLY,T246_d63a778451abda2cb21e,P07996,0.8250950570342205,0.730938617955982
T246_OUTER_04,PMC11328176_CORE_2,SEQUENCE_RIDGE_COMPOSITION_ONLY,T246_f184f9ee2af99ec69811,P52907,0.14068441064638784,0.49959924986416876
T246_OUTER_04,PMC11328176_CORE_2,SEQUENCE_RIDGE_COMPOSITION_ONLY,T246_fd09caa87a12b32dd71d,P11166,0.623574144486692,0.6503840121016029
T246_OUTER_05,PMC11328176_CORE_3,CONSTANT_TRAINING_MEAN,T246_04c52ffff987e44941cb,P07996,0.7456140350877193,0.45285002607036984
T246_OUTER_05,PMC11328176_CORE_3,CONSTANT_TRAINING_MEAN,T246_0909b516a8fa73486076,Q9H4B7,0.6228070175438597,0.45285002607036984
T246_OUTER_05,PMC11328176_CORE_3,CONSTANT_TRAINING_MEAN,T246_5bfb1e26198249688a08,Q93084,0.26900584795321636,0.45285002607036984
T246_OUTER_05,PMC11328176_CORE_3,CONSTANT_TRAINING_MEAN,T246_7273f09acba1fec8fb58,P68363,0.1871345029239766,0.45285002607036984
T246_OUTER_05,PMC11328176_CORE_3,CONSTANT_TRAINING_MEAN,T246_89378e9ab01c45882d29,P06396,0.6695906432748538,0.45285002607036984
T246_OUTER_05,PMC11328176_CORE_3,CONSTANT_TRAINING_MEAN,T246_aa276cb13b447a4a7f7e,P04264,0.6052631578947368,0.45285002607036984
T246_OUTER_05,PMC11328176_CORE_3,CONSTANT_TRAINING_MEAN,T246_aa339ff357adcef82ef0,P24844,0.03508771929824561,0.45285002607036984
T246_OUTER_05,PMC11328176_CORE_3,CONSTANT_TRAINING_MEAN,T246_acb4b73dd79d13a88f76,P68366,0.27485380116959063,0.45285002607036984
T246_OUTER_05,PMC11328176_CORE_3,CONSTANT_TRAINING_MEAN,T246_bca9174f19cc9ba9232a,O00187,0.1695906432748538,0.45285002607036984
T246_OUTER_05,PMC11328176_CORE_3,CONSTANT_TRAINING_MEAN,T246_c0179c33073e6a08e0de,P04004,0.9181286549707602,0.45285002607036984
T246_OUTER_05,PMC11328176_CORE_3,CONSTANT_TRAINING_MEAN,T246_d80f98444f9e4996aa64,Q7Z406,0.3216374269005848,0.45285002607036984
T246_OUTER_05,PMC11328176_CORE_3,SEQUENCE_RIDGE_FULL,T246_04c52ffff987e44941cb,P07996,0.7456140350877193,0.7754118249069705
T246_OUTER_05,PMC11328176_CORE_3,SEQUENCE_RIDGE_FULL,T246_0909b516a8fa73486076,Q9H4B7,0.6228070175438597,0.6731009610776497
T246_OUTER_05,PMC11328176_CORE_3,SEQUENCE_RIDGE_FULL,T246_5bfb1e26198249688a08,Q93084,0.26900584795321636,0.542786504668119
T246_OUTER_05,PMC11328176_CORE_3,SEQUENCE_RIDGE_FULL,T246_7273f09acba1fec8fb58,P68363,0.1871345029239766,0.6405437451856907
T246_OUTER_05,PMC11328176_CORE_3,SEQUENCE_RIDGE_FULL,T246_89378e9ab01c45882d29,P06396,0.6695906432748538,0.5715650693901124
T246_OUTER_05,PMC11328176_CORE_3,SEQUENCE_RIDGE_FULL,T246_aa276cb13b447a4a7f7e,P04264,0.6052631578947368,0.7707314295247901
T246_OUTER_05,PMC11328176_CORE_3,SEQUENCE_RIDGE_FULL,T246_aa339ff357adcef82ef0,P24844,0.03508771929824561,0.5736587838196452
T246_OUTER_05,PMC11328176_CORE_3,SEQUENCE_RIDGE_FULL,T246_acb4b73dd79d13a88f76,P68366,0.27485380116959063,0.6353578006601114
T246_OUTER_05,PMC11328176_CORE_3,SEQUENCE_RIDGE_FULL,T246_bca9174f19cc9ba9232a,O00187,0.1695906432748538,0.5845930689212581
T246_OUTER_05,PMC11328176_CORE_3,SEQUENCE_RIDGE_FULL,T246_c0179c33073e6a08e0de,P04004,0.9181286549707602,0.6580162366717108
T246_OUTER_05,PMC11328176_CORE_3,SEQUENCE_RIDGE_FULL,T246_d80f98444f9e4996aa64,Q7Z406,0.3216374269005848,0.5669743923668994
T246_OUTER_05,PMC11328176_CORE_3,SEQUENCE_RIDGE_COMPOSITION_ONLY,T246_04c52ffff987e44941cb,P07996,0.7456140350877193,0.7338868886892127
T246_OUTER_05,PMC11328176_CORE_3,SEQUENCE_RIDGE_COMPOSITION_ONLY,T246_0909b516a8fa73486076,Q9H4B7,0.6228070175438597,0.6810024336425067
T246_OUTER_05,PMC11328176_CORE_3,SEQUENCE_RIDGE_COMPOSITION_ONLY,T246_5bfb1e26198249688a08,Q93084,0.26900584795321636,0.5146956821692613
T246_OUTER_05,PMC11328176_CORE_3,SEQUENCE_RIDGE_COMPOSITION_ONLY,T246_7273f09acba1fec8fb58,P68363,0.1871345029239766,0.6409655505843413
T246_OUTER_05,PMC11328176_CORE_3,SEQUENCE_RIDGE_COMPOSITION_ONLY,T246_89378e9ab01c45882d29,P06396,0.6695906432748538,0.525735454322925
T246_OUTER_05,PMC11328176_CORE_3,SEQUENCE_RIDGE_COMPOSITION_ONLY,T246_aa276cb13b447a4a7f7e,P04264,0.6052631578947368,0.7580290110860926
T246_OUTER_05,PMC11328176_CORE_3,SEQUENCE_RIDGE_COMPOSITION_ONLY,T246_aa339ff357adcef82ef0,P24844,0.03508771929824561,0.5440445417712357
T246_OUTER_05,PMC11328176_CORE_3,SEQUENCE_RIDGE_COMPOSITION_ONLY,T246_acb4b73dd79d13a88f76,P68366,0.27485380116959063,0.6337740380077355
T246_OUTER_05,PMC11328176_CORE_3,SEQUENCE_RIDGE_COMPOSITION_ONLY,T246_bca9174f19cc9ba9232a,O00187,0.1695906432748538,0.5352331379164355
T246_OUTER_05,PMC11328176_CORE_3,SEQUENCE_RIDGE_COMPOSITION_ONLY,T246_c0179c33073e6a08e0de,P04004,0.9181286549707602,0.670989692532179
T246_OUTER_05,PMC11328176_CORE_3,SEQUENCE_RIDGE_COMPOSITION_ONLY,T246_d80f98444f9e4996aa64,Q7Z406,0.3216374269005848,0.3616517110104191
T246_OUTER_06,PMC11328176_CORE_9,CONSTANT_TRAINING_MEAN,T246_065124aa303d9f09cbbc,Q15942,0.4562289562289562,0.43973012379829585
T246_OUTER_06,PMC11328176_CORE_9,CONSTANT_TRAINING_MEAN,T246_06e987995c6b7a622413,O00264,0.468013468013468,0.43973012379829585
T246_OUTER_06,PMC11328176_CORE_9,CONSTANT_TRAINING_MEAN,T246_06ef84a4782d080a8205,P04264,0.9208754208754208,0.43973012379829585
T246_OUTER_06,PMC11328176_CORE_9,CONSTANT_TRAINING_MEAN,T246_07e89ceb50fd9cc4f7b4,P05556,0.797979797979798,0.43973012379829585
T246_OUTER_06,PMC11328176_CORE_9,CONSTANT_TRAINING_MEAN,T246_0ff48c6b75f74999ba29,P27348,0.2895622895622896,0.43973012379829585
T246_OUTER_06,PMC11328176_CORE_9,CONSTANT_TRAINING_MEAN,T246_16263bc40fd42e6df18d,P61026,0.5454545454545454,0.43973012379829585
T246_OUTER_06,PMC11328176_CORE_9,CONSTANT_TRAINING_MEAN,T246_171ccf3b37b41eb390c4,P28066,0.14309764309764308,0.43973012379829585
T246_OUTER_06,PMC11328176_CORE_9,CONSTANT_TRAINING_MEAN,T246_181ae224b2256d6195d7,P26038,0.7811447811447811,0.43973012379829585
T246_OUTER_06,PMC11328176_CORE_9,CONSTANT_TRAINING_MEAN,T246_26ae3a6cf17da45d0f9e,Q14247,0.13973063973063973,0.43973012379829585
T246_OUTER_06,PMC11328176_CORE_9,CONSTANT_TRAINING_MEAN,T246_3063930236cf93a5acb7,P21796,0.7205387205387206,0.43973012379829585
T246_OUTER_06,PMC11328176_CORE_9,CONSTANT_TRAINING_MEAN,T246_32e49850e9302b0b1a16,Q86VP6,0.2239057239057239,0.43973012379829585
T246_OUTER_06,PMC11328176_CORE_9,CONSTANT_TRAINING_MEAN,T246_33aef167f31bd4cb3462,P00387,0.6767676767676768,0.43973012379829585
T246_OUTER_06,PMC11328176_CORE_9,CONSTANT_TRAINING_MEAN,T246_346650c3eb64454baad0,P05023,0.2962962962962963,0.43973012379829585
T246_OUTER_06,PMC11328176_CORE_9,CONSTANT_TRAINING_MEAN,T246_3c46915164668db0b571,Q9BSJ8,0.23737373737373738,0.43973012379829585
T246_OUTER_06,PMC11328176_CORE_9,CONSTANT_TRAINING_MEAN,T246_4116981eb62bbaea02da,Q9NY65,0.6683501683501684,0.43973012379829585
T246_OUTER_06,PMC11328176_CORE_9,CONSTANT_TRAINING_MEAN,T246_4ac6c371636b3e0b50ae,P26641,0.39730639730639733,0.43973012379829585
T246_OUTER_06,PMC11328176_CORE_9,CONSTANT_TRAINING_MEAN,T246_512ff6619f4ed78c1090,P30041,0.5572390572390572,0.43973012379829585
T246_OUTER_06,PMC11328176_CORE_9,CONSTANT_TRAINING_MEAN,T246_5606c0871c39efaea07a,P04004,0.9747474747474747,0.43973012379829585
T246_OUTER_06,PMC11328176_CORE_9,CONSTANT_TRAINING_MEAN,T246_597efa0ee4a038accdd2,P45880,0.6060606060606061,0.43973012379829585
T246_OUTER_06,PMC11328176_CORE_9,CONSTANT_TRAINING_MEAN,T246_662702d813b0cff2dcda,P78417,0.2996632996632997,0.43973012379829585
T246_OUTER_06,PMC11328176_CORE_9,CONSTANT_TRAINING_MEAN,T246_69c95a34127a00c2ff21,Q9H4B7,0.9276094276094277,0.43973012379829585
T246_OUTER_06,PMC11328176_CORE_9,CONSTANT_TRAINING_MEAN,T246_7073247e2c7bc16130dc,Q9BS26,0.13131313131313133,0.43973012379829585
T246_OUTER_06,PMC11328176_CORE_9,CONSTANT_TRAINING_MEAN,T246_71ed62cc37d46aa18684,O00151,0.42592592592592593,0.43973012379829585
T246_OUTER_06,PMC11328176_CORE_9,CONSTANT_TRAINING_MEAN,T246_7639fb19b4e7786877ae,P23284,0.21548821548821548,0.43973012379829585
T246_OUTER_06,PMC11328176_CORE_9,CONSTANT_TRAINING_MEAN,T246_83853dab006d47b7caa4,Q04695,0.015151515151515152,0.43973012379829585
T246_OUTER_06,PMC11328176_CORE_9,CONSTANT_TRAINING_MEAN,T246_84be289f734bef67a1b0,Q9NQC3,0.7154882154882155,0.43973012379829585
T246_OUTER_06,PMC11328176_CORE_9,CONSTANT_TRAINING_MEAN,T246_8c51bc5c5804a4fcf2ed,P24844,0.5976430976430976,0.43973012379829585
T246_OUTER_06,PMC11328176_CORE_9,CONSTANT_TRAINING_MEAN,T246_93189c600346754bbd93,P06576,0.7592592592592593,0.43973012379829585
T246_OUTER_06,PMC11328176_CORE_9,CONSTANT_TRAINING_MEAN,T246_93401f6017b1f414028f,Q7L576,0.3872053872053872,0.43973012379829585
T246_OUTER_06,PMC11328176_CORE_9,CONSTANT_TRAINING_MEAN,T246_9a43860b22a9824deee3,P16615,0.6144781144781145,0.43973012379829585
T246_OUTER_06,PMC11328176_CORE_9,CONSTANT_TRAINING_MEAN,T246_9b95aecba6b3da0e42d8,P27797,0.4898989898989899,0.43973012379829585
T246_OUTER_06,PMC11328176_CORE_9,CONSTANT_TRAINING_MEAN,T246_9e1497c4210dca800760,Q99832,0.10942760942760943,0.43973012379829585
T246_OUTER_06,PMC11328176_CORE_9,CONSTANT_TRAINING_MEAN,T246_a0c20fcf02eb4d033600,O75083,0.7626262626262627,0.43973012379829585
T246_OUTER_06,PMC11328176_CORE_9,CONSTANT_TRAINING_MEAN,T246_a4e412d1113d203e64ea,Q8TC12,0.4057239057239057,0.43973012379829585
T246_OUTER_06,PMC11328176_CORE_9,CONSTANT_TRAINING_MEAN,T246_a6de349aeca003bac42d,P30048,0.3653198653198653,0.43973012379829585
T246_OUTER_06,PMC11328176_CORE_9,CONSTANT_TRAINING_MEAN,T246_ac55c45c07ea164147fd,Q9NRW1,0.26936026936026936,0.43973012379829585
T246_OUTER_06,PMC11328176_CORE_9,CONSTANT_TRAINING_MEAN,T246_ad18b6cee08350d118fa,P68366,0.9292929292929293,0.43973012379829585
T246_OUTER_06,PMC11328176_CORE_9,CONSTANT_TRAINING_MEAN,T246_b41a7cd49de07ab3c7fc,Q15365,0.35185185185185186,0.43973012379829585
T246_OUTER_06,PMC11328176_CORE_9,CONSTANT_TRAINING_MEAN,T246_ba7ace745230546de563,P30101,0.5875420875420876,0.43973012379829585
T246_OUTER_06,PMC11328176_CORE_9,CONSTANT_TRAINING_MEAN,T246_bee65ecf3fa4d2fbe340,P07996,0.9494949494949495,0.43973012379829585
T246_OUTER_06,PMC11328176_CORE_9,CONSTANT_TRAINING_MEAN,T246_c54bb8d25d0f1e0947d5,P53396,0.05387205387205387,0.43973012379829585
T246_OUTER_06,PMC11328176_CORE_9,CONSTANT_TRAINING_MEAN,T246_c619aba0dc76028c5610,P10809,0.6717171717171717,0.43973012379829585
T246_OUTER_06,PMC11328176_CORE_9,CONSTANT_TRAINING_MEAN,T246_c65fb3aaed1e7436b65d,Q27J81,0.15488215488215487,0.43973012379829585
T246_OUTER_06,PMC11328176_CORE_9,CONSTANT_TRAINING_MEAN,T246_d0ccea8f5f75c9e5d6e0,O00299,0.7003367003367004,0.43973012379829585
T246_OUTER_06,PMC11328176_CORE_9,CONSTANT_TRAINING_MEAN,T246_d572185762ef748514f1,P11166,0.8585858585858586,0.43973012379829585
T246_OUTER_06,PMC11328176_CORE_9,CONSTANT_TRAINING_MEAN,T246_d5b3cb6fa6582900d372,P37802,0.12289562289562289,0.43973012379829585
T246_OUTER_06,PMC11328176_CORE_9,CONSTANT_TRAINING_MEAN,T246_d7ba9a8e9b61f46a47c9,P38646,0.4175084175084175,0.43973012379829585
T246_OUTER_06,PMC11328176_CORE_9,CONSTANT_TRAINING_MEAN,T246_dad0417a44825267e5ed,P49411,0.24579124579124578,0.43973012379829585
T246_OUTER_06,PMC11328176_CORE_9,CONSTANT_TRAINING_MEAN,T246_dd3f98a059609a07d9af,P04844,0.4444444444444444,0.43973012379829585
T246_OUTER_06,PMC11328176_CORE_9,CONSTANT_TRAINING_MEAN,T246_e13e892117ffd78efbcc,P52907,0.5993265993265994,0.43973012379829585
T246_OUTER_06,PMC11328176_CORE_9,CONSTANT_TRAINING_MEAN,T246_e2bd2e8bff0b8dbb604f,P11021,0.6026936026936027,0.43973012379829585
T246_OUTER_06,PMC11328176_CORE_9,CONSTANT_TRAINING_MEAN,T246_e6f349b8a06ded49fe3f,P55072,0.5151515151515151,0.43973012379829585
T246_OUTER_06,PMC11328176_CORE_9,CONSTANT_TRAINING_MEAN,T246_e84b26273d06f9fc14f3,Q16643,0.4983164983164983,0.43973012379829585
T246_OUTER_06,PMC11328176_CORE_9,CONSTANT_TRAINING_MEAN,T246_ee65631b36641a477534,Q9HDC9,0.8181818181818182,0.43973012379829585
T246_OUTER_06,PMC11328176_CORE_9,CONSTANT_TRAINING_MEAN,T246_f45ed8e01a7e8968daa9,P19367,0.050505050505050504,0.43973012379829585
T246_OUTER_06,PMC11328176_CORE_9,CONSTANT_TRAINING_MEAN,T246_f88c9a4f07c955549cc4,P61981,0.18181818181818182,0.43973012379829585
T246_OUTER_06,PMC11328176_CORE_9,CONSTANT_TRAINING_MEAN,T246_fa58ffb96c0701e62a4b,O00187,0.7710437710437711,0.43973012379829585
T246_OUTER_06,PMC11328176_CORE_9,CONSTANT_TRAINING_MEAN,T246_fcdb8f44e83c1abf3ac1,P61106,0.08754208754208755,0.43973012379829585
T246_OUTER_06,PMC11328176_CORE_9,SEQUENCE_RIDGE_FULL,T246_065124aa303d9f09cbbc,Q15942,0.4562289562289562,0.624553536075399
T246_OUTER_06,PMC11328176_CORE_9,SEQUENCE_RIDGE_FULL,T246_06e987995c6b7a622413,O00264,0.468013468013468,0.2829589857835447
T246_OUTER_06,PMC11328176_CORE_9,SEQUENCE_RIDGE_FULL,T246_06ef84a4782d080a8205,P04264,0.9208754208754208,0.7349309855037705
T246_OUTER_06,PMC11328176_CORE_9,SEQUENCE_RIDGE_FULL,T246_07e89ceb50fd9cc4f7b4,P05556,0.797979797979798,0.4716692792205772
T246_OUTER_06,PMC11328176_CORE_9,SEQUENCE_RIDGE_FULL,T246_0ff48c6b75f74999ba29,P27348,0.2895622895622896,0.24004245248669812
T246_OUTER_06,PMC11328176_CORE_9,SEQUENCE_RIDGE_FULL,T246_16263bc40fd42e6df18d,P61026,0.5454545454545454,0.04639311013686119
T246_OUTER_06,PMC11328176_CORE_9,SEQUENCE_RIDGE_FULL,T246_171ccf3b37b41eb390c4,P28066,0.14309764309764308,0.26911052543405545
T246_OUTER_06,PMC11328176_CORE_9,SEQUENCE_RIDGE_FULL,T246_181ae224b2256d6195d7,P26038,0.7811447811447811,0.21888626742877448
T246_OUTER_06,PMC11328176_CORE_9,SEQUENCE_RIDGE_FULL,T246_26ae3a6cf17da45d0f9e,Q14247,0.13973063973063973,0.5402703452529377
T246_OUTER_06,PMC11328176_CORE_9,SEQUENCE_RIDGE_FULL,T246_3063930236cf93a5acb7,P21796,0.7205387205387206,0.3342144067374264
T246_OUTER_06,PMC11328176_CORE_9,SEQUENCE_RIDGE_FULL,T246_32e49850e9302b0b1a16,Q86VP6,0.2239057239057239,0.2601298235753563
T246_OUTER_06,PMC11328176_CORE_9,SEQUENCE_RIDGE_FULL,T246_33aef167f31bd4cb3462,P00387,0.6767676767676768,0.3882662976781226
T246_OUTER_06,PMC11328176_CORE_9,SEQUENCE_RIDGE_FULL,T246_346650c3eb64454baad0,P05023,0.2962962962962963,0.5186467922417202
T246_OUTER_06,PMC11328176_CORE_9,SEQUENCE_RIDGE_FULL,T246_3c46915164668db0b571,Q9BSJ8,0.23737373737373738,0.4120103814520502
T246_OUTER_06,PMC11328176_CORE_9,SEQUENCE_RIDGE_FULL,T246_4116981eb62bbaea02da,Q9NY65,0.6683501683501684,0.490518046848858
T246_OUTER_06,PMC11328176_CORE_9,SEQUENCE_RIDGE_FULL,T246_4ac6c371636b3e0b50ae,P26641,0.39730639730639733,0.4639061898919355
T246_OUTER_06,PMC11328176_CORE_9,SEQUENCE_RIDGE_FULL,T246_512ff6619f4ed78c1090,P30041,0.5572390572390572,0.1821198921979442
T246_OUTER_06,PMC11328176_CORE_9,SEQUENCE_RIDGE_FULL,T246_5606c0871c39efaea07a,P04004,0.9747474747474747,0.7109993190752207
T246_OUTER_06,PMC11328176_CORE_9,SEQUENCE_RIDGE_FULL,T246_597efa0ee4a038accdd2,P45880,0.6060606060606061,0.27100325698512395
T246_OUTER_06,PMC11328176_CORE_9,SEQUENCE_RIDGE_FULL,T246_662702d813b0cff2dcda,P78417,0.2996632996632997,0.26133747211693703
T246_OUTER_06,PMC11328176_CORE_9,SEQUENCE_RIDGE_FULL,T246_69c95a34127a00c2ff21,Q9H4B7,0.9276094276094277,0.6343930288318455
T246_OUTER_06,PMC11328176_CORE_9,SEQUENCE_RIDGE_FULL,T246_7073247e2c7bc16130dc,Q9BS26,0.13131313131313133,0.4088613201169022
T246_OUTER_06,PMC11328176_CORE_9,SEQUENCE_RIDGE_FULL,T246_71ed62cc37d46aa18684,O00151,0.42592592592592593,0.26570417065862145
T246_OUTER_06,PMC11328176_CORE_9,SEQUENCE_RIDGE_FULL,T246_7639fb19b4e7786877ae,P23284,0.21548821548821548,0.23222717540268692
T246_OUTER_06,PMC11328176_CORE_9,SEQUENCE_RIDGE_FULL,T246_83853dab006d47b7caa4,Q04695,0.015151515151515152,0.3888014773610558
T246_OUTER_06,PMC11328176_CORE_9,SEQUENCE_RIDGE_FULL,T246_84be289f734bef67a1b0,Q9NQC3,0.7154882154882155,0.28032916012762743
T246_OUTER_06,PMC11328176_CORE_9,SEQUENCE_RIDGE_FULL,T246_8c51bc5c5804a4fcf2ed,P24844,0.5976430976430976,0.48700746523328353
T246_OUTER_06,PMC11328176_CORE_9,SEQUENCE_RIDGE_FULL,T246_93189c600346754bbd93,P06576,0.7592592592592593,0.49541341610384726
T246_OUTER_06,PMC11328176_CORE_9,SEQUENCE_RIDGE_FULL,T246_93401f6017b1f414028f,Q7L576,0.3872053872053872,0.6100537396608023
T246_OUTER_06,PMC11328176_CORE_9,SEQUENCE_RIDGE_FULL,T246_9a43860b22a9824deee3,P16615,0.6144781144781145,0.4970030587098452
T246_OUTER_06,PMC11328176_CORE_9,SEQUENCE_RIDGE_FULL,T246_9b95aecba6b3da0e42d8,P27797,0.4898989898989899,0.41926919189944845
T246_OUTER_06,PMC11328176_CORE_9,SEQUENCE_RIDGE_FULL,T246_9e1497c4210dca800760,Q99832,0.10942760942760943,0.30043009051831326
T246_OUTER_06,PMC11328176_CORE_9,SEQUENCE_RIDGE_FULL,T246_a0c20fcf02eb4d033600,O75083,0.7626262626262627,0.39067356596765
T246_OUTER_06,PMC11328176_CORE_9,SEQUENCE_RIDGE_FULL,T246_a4e412d1113d203e64ea,Q8TC12,0.4057239057239057,0.037017662387714034
T246_OUTER_06,PMC11328176_CORE_9,SEQUENCE_RIDGE_FULL,T246_a6de349aeca003bac42d,P30048,0.3653198653198653,0.1483649148332759
T246_OUTER_06,PMC11328176_CORE_9,SEQUENCE_RIDGE_FULL,T246_ac55c45c07ea164147fd,Q9NRW1,0.26936026936026936,0.4521810904660146
T246_OUTER_06,PMC11328176_CORE_9,SEQUENCE_RIDGE_FULL,T246_ad18b6cee08350d118fa,P68366,0.9292929292929293,0.5680033672144564
T246_OUTER_06,PMC11328176_CORE_9,SEQUENCE_RIDGE_FULL,T246_b41a7cd49de07ab3c7fc,Q15365,0.35185185185185186,0.27607279125528683
T246_OUTER_06,PMC11328176_CORE_9,SEQUENCE_RIDGE_FULL,T246_ba7ace745230546de563,P30101,0.5875420875420876,0.328047304220995
T246_OUTER_06,PMC11328176_CORE_9,SEQUENCE_RIDGE_FULL,T246_bee65ecf3fa4d2fbe340,P07996,0.9494949494949495,0.7826466558302275
T246_OUTER_06,PMC11328176_CORE_9,SEQUENCE_RIDGE_FULL,T246_c54bb8d25d0f1e0947d5,P53396,0.05387205387205387,0.6062792761479874
T246_OUTER_06,PMC11328176_CORE_9,SEQUENCE_RIDGE_FULL,T246_c619aba0dc76028c5610,P10809,0.6717171717171717,0.2981480419320498
T246_OUTER_06,PMC11328176_CORE_9,SEQUENCE_RIDGE_FULL,T246_c65fb3aaed1e7436b65d,Q27J81,0.15488215488215487,0.3770512644497553
T246_OUTER_06,PMC11328176_CORE_9,SEQUENCE_RIDGE_FULL,T246_d0ccea8f5f75c9e5d6e0,O00299,0.7003367003367004,0.2963570258377545
T246_OUTER_06,PMC11328176_CORE_9,SEQUENCE_RIDGE_FULL,T246_d572185762ef748514f1,P11166,0.8585858585858586,0.6553271504052345
T246_OUTER_06,PMC11328176_CORE_9,SEQUENCE_RIDGE_FULL,T246_d5b3cb6fa6582900d372,P37802,0.12289562289562289,0.8962338025020915
T246_OUTER_06,PMC11328176_CORE_9,SEQUENCE_RIDGE_FULL,T246_d7ba9a8e9b61f46a47c9,P38646,0.4175084175084175,0.3903402164432184
T246_OUTER_06,PMC11328176_CORE_9,SEQUENCE_RIDGE_FULL,T246_dad0417a44825267e5ed,P49411,0.24579124579124578,0.18727104587335822
T246_OUTER_06,PMC11328176_CORE_9,SEQUENCE_RIDGE_FULL,T246_dd3f98a059609a07d9af,P04844,0.4444444444444444,0.3116244602054788
T246_OUTER_06,PMC11328176_CORE_9,SEQUENCE_RIDGE_FULL,T246_e13e892117ffd78efbcc,P52907,0.5993265993265994,0.43485943317159725
T246_OUTER_06,PMC11328176_CORE_9,SEQUENCE_RIDGE_FULL,T246_e2bd2e8bff0b8dbb604f,P11021,0.6026936026936027,0.3097536149968935
T246_OUTER_06,PMC11328176_CORE_9,SEQUENCE_RIDGE_FULL,T246_e6f349b8a06ded49fe3f,P55072,0.5151515151515151,0.46665769602085616
T246_OUTER_06,PMC11328176_CORE_9,SEQUENCE_RIDGE_FULL,T246_e84b26273d06f9fc14f3,Q16643,0.4983164983164983,0.4312595889076375
T246_OUTER_06,PMC11328176_CORE_9,SEQUENCE_RIDGE_FULL,T246_ee65631b36641a477534,Q9HDC9,0.8181818181818182,0.5491912987607113
T246_OUTER_06,PMC11328176_CORE_9,SEQUENCE_RIDGE_FULL,T246_f45ed8e01a7e8968daa9,P19367,0.050505050505050504,0.4518445096047173
T246_OUTER_06,PMC11328176_CORE_9,SEQUENCE_RIDGE_FULL,T246_f88c9a4f07c955549cc4,P61981,0.18181818181818182,0.4142863743945334
T246_OUTER_06,PMC11328176_CORE_9,SEQUENCE_RIDGE_FULL,T246_fa58ffb96c0701e62a4b,O00187,0.7710437710437711,0.4772791985635138
T246_OUTER_06,PMC11328176_CORE_9,SEQUENCE_RIDGE_FULL,T246_fcdb8f44e83c1abf3ac1,P61106,0.08754208754208755,0.45965160850358944
T246_OUTER_06,PMC11328176_CORE_9,SEQUENCE_RIDGE_COMPOSITION_ONLY,T246_065124aa303d9f09cbbc,Q15942,0.4562289562289562,0.6786602703867655
T246_OUTER_06,PMC11328176_CORE_9,SEQUENCE_RIDGE_COMPOSITION_ONLY,T246_06e987995c6b7a622413,O00264,0.468013468013468,0.3915981942593776
T246_OUTER_06,PMC11328176_CORE_9,SEQUENCE_RIDGE_COMPOSITION_ONLY,T246_06ef84a4782d080a8205,P04264,0.9208754208754208,0.7270545240227476
T246_OUTER_06,PMC11328176_CORE_9,SEQUENCE_RIDGE_COMPOSITION_ONLY,T246_07e89ceb50fd9cc4f7b4,P05556,0.797979797979798,0.48574424101958213
T246_OUTER_06,PMC11328176_CORE_9,SEQUENCE_RIDGE_COMPOSITION_ONLY,T246_0ff48c6b75f74999ba29,P27348,0.2895622895622896,0.30769447464260813
T246_OUTER_06,PMC11328176_CORE_9,SEQUENCE_RIDGE_COMPOSITION_ONLY,T246_16263bc40fd42e6df18d,P61026,0.5454545454545454,0.07990117426378478
T246_OUTER_06,PMC11328176_CORE_9,SEQUENCE_RIDGE_COMPOSITION_ONLY,T246_171ccf3b37b41eb390c4,P28066,0.14309764309764308,0.3814758118990368
T246_OUTER_06,PMC11328176_CORE_9,SEQUENCE_RIDGE_COMPOSITION_ONLY,T246_181ae224b2256d6195d7,P26038,0.7811447811447811,0.24604132258261263
T246_OUTER_06,PMC11328176_CORE_9,SEQUENCE_RIDGE_COMPOSITION_ONLY,T246_26ae3a6cf17da45d0f9e,Q14247,0.13973063973063973,0.4774919898702356
T246_OUTER_06,PMC11328176_CORE_9,SEQUENCE_RIDGE_COMPOSITION_ONLY,T246_3063930236cf93a5acb7,P21796,0.7205387205387206,0.2900225098938346
T246_OUTER_06,PMC11328176_CORE_9,SEQUENCE_RIDGE_COMPOSITION_ONLY,T246_32e49850e9302b0b1a16,Q86VP6,0.2239057239057239,0.1306564732956909
T246_OUTER_06,PMC11328176_CORE_9,SEQUENCE_RIDGE_COMPOSITION_ONLY,T246_33aef167f31bd4cb3462,P00387,0.6767676767676768,0.3589441373265701
T246_OUTER_06,PMC11328176_CORE_9,SEQUENCE_RIDGE_COMPOSITION_ONLY,T246_346650c3eb64454baad0,P05023,0.2962962962962963,0.44037621376025743
T246_OUTER_06,PMC11328176_CORE_9,SEQUENCE_RIDGE_COMPOSITION_ONLY,T246_3c46915164668db0b571,Q9BSJ8,0.23737373737373738,0.38765657646565166
T246_OUTER_06,PMC11328176_CORE_9,SEQUENCE_RIDGE_COMPOSITION_ONLY,T246_4116981eb62bbaea02da,Q9NY65,0.6683501683501684,0.49656047867573094
T246_OUTER_06,PMC11328176_CORE_9,SEQUENCE_RIDGE_COMPOSITION_ONLY,T246_4ac6c371636b3e0b50ae,P26641,0.39730639730639733,0.46661371230005
T246_OUTER_06,PMC11328176_CORE_9,SEQUENCE_RIDGE_COMPOSITION_ONLY,T246_512ff6619f4ed78c1090,P30041,0.5572390572390572,0.2295745999528077
T246_OUTER_06,PMC11328176_CORE_9,SEQUENCE_RIDGE_COMPOSITION_ONLY,T246_5606c0871c39efaea07a,P04004,0.9747474747474747,0.7319382224307847
T246_OUTER_06,PMC11328176_CORE_9,SEQUENCE_RIDGE_COMPOSITION_ONLY,T246_597efa0ee4a038accdd2,P45880,0.6060606060606061,0.29273799133984524
T246_OUTER_06,PMC11328176_CORE_9,SEQUENCE_RIDGE_COMPOSITION_ONLY,T246_662702d813b0cff2dcda,P78417,0.2996632996632997,0.24862694798071353
T246_OUTER_06,PMC11328176_CORE_9,SEQUENCE_RIDGE_COMPOSITION_ONLY,T246_69c95a34127a00c2ff21,Q9H4B7,0.9276094276094277,0.6513726345441152
T246_OUTER_06,PMC11328176_CORE_9,SEQUENCE_RIDGE_COMPOSITION_ONLY,T246_7073247e2c7bc16130dc,Q9BS26,0.13131313131313133,0.4034220237565008
T246_OUTER_06,PMC11328176_CORE_9,SEQUENCE_RIDGE_COMPOSITION_ONLY,T246_71ed62cc37d46aa18684,O00151,0.42592592592592593,0.3140126563549552
T246_OUTER_06,PMC11328176_CORE_9,SEQUENCE_RIDGE_COMPOSITION_ONLY,T246_7639fb19b4e7786877ae,P23284,0.21548821548821548,0.1728475857950163
T246_OUTER_06,PMC11328176_CORE_9,SEQUENCE_RIDGE_COMPOSITION_ONLY,T246_83853dab006d47b7caa4,Q04695,0.015151515151515152,0.5268351011121623
T246_OUTER_06,PMC11328176_CORE_9,SEQUENCE_RIDGE_COMPOSITION_ONLY,T246_84be289f734bef67a1b0,Q9NQC3,0.7154882154882155,0.17404168096108857
T246_OUTER_06,PMC11328176_CORE_9,SEQUENCE_RIDGE_COMPOSITION_ONLY,T246_8c51bc5c5804a4fcf2ed,P24844,0.5976430976430976,0.4638005692139516
T246_OUTER_06,PMC11328176_CORE_9,SEQUENCE_RIDGE_COMPOSITION_ONLY,T246_93189c600346754bbd93,P06576,0.7592592592592593,0.5069828366518415
T246_OUTER_06,PMC11328176_CORE_9,SEQUENCE_RIDGE_COMPOSITION_ONLY,T246_93401f6017b1f414028f,Q7L576,0.3872053872053872,0.38870787464727274
T246_OUTER_06,PMC11328176_CORE_9,SEQUENCE_RIDGE_COMPOSITION_ONLY,T246_9a43860b22a9824deee3,P16615,0.6144781144781145,0.43057461351211934
T246_OUTER_06,PMC11328176_CORE_9,SEQUENCE_RIDGE_COMPOSITION_ONLY,T246_9b95aecba6b3da0e42d8,P27797,0.4898989898989899,0.47435262474925366
T246_OUTER_06,PMC11328176_CORE_9,SEQUENCE_RIDGE_COMPOSITION_ONLY,T246_9e1497c4210dca800760,Q99832,0.10942760942760943,0.3048100479384705
T246_OUTER_06,PMC11328176_CORE_9,SEQUENCE_RIDGE_COMPOSITION_ONLY,T246_a0c20fcf02eb4d033600,O75083,0.7626262626262627,0.291815752354271
T246_OUTER_06,PMC11328176_CORE_9,SEQUENCE_RIDGE_COMPOSITION_ONLY,T246_a4e412d1113d203e64ea,Q8TC12,0.4057239057239057,0.07698758584642193
T246_OUTER_06,PMC11328176_CORE_9,SEQUENCE_RIDGE_COMPOSITION_ONLY,T246_a6de349aeca003bac42d,P30048,0.3653198653198653,0.17981163572202896
T246_OUTER_06,PMC11328176_CORE_9,SEQUENCE_RIDGE_COMPOSITION_ONLY,T246_ac55c45c07ea164147fd,Q9NRW1,0.26936026936026936,0.5494011580179277
T246_OUTER_06,PMC11328176_CORE_9,SEQUENCE_RIDGE_COMPOSITION_ONLY,T246_ad18b6cee08350d118fa,P68366,0.9292929292929293,0.5625101178515876
T246_OUTER_06,PMC11328176_CORE_9,SEQUENCE_RIDGE_COMPOSITION_ONLY,T246_b41a7cd49de07ab3c7fc,Q15365,0.35185185185185186,0.40109723173119266
T246_OUTER_06,PMC11328176_CORE_9,SEQUENCE_RIDGE_COMPOSITION_ONLY,T246_ba7ace745230546de563,P30101,0.5875420875420876,0.20369899075003112
T246_OUTER_06,PMC11328176_CORE_9,SEQUENCE_RIDGE_COMPOSITION_ONLY,T246_bee65ecf3fa4d2fbe340,P07996,0.9494949494949495,0.7574006559499648
T246_OUTER_06,PMC11328176_CORE_9,SEQUENCE_RIDGE_COMPOSITION_ONLY,T246_c54bb8d25d0f1e0947d5,P53396,0.05387205387205387,0.3952036709700348
T246_OUTER_06,PMC11328176_CORE_9,SEQUENCE_RIDGE_COMPOSITION_ONLY,T246_c619aba0dc76028c5610,P10809,0.6717171717171717,0.30331606344886886
T246_OUTER_06,PMC11328176_CORE_9,SEQUENCE_RIDGE_COMPOSITION_ONLY,T246_c65fb3aaed1e7436b65d,Q27J81,0.15488215488215487,0.3544189181749186
T246_OUTER_06,PMC11328176_CORE_9,SEQUENCE_RIDGE_COMPOSITION_ONLY,T246_d0ccea8f5f75c9e5d6e0,O00299,0.7003367003367004,0.3538066254914504
T246_OUTER_06,PMC11328176_CORE_9,SEQUENCE_RIDGE_COMPOSITION_ONLY,T246_d572185762ef748514f1,P11166,0.8585858585858586,0.6394623692532146
T246_OUTER_06,PMC11328176_CORE_9,SEQUENCE_RIDGE_COMPOSITION_ONLY,T246_d5b3cb6fa6582900d372,P37802,0.12289562289562289,1.03741931118798
T246_OUTER_06,PMC11328176_CORE_9,SEQUENCE_RIDGE_COMPOSITION_ONLY,T246_d7ba9a8e9b61f46a47c9,P38646,0.4175084175084175,0.39152085740567644
T246_OUTER_06,PMC11328176_CORE_9,SEQUENCE_RIDGE_COMPOSITION_ONLY,T246_dad0417a44825267e5ed,P49411,0.24579124579124578,0.18745250774421732
T246_OUTER_06,PMC11328176_CORE_9,SEQUENCE_RIDGE_COMPOSITION_ONLY,T246_dd3f98a059609a07d9af,P04844,0.4444444444444444,0.2761933023118398
T246_OUTER_06,PMC11328176_CORE_9,SEQUENCE_RIDGE_COMPOSITION_ONLY,T246_e13e892117ffd78efbcc,P52907,0.5993265993265994,0.4608312141736569
T246_OUTER_06,PMC11328176_CORE_9,SEQUENCE_RIDGE_COMPOSITION_ONLY,T246_e2bd2e8bff0b8dbb604f,P11021,0.6026936026936027,0.2969773354356372
T246_OUTER_06,PMC11328176_CORE_9,SEQUENCE_RIDGE_COMPOSITION_ONLY,T246_e6f349b8a06ded49fe3f,P55072,0.5151515151515151,0.45897246192613944
T246_OUTER_06,PMC11328176_CORE_9,SEQUENCE_RIDGE_COMPOSITION_ONLY,T246_e84b26273d06f9fc14f3,Q16643,0.4983164983164983,0.5882659223334455
T246_OUTER_06,PMC11328176_CORE_9,SEQUENCE_RIDGE_COMPOSITION_ONLY,T246_ee65631b36641a477534,Q9HDC9,0.8181818181818182,0.5924022007292107
T246_OUTER_06,PMC11328176_CORE_9,SEQUENCE_RIDGE_COMPOSITION_ONLY,T246_f45ed8e01a7e8968daa9,P19367,0.050505050505050504,0.36268202439751623
T246_OUTER_06,PMC11328176_CORE_9,SEQUENCE_RIDGE_COMPOSITION_ONLY,T246_f88c9a4f07c955549cc4,P61981,0.18181818181818182,0.4261224111353566
T246_OUTER_06,PMC11328176_CORE_9,SEQUENCE_RIDGE_COMPOSITION_ONLY,T246_fa58ffb96c0701e62a4b,O00187,0.7710437710437711,0.42089284306699853
T246_OUTER_06,PMC11328176_CORE_9,SEQUENCE_RIDGE_COMPOSITION_ONLY,T246_fcdb8f44e83c1abf3ac1,P61106,0.08754208754208755,0.49366016315448136
