source_id,laboratory_anchor,source_asset_id,source_worksheet,source_row,source_coordinate,source_identifier,canonical_accession,measurement_batch_id,biological_unit_id,condition_label,analysis_candidate_eligible,author_quantity_type,author_numeric_value,author_value_state,rank_target_eligible
PXD060795_DALIAN_PLA_MICRO_NANOPLASTIC_HUMAN_PLASMA_CORONA,"Dalian University of Technology, China",search_result_workbook,Proteins,21,X21,Q9HDC9,Q9HDC9,R4_PXD060795_F1,POOLED_OR_UNSPECIFIED_HUMAN_PLASMA,A_PLA,true,PROTEOME_DISCOVERER_NORMALIZED_ABUNDANCE,5090793.466849,POSITIVE,true
PXD060795_DALIAN_PLA_MICRO_NANOPLASTIC_HUMAN_PLASMA_CORONA,"Dalian University of Technology, China",search_result_workbook,Proteins,21,Y21,Q9HDC9,Q9HDC9,R4_PXD060795_F2,POOLED_OR_UNSPECIFIED_HUMAN_PLASMA,A_PLA,true,PROTEOME_DISCOVERER_NORMALIZED_ABUNDANCE,6781990.76911542,POSITIVE,true
PXD060795_DALIAN_PLA_MICRO_NANOPLASTIC_HUMAN_PLASMA_CORONA,"Dalian University of Technology, China",search_result_workbook,Proteins,21,Z21,Q9HDC9,Q9HDC9,R4_PXD060795_F3,POOLED_OR_UNSPECIFIED_HUMAN_PLASMA,A_PLA,true,PROTEOME_DISCOVERER_NORMALIZED_ABUNDANCE,6858851.26176904,POSITIVE,true
PXD060795_DALIAN_PLA_MICRO_NANOPLASTIC_HUMAN_PLASMA_CORONA,"Dalian University of Technology, China",search_result_workbook,Proteins,21,AA21,Q9HDC9,Q9HDC9,R4_PXD060795_F4,POOLED_OR_UNSPECIFIED_HUMAN_PLASMA,HP,false,PROTEOME_DISCOVERER_NORMALIZED_ABUNDANCE,,SOURCE_BLANK,false
PXD060795_DALIAN_PLA_MICRO_NANOPLASTIC_HUMAN_PLASMA_CORONA,"Dalian University of Technology, China",search_result_workbook,Proteins,21,AB21,Q9HDC9,Q9HDC9,R4_PXD060795_F5,POOLED_OR_UNSPECIFIED_HUMAN_PLASMA,HP,false,PROTEOME_DISCOVERER_NORMALIZED_ABUNDANCE,,SOURCE_BLANK,false
PXD060795_DALIAN_PLA_MICRO_NANOPLASTIC_HUMAN_PLASMA_CORONA,"Dalian University of Technology, China",search_result_workbook,Proteins,21,AC21,Q9HDC9,Q9HDC9,R4_PXD060795_F6,POOLED_OR_UNSPECIFIED_HUMAN_PLASMA,HP,false,PROTEOME_DISCOVERER_NORMALIZED_ABUNDANCE,,SOURCE_BLANK,false
PXD060795_DALIAN_PLA_MICRO_NANOPLASTIC_HUMAN_PLASMA_CORONA,"Dalian University of Technology, China",search_result_workbook,Proteins,21,AD21,Q9HDC9,Q9HDC9,R4_PXD060795_F7,POOLED_OR_UNSPECIFIED_HUMAN_PLASMA,PLA,true,PROTEOME_DISCOVERER_NORMALIZED_ABUNDANCE,9643346.24138075,POSITIVE,true
PXD060795_DALIAN_PLA_MICRO_NANOPLASTIC_HUMAN_PLASMA_CORONA,"Dalian University of Technology, China",search_result_workbook,Proteins,21,AE21,Q9HDC9,Q9HDC9,R4_PXD060795_F8,POOLED_OR_UNSPECIFIED_HUMAN_PLASMA,PLA,true,PROTEOME_DISCOVERER_NORMALIZED_ABUNDANCE,10627903.6481485,POSITIVE,true
PXD060795_DALIAN_PLA_MICRO_NANOPLASTIC_HUMAN_PLASMA_CORONA,"Dalian University of Technology, China",search_result_workbook,Proteins,21,AF21,Q9HDC9,Q9HDC9,R4_PXD060795_F9,POOLED_OR_UNSPECIFIED_HUMAN_PLASMA,PLA,true,PROTEOME_DISCOVERER_NORMALIZED_ABUNDANCE,10037944.2500675,POSITIVE,true
PXD060795_DALIAN_PLA_MICRO_NANOPLASTIC_HUMAN_PLASMA_CORONA,"Dalian University of Technology, China",search_result_workbook,Proteins,94,X94,Q14247,Q14247,R4_PXD060795_F1,POOLED_OR_UNSPECIFIED_HUMAN_PLASMA,A_PLA,true,PROTEOME_DISCOVERER_NORMALIZED_ABUNDANCE,25049286.8473755,POSITIVE,true
PXD060795_DALIAN_PLA_MICRO_NANOPLASTIC_HUMAN_PLASMA_CORONA,"Dalian University of Technology, China",search_result_workbook,Proteins,94,Y94,Q14247,Q14247,R4_PXD060795_F2,POOLED_OR_UNSPECIFIED_HUMAN_PLASMA,A_PLA,true,PROTEOME_DISCOVERER_NORMALIZED_ABUNDANCE,22966277.4350008,POSITIVE,true
PXD060795_DALIAN_PLA_MICRO_NANOPLASTIC_HUMAN_PLASMA_CORONA,"Dalian University of Technology, China",search_result_workbook,Proteins,94,Z94,Q14247,Q14247,R4_PXD060795_F3,POOLED_OR_UNSPECIFIED_HUMAN_PLASMA,A_PLA,true,PROTEOME_DISCOVERER_NORMALIZED_ABUNDANCE,23117442.6310802,POSITIVE,true
PXD060795_DALIAN_PLA_MICRO_NANOPLASTIC_HUMAN_PLASMA_CORONA,"Dalian University of Technology, China",search_result_workbook,Proteins,94,AA94,Q14247,Q14247,R4_PXD060795_F4,POOLED_OR_UNSPECIFIED_HUMAN_PLASMA,HP,false,PROTEOME_DISCOVERER_NORMALIZED_ABUNDANCE,,SOURCE_BLANK,false
PXD060795_DALIAN_PLA_MICRO_NANOPLASTIC_HUMAN_PLASMA_CORONA,"Dalian University of Technology, China",search_result_workbook,Proteins,94,AB94,Q14247,Q14247,R4_PXD060795_F5,POOLED_OR_UNSPECIFIED_HUMAN_PLASMA,HP,false,PROTEOME_DISCOVERER_NORMALIZED_ABUNDANCE,,SOURCE_BLANK,false
PXD060795_DALIAN_PLA_MICRO_NANOPLASTIC_HUMAN_PLASMA_CORONA,"Dalian University of Technology, China",search_result_workbook,Proteins,94,AC94,Q14247,Q14247,R4_PXD060795_F6,POOLED_OR_UNSPECIFIED_HUMAN_PLASMA,HP,false,PROTEOME_DISCOVERER_NORMALIZED_ABUNDANCE,,SOURCE_BLANK,false
PXD060795_DALIAN_PLA_MICRO_NANOPLASTIC_HUMAN_PLASMA_CORONA,"Dalian University of Technology, China",search_result_workbook,Proteins,94,AD94,Q14247,Q14247,R4_PXD060795_F7,POOLED_OR_UNSPECIFIED_HUMAN_PLASMA,PLA,true,PROTEOME_DISCOVERER_NORMALIZED_ABUNDANCE,912525.955004717,POSITIVE,true
PXD060795_DALIAN_PLA_MICRO_NANOPLASTIC_HUMAN_PLASMA_CORONA,"Dalian University of Technology, China",search_result_workbook,Proteins,94,AE94,Q14247,Q14247,R4_PXD060795_F8,POOLED_OR_UNSPECIFIED_HUMAN_PLASMA,PLA,true,PROTEOME_DISCOVERER_NORMALIZED_ABUNDANCE,1079711.26364817,POSITIVE,true
PXD060795_DALIAN_PLA_MICRO_NANOPLASTIC_HUMAN_PLASMA_CORONA,"Dalian University of Technology, China",search_result_workbook,Proteins,94,AF94,Q14247,Q14247,R4_PXD060795_F9,POOLED_OR_UNSPECIFIED_HUMAN_PLASMA,PLA,true,PROTEOME_DISCOVERER_NORMALIZED_ABUNDANCE,991225.965316932,POSITIVE,true
PXD060795_DALIAN_PLA_MICRO_NANOPLASTIC_HUMAN_PLASMA_CORONA,"Dalian University of Technology, China",search_result_workbook,Proteins,117,X117,Q04695,Q04695,R4_PXD060795_F1,POOLED_OR_UNSPECIFIED_HUMAN_PLASMA,A_PLA,true,PROTEOME_DISCOVERER_NORMALIZED_ABUNDANCE,123660104.181664,POSITIVE,true
PXD060795_DALIAN_PLA_MICRO_NANOPLASTIC_HUMAN_PLASMA_CORONA,"Dalian University of Technology, China",search_result_workbook,Proteins,117,Y117,Q04695,Q04695,R4_PXD060795_F2,POOLED_OR_UNSPECIFIED_HUMAN_PLASMA,A_PLA,true,PROTEOME_DISCOVERER_NORMALIZED_ABUNDANCE,122267959.080637,POSITIVE,true
PXD060795_DALIAN_PLA_MICRO_NANOPLASTIC_HUMAN_PLASMA_CORONA,"Dalian University of Technology, China",search_result_workbook,Proteins,117,Z117,Q04695,Q04695,R4_PXD060795_F3,POOLED_OR_UNSPECIFIED_HUMAN_PLASMA,A_PLA,true,PROTEOME_DISCOVERER_NORMALIZED_ABUNDANCE,126194981.453351,POSITIVE,true
PXD060795_DALIAN_PLA_MICRO_NANOPLASTIC_HUMAN_PLASMA_CORONA,"Dalian University of Technology, China",search_result_workbook,Proteins,117,AA117,Q04695,Q04695,R4_PXD060795_F4,POOLED_OR_UNSPECIFIED_HUMAN_PLASMA,HP,false,PROTEOME_DISCOVERER_NORMALIZED_ABUNDANCE,383315.015625,POSITIVE,false
PXD060795_DALIAN_PLA_MICRO_NANOPLASTIC_HUMAN_PLASMA_CORONA,"Dalian University of Technology, China",search_result_workbook,Proteins,117,AB117,Q04695,Q04695,R4_PXD060795_F5,POOLED_OR_UNSPECIFIED_HUMAN_PLASMA,HP,false,PROTEOME_DISCOVERER_NORMALIZED_ABUNDANCE,22200.1950728092,POSITIVE,false
PXD060795_DALIAN_PLA_MICRO_NANOPLASTIC_HUMAN_PLASMA_CORONA,"Dalian University of Technology, China",search_result_workbook,Proteins,117,AC117,Q04695,Q04695,R4_PXD060795_F6,POOLED_OR_UNSPECIFIED_HUMAN_PLASMA,HP,false,PROTEOME_DISCOVERER_NORMALIZED_ABUNDANCE,123089.801264107,POSITIVE,false
PXD060795_DALIAN_PLA_MICRO_NANOPLASTIC_HUMAN_PLASMA_CORONA,"Dalian University of Technology, China",search_result_workbook,Proteins,117,AD117,Q04695,Q04695,R4_PXD060795_F7,POOLED_OR_UNSPECIFIED_HUMAN_PLASMA,PLA,true,PROTEOME_DISCOVERER_NORMALIZED_ABUNDANCE,4912108.27525268,POSITIVE,true
PXD060795_DALIAN_PLA_MICRO_NANOPLASTIC_HUMAN_PLASMA_CORONA,"Dalian University of Technology, China",search_result_workbook,Proteins,117,AE117,Q04695,Q04695,R4_PXD060795_F8,POOLED_OR_UNSPECIFIED_HUMAN_PLASMA,PLA,true,PROTEOME_DISCOVERER_NORMALIZED_ABUNDANCE,4293029.13378392,POSITIVE,true
PXD060795_DALIAN_PLA_MICRO_NANOPLASTIC_HUMAN_PLASMA_CORONA,"Dalian University of Technology, China",search_result_workbook,Proteins,117,AF117,Q04695,Q04695,R4_PXD060795_F9,POOLED_OR_UNSPECIFIED_HUMAN_PLASMA,PLA,true,PROTEOME_DISCOVERER_NORMALIZED_ABUNDANCE,3993390.73277863,POSITIVE,true
PXD060795_DALIAN_PLA_MICRO_NANOPLASTIC_HUMAN_PLASMA_CORONA,"Dalian University of Technology, China",search_result_workbook,Proteins,132,X132,P68366,P68366,R4_PXD060795_F1,POOLED_OR_UNSPECIFIED_HUMAN_PLASMA,A_PLA,true,PROTEOME_DISCOVERER_NORMALIZED_ABUNDANCE,511929.612082496,POSITIVE,true
PXD060795_DALIAN_PLA_MICRO_NANOPLASTIC_HUMAN_PLASMA_CORONA,"Dalian University of Technology, China",search_result_workbook,Proteins,132,Y132,P68366,P68366,R4_PXD060795_F2,POOLED_OR_UNSPECIFIED_HUMAN_PLASMA,A_PLA,true,PROTEOME_DISCOVERER_NORMALIZED_ABUNDANCE,567478.306954787,POSITIVE,true
PXD060795_DALIAN_PLA_MICRO_NANOPLASTIC_HUMAN_PLASMA_CORONA,"Dalian University of Technology, China",search_result_workbook,Proteins,132,Z132,P68366,P68366,R4_PXD060795_F3,POOLED_OR_UNSPECIFIED_HUMAN_PLASMA,A_PLA,true,PROTEOME_DISCOVERER_NORMALIZED_ABUNDANCE,,SOURCE_BLANK,false
PXD060795_DALIAN_PLA_MICRO_NANOPLASTIC_HUMAN_PLASMA_CORONA,"Dalian University of Technology, China",search_result_workbook,Proteins,132,AA132,P68366,P68366,R4_PXD060795_F4,POOLED_OR_UNSPECIFIED_HUMAN_PLASMA,HP,false,PROTEOME_DISCOVERER_NORMALIZED_ABUNDANCE,,SOURCE_BLANK,false
PXD060795_DALIAN_PLA_MICRO_NANOPLASTIC_HUMAN_PLASMA_CORONA,"Dalian University of Technology, China",search_result_workbook,Proteins,132,AB132,P68366,P68366,R4_PXD060795_F5,POOLED_OR_UNSPECIFIED_HUMAN_PLASMA,HP,false,PROTEOME_DISCOVERER_NORMALIZED_ABUNDANCE,,SOURCE_BLANK,false
PXD060795_DALIAN_PLA_MICRO_NANOPLASTIC_HUMAN_PLASMA_CORONA,"Dalian University of Technology, China",search_result_workbook,Proteins,132,AC132,P68366,P68366,R4_PXD060795_F6,POOLED_OR_UNSPECIFIED_HUMAN_PLASMA,HP,false,PROTEOME_DISCOVERER_NORMALIZED_ABUNDANCE,,SOURCE_BLANK,false
PXD060795_DALIAN_PLA_MICRO_NANOPLASTIC_HUMAN_PLASMA_CORONA,"Dalian University of Technology, China",search_result_workbook,Proteins,132,AD132,P68366,P68366,R4_PXD060795_F7,POOLED_OR_UNSPECIFIED_HUMAN_PLASMA,PLA,true,PROTEOME_DISCOVERER_NORMALIZED_ABUNDANCE,,SOURCE_BLANK,false
PXD060795_DALIAN_PLA_MICRO_NANOPLASTIC_HUMAN_PLASMA_CORONA,"Dalian University of Technology, China",search_result_workbook,Proteins,132,AE132,P68366,P68366,R4_PXD060795_F8,POOLED_OR_UNSPECIFIED_HUMAN_PLASMA,PLA,true,PROTEOME_DISCOVERER_NORMALIZED_ABUNDANCE,,SOURCE_BLANK,false
PXD060795_DALIAN_PLA_MICRO_NANOPLASTIC_HUMAN_PLASMA_CORONA,"Dalian University of Technology, China",search_result_workbook,Proteins,132,AF132,P68366,P68366,R4_PXD060795_F9,POOLED_OR_UNSPECIFIED_HUMAN_PLASMA,PLA,true,PROTEOME_DISCOVERER_NORMALIZED_ABUNDANCE,,SOURCE_BLANK,false
PXD060795_DALIAN_PLA_MICRO_NANOPLASTIC_HUMAN_PLASMA_CORONA,"Dalian University of Technology, China",search_result_workbook,Proteins,133,X133,P68363,P68363,R4_PXD060795_F1,POOLED_OR_UNSPECIFIED_HUMAN_PLASMA,A_PLA,true,PROTEOME_DISCOVERER_NORMALIZED_ABUNDANCE,3925732.96143378,POSITIVE,true
PXD060795_DALIAN_PLA_MICRO_NANOPLASTIC_HUMAN_PLASMA_CORONA,"Dalian University of Technology, China",search_result_workbook,Proteins,133,Y133,P68363,P68363,R4_PXD060795_F2,POOLED_OR_UNSPECIFIED_HUMAN_PLASMA,A_PLA,true,PROTEOME_DISCOVERER_NORMALIZED_ABUNDANCE,3800390.57366257,POSITIVE,true
PXD060795_DALIAN_PLA_MICRO_NANOPLASTIC_HUMAN_PLASMA_CORONA,"Dalian University of Technology, China",search_result_workbook,Proteins,133,Z133,P68363,P68363,R4_PXD060795_F3,POOLED_OR_UNSPECIFIED_HUMAN_PLASMA,A_PLA,true,PROTEOME_DISCOVERER_NORMALIZED_ABUNDANCE,3989677.54246744,POSITIVE,true
PXD060795_DALIAN_PLA_MICRO_NANOPLASTIC_HUMAN_PLASMA_CORONA,"Dalian University of Technology, China",search_result_workbook,Proteins,133,AA133,P68363,P68363,R4_PXD060795_F4,POOLED_OR_UNSPECIFIED_HUMAN_PLASMA,HP,false,PROTEOME_DISCOVERER_NORMALIZED_ABUNDANCE,,SOURCE_BLANK,false
PXD060795_DALIAN_PLA_MICRO_NANOPLASTIC_HUMAN_PLASMA_CORONA,"Dalian University of Technology, China",search_result_workbook,Proteins,133,AB133,P68363,P68363,R4_PXD060795_F5,POOLED_OR_UNSPECIFIED_HUMAN_PLASMA,HP,false,PROTEOME_DISCOVERER_NORMALIZED_ABUNDANCE,,SOURCE_BLANK,false
PXD060795_DALIAN_PLA_MICRO_NANOPLASTIC_HUMAN_PLASMA_CORONA,"Dalian University of Technology, China",search_result_workbook,Proteins,133,AC133,P68363,P68363,R4_PXD060795_F6,POOLED_OR_UNSPECIFIED_HUMAN_PLASMA,HP,false,PROTEOME_DISCOVERER_NORMALIZED_ABUNDANCE,,SOURCE_BLANK,false
PXD060795_DALIAN_PLA_MICRO_NANOPLASTIC_HUMAN_PLASMA_CORONA,"Dalian University of Technology, China",search_result_workbook,Proteins,133,AD133,P68363,P68363,R4_PXD060795_F7,POOLED_OR_UNSPECIFIED_HUMAN_PLASMA,PLA,true,PROTEOME_DISCOVERER_NORMALIZED_ABUNDANCE,593491.900215097,POSITIVE,true
PXD060795_DALIAN_PLA_MICRO_NANOPLASTIC_HUMAN_PLASMA_CORONA,"Dalian University of Technology, China",search_result_workbook,Proteins,133,AE133,P68363,P68363,R4_PXD060795_F8,POOLED_OR_UNSPECIFIED_HUMAN_PLASMA,PLA,true,PROTEOME_DISCOVERER_NORMALIZED_ABUNDANCE,607874.412780228,POSITIVE,true
PXD060795_DALIAN_PLA_MICRO_NANOPLASTIC_HUMAN_PLASMA_CORONA,"Dalian University of Technology, China",search_result_workbook,Proteins,133,AF133,P68363,P68363,R4_PXD060795_F9,POOLED_OR_UNSPECIFIED_HUMAN_PLASMA,PLA,true,PROTEOME_DISCOVERER_NORMALIZED_ABUNDANCE,601063.147148315,POSITIVE,true
PXD060795_DALIAN_PLA_MICRO_NANOPLASTIC_HUMAN_PLASMA_CORONA,"Dalian University of Technology, China",search_result_workbook,Proteins,139,X139,P62805,P62805,R4_PXD060795_F1,POOLED_OR_UNSPECIFIED_HUMAN_PLASMA,A_PLA,true,PROTEOME_DISCOVERER_NORMALIZED_ABUNDANCE,17520029.4222901,POSITIVE,true
PXD060795_DALIAN_PLA_MICRO_NANOPLASTIC_HUMAN_PLASMA_CORONA,"Dalian University of Technology, China",search_result_workbook,Proteins,139,Y139,P62805,P62805,R4_PXD060795_F2,POOLED_OR_UNSPECIFIED_HUMAN_PLASMA,A_PLA,true,PROTEOME_DISCOVERER_NORMALIZED_ABUNDANCE,16457740.5193524,POSITIVE,true
PXD060795_DALIAN_PLA_MICRO_NANOPLASTIC_HUMAN_PLASMA_CORONA,"Dalian University of Technology, China",search_result_workbook,Proteins,139,Z139,P62805,P62805,R4_PXD060795_F3,POOLED_OR_UNSPECIFIED_HUMAN_PLASMA,A_PLA,true,PROTEOME_DISCOVERER_NORMALIZED_ABUNDANCE,16939669.5195861,POSITIVE,true
PXD060795_DALIAN_PLA_MICRO_NANOPLASTIC_HUMAN_PLASMA_CORONA,"Dalian University of Technology, China",search_result_workbook,Proteins,139,AA139,P62805,P62805,R4_PXD060795_F4,POOLED_OR_UNSPECIFIED_HUMAN_PLASMA,HP,false,PROTEOME_DISCOVERER_NORMALIZED_ABUNDANCE,2711265.203125,POSITIVE,false
PXD060795_DALIAN_PLA_MICRO_NANOPLASTIC_HUMAN_PLASMA_CORONA,"Dalian University of Technology, China",search_result_workbook,Proteins,139,AB139,P62805,P62805,R4_PXD060795_F5,POOLED_OR_UNSPECIFIED_HUMAN_PLASMA,HP,false,PROTEOME_DISCOVERER_NORMALIZED_ABUNDANCE,399195.463507264,POSITIVE,false
PXD060795_DALIAN_PLA_MICRO_NANOPLASTIC_HUMAN_PLASMA_CORONA,"Dalian University of Technology, China",search_result_workbook,Proteins,139,AC139,P62805,P62805,R4_PXD060795_F6,POOLED_OR_UNSPECIFIED_HUMAN_PLASMA,HP,false,PROTEOME_DISCOVERER_NORMALIZED_ABUNDANCE,450504.708884833,POSITIVE,false
PXD060795_DALIAN_PLA_MICRO_NANOPLASTIC_HUMAN_PLASMA_CORONA,"Dalian University of Technology, China",search_result_workbook,Proteins,139,AD139,P62805,P62805,R4_PXD060795_F7,POOLED_OR_UNSPECIFIED_HUMAN_PLASMA,PLA,true,PROTEOME_DISCOVERER_NORMALIZED_ABUNDANCE,1410513.61689951,POSITIVE,true
PXD060795_DALIAN_PLA_MICRO_NANOPLASTIC_HUMAN_PLASMA_CORONA,"Dalian University of Technology, China",search_result_workbook,Proteins,139,AE139,P62805,P62805,R4_PXD060795_F8,POOLED_OR_UNSPECIFIED_HUMAN_PLASMA,PLA,true,PROTEOME_DISCOVERER_NORMALIZED_ABUNDANCE,2330832.68378987,POSITIVE,true
PXD060795_DALIAN_PLA_MICRO_NANOPLASTIC_HUMAN_PLASMA_CORONA,"Dalian University of Technology, China",search_result_workbook,Proteins,139,AF139,P62805,P62805,R4_PXD060795_F9,POOLED_OR_UNSPECIFIED_HUMAN_PLASMA,PLA,true,PROTEOME_DISCOVERER_NORMALIZED_ABUNDANCE,974981.956019905,POSITIVE,true
PXD060795_DALIAN_PLA_MICRO_NANOPLASTIC_HUMAN_PLASMA_CORONA,"Dalian University of Technology, China",search_result_workbook,Proteins,150,X150,P60174,P60174,R4_PXD060795_F1,POOLED_OR_UNSPECIFIED_HUMAN_PLASMA,A_PLA,true,PROTEOME_DISCOVERER_NORMALIZED_ABUNDANCE,1339732.02955889,POSITIVE,true
PXD060795_DALIAN_PLA_MICRO_NANOPLASTIC_HUMAN_PLASMA_CORONA,"Dalian University of Technology, China",search_result_workbook,Proteins,150,Y150,P60174,P60174,R4_PXD060795_F2,POOLED_OR_UNSPECIFIED_HUMAN_PLASMA,A_PLA,true,PROTEOME_DISCOVERER_NORMALIZED_ABUNDANCE,1553711.05660572,POSITIVE,true
PXD060795_DALIAN_PLA_MICRO_NANOPLASTIC_HUMAN_PLASMA_CORONA,"Dalian University of Technology, China",search_result_workbook,Proteins,150,Z150,P60174,P60174,R4_PXD060795_F3,POOLED_OR_UNSPECIFIED_HUMAN_PLASMA,A_PLA,true,PROTEOME_DISCOVERER_NORMALIZED_ABUNDANCE,1343537.29391201,POSITIVE,true
PXD060795_DALIAN_PLA_MICRO_NANOPLASTIC_HUMAN_PLASMA_CORONA,"Dalian University of Technology, China",search_result_workbook,Proteins,150,AA150,P60174,P60174,R4_PXD060795_F4,POOLED_OR_UNSPECIFIED_HUMAN_PLASMA,HP,false,PROTEOME_DISCOVERER_NORMALIZED_ABUNDANCE,,SOURCE_BLANK,false
PXD060795_DALIAN_PLA_MICRO_NANOPLASTIC_HUMAN_PLASMA_CORONA,"Dalian University of Technology, China",search_result_workbook,Proteins,150,AB150,P60174,P60174,R4_PXD060795_F5,POOLED_OR_UNSPECIFIED_HUMAN_PLASMA,HP,false,PROTEOME_DISCOVERER_NORMALIZED_ABUNDANCE,,SOURCE_BLANK,false
PXD060795_DALIAN_PLA_MICRO_NANOPLASTIC_HUMAN_PLASMA_CORONA,"Dalian University of Technology, China",search_result_workbook,Proteins,150,AC150,P60174,P60174,R4_PXD060795_F6,POOLED_OR_UNSPECIFIED_HUMAN_PLASMA,HP,false,PROTEOME_DISCOVERER_NORMALIZED_ABUNDANCE,,SOURCE_BLANK,false
PXD060795_DALIAN_PLA_MICRO_NANOPLASTIC_HUMAN_PLASMA_CORONA,"Dalian University of Technology, China",search_result_workbook,Proteins,150,AD150,P60174,P60174,R4_PXD060795_F7,POOLED_OR_UNSPECIFIED_HUMAN_PLASMA,PLA,true,PROTEOME_DISCOVERER_NORMALIZED_ABUNDANCE,602223.570745206,POSITIVE,true
PXD060795_DALIAN_PLA_MICRO_NANOPLASTIC_HUMAN_PLASMA_CORONA,"Dalian University of Technology, China",search_result_workbook,Proteins,150,AE150,P60174,P60174,R4_PXD060795_F8,POOLED_OR_UNSPECIFIED_HUMAN_PLASMA,PLA,true,PROTEOME_DISCOVERER_NORMALIZED_ABUNDANCE,851369.757886173,POSITIVE,true
PXD060795_DALIAN_PLA_MICRO_NANOPLASTIC_HUMAN_PLASMA_CORONA,"Dalian University of Technology, China",search_result_workbook,Proteins,150,AF150,P60174,P60174,R4_PXD060795_F9,POOLED_OR_UNSPECIFIED_HUMAN_PLASMA,PLA,true,PROTEOME_DISCOVERER_NORMALIZED_ABUNDANCE,,SOURCE_BLANK,false
PXD060795_DALIAN_PLA_MICRO_NANOPLASTIC_HUMAN_PLASMA_CORONA,"Dalian University of Technology, China",search_result_workbook,Proteins,154,X154,P55072,P55072,R4_PXD060795_F1,POOLED_OR_UNSPECIFIED_HUMAN_PLASMA,A_PLA,true,PROTEOME_DISCOVERER_NORMALIZED_ABUNDANCE,,SOURCE_BLANK,false
PXD060795_DALIAN_PLA_MICRO_NANOPLASTIC_HUMAN_PLASMA_CORONA,"Dalian University of Technology, China",search_result_workbook,Proteins,154,Y154,P55072,P55072,R4_PXD060795_F2,POOLED_OR_UNSPECIFIED_HUMAN_PLASMA,A_PLA,true,PROTEOME_DISCOVERER_NORMALIZED_ABUNDANCE,,SOURCE_BLANK,false
PXD060795_DALIAN_PLA_MICRO_NANOPLASTIC_HUMAN_PLASMA_CORONA,"Dalian University of Technology, China",search_result_workbook,Proteins,154,Z154,P55072,P55072,R4_PXD060795_F3,POOLED_OR_UNSPECIFIED_HUMAN_PLASMA,A_PLA,true,PROTEOME_DISCOVERER_NORMALIZED_ABUNDANCE,,SOURCE_BLANK,false
PXD060795_DALIAN_PLA_MICRO_NANOPLASTIC_HUMAN_PLASMA_CORONA,"Dalian University of Technology, China",search_result_workbook,Proteins,154,AA154,P55072,P55072,R4_PXD060795_F4,POOLED_OR_UNSPECIFIED_HUMAN_PLASMA,HP,false,PROTEOME_DISCOVERER_NORMALIZED_ABUNDANCE,,SOURCE_BLANK,false
PXD060795_DALIAN_PLA_MICRO_NANOPLASTIC_HUMAN_PLASMA_CORONA,"Dalian University of Technology, China",search_result_workbook,Proteins,154,AB154,P55072,P55072,R4_PXD060795_F5,POOLED_OR_UNSPECIFIED_HUMAN_PLASMA,HP,false,PROTEOME_DISCOVERER_NORMALIZED_ABUNDANCE,,SOURCE_BLANK,false
PXD060795_DALIAN_PLA_MICRO_NANOPLASTIC_HUMAN_PLASMA_CORONA,"Dalian University of Technology, China",search_result_workbook,Proteins,154,AC154,P55072,P55072,R4_PXD060795_F6,POOLED_OR_UNSPECIFIED_HUMAN_PLASMA,HP,false,PROTEOME_DISCOVERER_NORMALIZED_ABUNDANCE,,SOURCE_BLANK,false
PXD060795_DALIAN_PLA_MICRO_NANOPLASTIC_HUMAN_PLASMA_CORONA,"Dalian University of Technology, China",search_result_workbook,Proteins,154,AD154,P55072,P55072,R4_PXD060795_F7,POOLED_OR_UNSPECIFIED_HUMAN_PLASMA,PLA,true,PROTEOME_DISCOVERER_NORMALIZED_ABUNDANCE,,SOURCE_BLANK,false
PXD060795_DALIAN_PLA_MICRO_NANOPLASTIC_HUMAN_PLASMA_CORONA,"Dalian University of Technology, China",search_result_workbook,Proteins,154,AE154,P55072,P55072,R4_PXD060795_F8,POOLED_OR_UNSPECIFIED_HUMAN_PLASMA,PLA,true,PROTEOME_DISCOVERER_NORMALIZED_ABUNDANCE,,SOURCE_BLANK,false
PXD060795_DALIAN_PLA_MICRO_NANOPLASTIC_HUMAN_PLASMA_CORONA,"Dalian University of Technology, China",search_result_workbook,Proteins,154,AF154,P55072,P55072,R4_PXD060795_F9,POOLED_OR_UNSPECIFIED_HUMAN_PLASMA,PLA,true,PROTEOME_DISCOVERER_NORMALIZED_ABUNDANCE,,SOURCE_BLANK,false
PXD060795_DALIAN_PLA_MICRO_NANOPLASTIC_HUMAN_PLASMA_CORONA,"Dalian University of Technology, China",search_result_workbook,Proteins,157,X157,P52907,P52907,R4_PXD060795_F1,POOLED_OR_UNSPECIFIED_HUMAN_PLASMA,A_PLA,true,PROTEOME_DISCOVERER_NORMALIZED_ABUNDANCE,2278304.34394003,POSITIVE,true
PXD060795_DALIAN_PLA_MICRO_NANOPLASTIC_HUMAN_PLASMA_CORONA,"Dalian University of Technology, China",search_result_workbook,Proteins,157,Y157,P52907,P52907,R4_PXD060795_F2,POOLED_OR_UNSPECIFIED_HUMAN_PLASMA,A_PLA,true,PROTEOME_DISCOVERER_NORMALIZED_ABUNDANCE,5204755.33026313,POSITIVE,true
PXD060795_DALIAN_PLA_MICRO_NANOPLASTIC_HUMAN_PLASMA_CORONA,"Dalian University of Technology, China",search_result_workbook,Proteins,157,Z157,P52907,P52907,R4_PXD060795_F3,POOLED_OR_UNSPECIFIED_HUMAN_PLASMA,A_PLA,true,PROTEOME_DISCOVERER_NORMALIZED_ABUNDANCE,4512206.11998494,POSITIVE,true
PXD060795_DALIAN_PLA_MICRO_NANOPLASTIC_HUMAN_PLASMA_CORONA,"Dalian University of Technology, China",search_result_workbook,Proteins,157,AA157,P52907,P52907,R4_PXD060795_F4,POOLED_OR_UNSPECIFIED_HUMAN_PLASMA,HP,false,PROTEOME_DISCOVERER_NORMALIZED_ABUNDANCE,,SOURCE_BLANK,false
PXD060795_DALIAN_PLA_MICRO_NANOPLASTIC_HUMAN_PLASMA_CORONA,"Dalian University of Technology, China",search_result_workbook,Proteins,157,AB157,P52907,P52907,R4_PXD060795_F5,POOLED_OR_UNSPECIFIED_HUMAN_PLASMA,HP,false,PROTEOME_DISCOVERER_NORMALIZED_ABUNDANCE,,SOURCE_BLANK,false
PXD060795_DALIAN_PLA_MICRO_NANOPLASTIC_HUMAN_PLASMA_CORONA,"Dalian University of Technology, China",search_result_workbook,Proteins,157,AC157,P52907,P52907,R4_PXD060795_F6,POOLED_OR_UNSPECIFIED_HUMAN_PLASMA,HP,false,PROTEOME_DISCOVERER_NORMALIZED_ABUNDANCE,,SOURCE_BLANK,false
PXD060795_DALIAN_PLA_MICRO_NANOPLASTIC_HUMAN_PLASMA_CORONA,"Dalian University of Technology, China",search_result_workbook,Proteins,157,AD157,P52907,P52907,R4_PXD060795_F7,POOLED_OR_UNSPECIFIED_HUMAN_PLASMA,PLA,true,PROTEOME_DISCOVERER_NORMALIZED_ABUNDANCE,506489.679266122,POSITIVE,true
PXD060795_DALIAN_PLA_MICRO_NANOPLASTIC_HUMAN_PLASMA_CORONA,"Dalian University of Technology, China",search_result_workbook,Proteins,157,AE157,P52907,P52907,R4_PXD060795_F8,POOLED_OR_UNSPECIFIED_HUMAN_PLASMA,PLA,true,PROTEOME_DISCOVERER_NORMALIZED_ABUNDANCE,320061.874647913,POSITIVE,true
PXD060795_DALIAN_PLA_MICRO_NANOPLASTIC_HUMAN_PLASMA_CORONA,"Dalian University of Technology, China",search_result_workbook,Proteins,157,AF157,P52907,P52907,R4_PXD060795_F9,POOLED_OR_UNSPECIFIED_HUMAN_PLASMA,PLA,true,PROTEOME_DISCOVERER_NORMALIZED_ABUNDANCE,420359.842584122,POSITIVE,true
PXD060795_DALIAN_PLA_MICRO_NANOPLASTIC_HUMAN_PLASMA_CORONA,"Dalian University of Technology, China",search_result_workbook,Proteins,160,X160,P50990,P50990,R4_PXD060795_F1,POOLED_OR_UNSPECIFIED_HUMAN_PLASMA,A_PLA,true,PROTEOME_DISCOVERER_NORMALIZED_ABUNDANCE,,SOURCE_BLANK,false
PXD060795_DALIAN_PLA_MICRO_NANOPLASTIC_HUMAN_PLASMA_CORONA,"Dalian University of Technology, China",search_result_workbook,Proteins,160,Y160,P50990,P50990,R4_PXD060795_F2,POOLED_OR_UNSPECIFIED_HUMAN_PLASMA,A_PLA,true,PROTEOME_DISCOVERER_NORMALIZED_ABUNDANCE,,SOURCE_BLANK,false
PXD060795_DALIAN_PLA_MICRO_NANOPLASTIC_HUMAN_PLASMA_CORONA,"Dalian University of Technology, China",search_result_workbook,Proteins,160,Z160,P50990,P50990,R4_PXD060795_F3,POOLED_OR_UNSPECIFIED_HUMAN_PLASMA,A_PLA,true,PROTEOME_DISCOVERER_NORMALIZED_ABUNDANCE,,SOURCE_BLANK,false
PXD060795_DALIAN_PLA_MICRO_NANOPLASTIC_HUMAN_PLASMA_CORONA,"Dalian University of Technology, China",search_result_workbook,Proteins,160,AA160,P50990,P50990,R4_PXD060795_F4,POOLED_OR_UNSPECIFIED_HUMAN_PLASMA,HP,false,PROTEOME_DISCOVERER_NORMALIZED_ABUNDANCE,,SOURCE_BLANK,false
PXD060795_DALIAN_PLA_MICRO_NANOPLASTIC_HUMAN_PLASMA_CORONA,"Dalian University of Technology, China",search_result_workbook,Proteins,160,AB160,P50990,P50990,R4_PXD060795_F5,POOLED_OR_UNSPECIFIED_HUMAN_PLASMA,HP,false,PROTEOME_DISCOVERER_NORMALIZED_ABUNDANCE,,SOURCE_BLANK,false
PXD060795_DALIAN_PLA_MICRO_NANOPLASTIC_HUMAN_PLASMA_CORONA,"Dalian University of Technology, China",search_result_workbook,Proteins,160,AC160,P50990,P50990,R4_PXD060795_F6,POOLED_OR_UNSPECIFIED_HUMAN_PLASMA,HP,false,PROTEOME_DISCOVERER_NORMALIZED_ABUNDANCE,,SOURCE_BLANK,false
PXD060795_DALIAN_PLA_MICRO_NANOPLASTIC_HUMAN_PLASMA_CORONA,"Dalian University of Technology, China",search_result_workbook,Proteins,160,AD160,P50990,P50990,R4_PXD060795_F7,POOLED_OR_UNSPECIFIED_HUMAN_PLASMA,PLA,true,PROTEOME_DISCOVERER_NORMALIZED_ABUNDANCE,,SOURCE_BLANK,false
PXD060795_DALIAN_PLA_MICRO_NANOPLASTIC_HUMAN_PLASMA_CORONA,"Dalian University of Technology, China",search_result_workbook,Proteins,160,AE160,P50990,P50990,R4_PXD060795_F8,POOLED_OR_UNSPECIFIED_HUMAN_PLASMA,PLA,true,PROTEOME_DISCOVERER_NORMALIZED_ABUNDANCE,,SOURCE_BLANK,false
PXD060795_DALIAN_PLA_MICRO_NANOPLASTIC_HUMAN_PLASMA_CORONA,"Dalian University of Technology, China",search_result_workbook,Proteins,160,AF160,P50990,P50990,R4_PXD060795_F9,POOLED_OR_UNSPECIFIED_HUMAN_PLASMA,PLA,true,PROTEOME_DISCOVERER_NORMALIZED_ABUNDANCE,,SOURCE_BLANK,false
PXD060795_DALIAN_PLA_MICRO_NANOPLASTIC_HUMAN_PLASMA_CORONA,"Dalian University of Technology, China",search_result_workbook,Proteins,193,X193,P30101,P30101,R4_PXD060795_F1,POOLED_OR_UNSPECIFIED_HUMAN_PLASMA,A_PLA,true,PROTEOME_DISCOVERER_NORMALIZED_ABUNDANCE,,SOURCE_BLANK,false
PXD060795_DALIAN_PLA_MICRO_NANOPLASTIC_HUMAN_PLASMA_CORONA,"Dalian University of Technology, China",search_result_workbook,Proteins,193,Y193,P30101,P30101,R4_PXD060795_F2,POOLED_OR_UNSPECIFIED_HUMAN_PLASMA,A_PLA,true,PROTEOME_DISCOVERER_NORMALIZED_ABUNDANCE,,SOURCE_BLANK,false
PXD060795_DALIAN_PLA_MICRO_NANOPLASTIC_HUMAN_PLASMA_CORONA,"Dalian University of Technology, China",search_result_workbook,Proteins,193,Z193,P30101,P30101,R4_PXD060795_F3,POOLED_OR_UNSPECIFIED_HUMAN_PLASMA,A_PLA,true,PROTEOME_DISCOVERER_NORMALIZED_ABUNDANCE,,SOURCE_BLANK,false
PXD060795_DALIAN_PLA_MICRO_NANOPLASTIC_HUMAN_PLASMA_CORONA,"Dalian University of Technology, China",search_result_workbook,Proteins,193,AA193,P30101,P30101,R4_PXD060795_F4,POOLED_OR_UNSPECIFIED_HUMAN_PLASMA,HP,false,PROTEOME_DISCOVERER_NORMALIZED_ABUNDANCE,,SOURCE_BLANK,false
PXD060795_DALIAN_PLA_MICRO_NANOPLASTIC_HUMAN_PLASMA_CORONA,"Dalian University of Technology, China",search_result_workbook,Proteins,193,AB193,P30101,P30101,R4_PXD060795_F5,POOLED_OR_UNSPECIFIED_HUMAN_PLASMA,HP,false,PROTEOME_DISCOVERER_NORMALIZED_ABUNDANCE,,SOURCE_BLANK,false
PXD060795_DALIAN_PLA_MICRO_NANOPLASTIC_HUMAN_PLASMA_CORONA,"Dalian University of Technology, China",search_result_workbook,Proteins,193,AC193,P30101,P30101,R4_PXD060795_F6,POOLED_OR_UNSPECIFIED_HUMAN_PLASMA,HP,false,PROTEOME_DISCOVERER_NORMALIZED_ABUNDANCE,,SOURCE_BLANK,false
PXD060795_DALIAN_PLA_MICRO_NANOPLASTIC_HUMAN_PLASMA_CORONA,"Dalian University of Technology, China",search_result_workbook,Proteins,193,AD193,P30101,P30101,R4_PXD060795_F7,POOLED_OR_UNSPECIFIED_HUMAN_PLASMA,PLA,true,PROTEOME_DISCOVERER_NORMALIZED_ABUNDANCE,,SOURCE_BLANK,false
PXD060795_DALIAN_PLA_MICRO_NANOPLASTIC_HUMAN_PLASMA_CORONA,"Dalian University of Technology, China",search_result_workbook,Proteins,193,AE193,P30101,P30101,R4_PXD060795_F8,POOLED_OR_UNSPECIFIED_HUMAN_PLASMA,PLA,true,PROTEOME_DISCOVERER_NORMALIZED_ABUNDANCE,,SOURCE_BLANK,false
PXD060795_DALIAN_PLA_MICRO_NANOPLASTIC_HUMAN_PLASMA_CORONA,"Dalian University of Technology, China",search_result_workbook,Proteins,193,AF193,P30101,P30101,R4_PXD060795_F9,POOLED_OR_UNSPECIFIED_HUMAN_PLASMA,PLA,true,PROTEOME_DISCOVERER_NORMALIZED_ABUNDANCE,,SOURCE_BLANK,false
PXD060795_DALIAN_PLA_MICRO_NANOPLASTIC_HUMAN_PLASMA_CORONA,"Dalian University of Technology, China",search_result_workbook,Proteins,197,X197,P30041,P30041,R4_PXD060795_F1,POOLED_OR_UNSPECIFIED_HUMAN_PLASMA,A_PLA,true,PROTEOME_DISCOVERER_NORMALIZED_ABUNDANCE,,SOURCE_BLANK,false
PXD060795_DALIAN_PLA_MICRO_NANOPLASTIC_HUMAN_PLASMA_CORONA,"Dalian University of Technology, China",search_result_workbook,Proteins,197,Y197,P30041,P30041,R4_PXD060795_F2,POOLED_OR_UNSPECIFIED_HUMAN_PLASMA,A_PLA,true,PROTEOME_DISCOVERER_NORMALIZED_ABUNDANCE,,SOURCE_BLANK,false
PXD060795_DALIAN_PLA_MICRO_NANOPLASTIC_HUMAN_PLASMA_CORONA,"Dalian University of Technology, China",search_result_workbook,Proteins,197,Z197,P30041,P30041,R4_PXD060795_F3,POOLED_OR_UNSPECIFIED_HUMAN_PLASMA,A_PLA,true,PROTEOME_DISCOVERER_NORMALIZED_ABUNDANCE,,SOURCE_BLANK,false
PXD060795_DALIAN_PLA_MICRO_NANOPLASTIC_HUMAN_PLASMA_CORONA,"Dalian University of Technology, China",search_result_workbook,Proteins,197,AA197,P30041,P30041,R4_PXD060795_F4,POOLED_OR_UNSPECIFIED_HUMAN_PLASMA,HP,false,PROTEOME_DISCOVERER_NORMALIZED_ABUNDANCE,,SOURCE_BLANK,false
PXD060795_DALIAN_PLA_MICRO_NANOPLASTIC_HUMAN_PLASMA_CORONA,"Dalian University of Technology, China",search_result_workbook,Proteins,197,AB197,P30041,P30041,R4_PXD060795_F5,POOLED_OR_UNSPECIFIED_HUMAN_PLASMA,HP,false,PROTEOME_DISCOVERER_NORMALIZED_ABUNDANCE,,SOURCE_BLANK,false
PXD060795_DALIAN_PLA_MICRO_NANOPLASTIC_HUMAN_PLASMA_CORONA,"Dalian University of Technology, China",search_result_workbook,Proteins,197,AC197,P30041,P30041,R4_PXD060795_F6,POOLED_OR_UNSPECIFIED_HUMAN_PLASMA,HP,false,PROTEOME_DISCOVERER_NORMALIZED_ABUNDANCE,,SOURCE_BLANK,false
PXD060795_DALIAN_PLA_MICRO_NANOPLASTIC_HUMAN_PLASMA_CORONA,"Dalian University of Technology, China",search_result_workbook,Proteins,197,AD197,P30041,P30041,R4_PXD060795_F7,POOLED_OR_UNSPECIFIED_HUMAN_PLASMA,PLA,true,PROTEOME_DISCOVERER_NORMALIZED_ABUNDANCE,,SOURCE_BLANK,false
PXD060795_DALIAN_PLA_MICRO_NANOPLASTIC_HUMAN_PLASMA_CORONA,"Dalian University of Technology, China",search_result_workbook,Proteins,197,AE197,P30041,P30041,R4_PXD060795_F8,POOLED_OR_UNSPECIFIED_HUMAN_PLASMA,PLA,true,PROTEOME_DISCOVERER_NORMALIZED_ABUNDANCE,,SOURCE_BLANK,false
PXD060795_DALIAN_PLA_MICRO_NANOPLASTIC_HUMAN_PLASMA_CORONA,"Dalian University of Technology, China",search_result_workbook,Proteins,197,AF197,P30041,P30041,R4_PXD060795_F9,POOLED_OR_UNSPECIFIED_HUMAN_PLASMA,PLA,true,PROTEOME_DISCOVERER_NORMALIZED_ABUNDANCE,,SOURCE_BLANK,false
PXD060795_DALIAN_PLA_MICRO_NANOPLASTIC_HUMAN_PLASMA_CORONA,"Dalian University of Technology, China",search_result_workbook,Proteins,210,X210,P26038,P26038,R4_PXD060795_F1,POOLED_OR_UNSPECIFIED_HUMAN_PLASMA,A_PLA,true,PROTEOME_DISCOVERER_NORMALIZED_ABUNDANCE,8228727.87780495,POSITIVE,true
PXD060795_DALIAN_PLA_MICRO_NANOPLASTIC_HUMAN_PLASMA_CORONA,"Dalian University of Technology, China",search_result_workbook,Proteins,210,Y210,P26038,P26038,R4_PXD060795_F2,POOLED_OR_UNSPECIFIED_HUMAN_PLASMA,A_PLA,true,PROTEOME_DISCOVERER_NORMALIZED_ABUNDANCE,7975551.45057255,POSITIVE,true
PXD060795_DALIAN_PLA_MICRO_NANOPLASTIC_HUMAN_PLASMA_CORONA,"Dalian University of Technology, China",search_result_workbook,Proteins,210,Z210,P26038,P26038,R4_PXD060795_F3,POOLED_OR_UNSPECIFIED_HUMAN_PLASMA,A_PLA,true,PROTEOME_DISCOVERER_NORMALIZED_ABUNDANCE,7739944.47198654,POSITIVE,true
PXD060795_DALIAN_PLA_MICRO_NANOPLASTIC_HUMAN_PLASMA_CORONA,"Dalian University of Technology, China",search_result_workbook,Proteins,210,AA210,P26038,P26038,R4_PXD060795_F4,POOLED_OR_UNSPECIFIED_HUMAN_PLASMA,HP,false,PROTEOME_DISCOVERER_NORMALIZED_ABUNDANCE,,SOURCE_BLANK,false
PXD060795_DALIAN_PLA_MICRO_NANOPLASTIC_HUMAN_PLASMA_CORONA,"Dalian University of Technology, China",search_result_workbook,Proteins,210,AB210,P26038,P26038,R4_PXD060795_F5,POOLED_OR_UNSPECIFIED_HUMAN_PLASMA,HP,false,PROTEOME_DISCOVERER_NORMALIZED_ABUNDANCE,,SOURCE_BLANK,false
PXD060795_DALIAN_PLA_MICRO_NANOPLASTIC_HUMAN_PLASMA_CORONA,"Dalian University of Technology, China",search_result_workbook,Proteins,210,AC210,P26038,P26038,R4_PXD060795_F6,POOLED_OR_UNSPECIFIED_HUMAN_PLASMA,HP,false,PROTEOME_DISCOVERER_NORMALIZED_ABUNDANCE,,SOURCE_BLANK,false
PXD060795_DALIAN_PLA_MICRO_NANOPLASTIC_HUMAN_PLASMA_CORONA,"Dalian University of Technology, China",search_result_workbook,Proteins,210,AD210,P26038,P26038,R4_PXD060795_F7,POOLED_OR_UNSPECIFIED_HUMAN_PLASMA,PLA,true,PROTEOME_DISCOVERER_NORMALIZED_ABUNDANCE,606067.641676718,POSITIVE,true
PXD060795_DALIAN_PLA_MICRO_NANOPLASTIC_HUMAN_PLASMA_CORONA,"Dalian University of Technology, China",search_result_workbook,Proteins,210,AE210,P26038,P26038,R4_PXD060795_F8,POOLED_OR_UNSPECIFIED_HUMAN_PLASMA,PLA,true,PROTEOME_DISCOVERER_NORMALIZED_ABUNDANCE,,SOURCE_BLANK,false
PXD060795_DALIAN_PLA_MICRO_NANOPLASTIC_HUMAN_PLASMA_CORONA,"Dalian University of Technology, China",search_result_workbook,Proteins,210,AF210,P26038,P26038,R4_PXD060795_F9,POOLED_OR_UNSPECIFIED_HUMAN_PLASMA,PLA,true,PROTEOME_DISCOVERER_NORMALIZED_ABUNDANCE,598788.415817874,POSITIVE,true
PXD060795_DALIAN_PLA_MICRO_NANOPLASTIC_HUMAN_PLASMA_CORONA,"Dalian University of Technology, China",search_result_workbook,Proteins,227,X227,P21796,P21796,R4_PXD060795_F1,POOLED_OR_UNSPECIFIED_HUMAN_PLASMA,A_PLA,true,PROTEOME_DISCOVERER_NORMALIZED_ABUNDANCE,,SOURCE_BLANK,false
PXD060795_DALIAN_PLA_MICRO_NANOPLASTIC_HUMAN_PLASMA_CORONA,"Dalian University of Technology, China",search_result_workbook,Proteins,227,Y227,P21796,P21796,R4_PXD060795_F2,POOLED_OR_UNSPECIFIED_HUMAN_PLASMA,A_PLA,true,PROTEOME_DISCOVERER_NORMALIZED_ABUNDANCE,,SOURCE_BLANK,false
PXD060795_DALIAN_PLA_MICRO_NANOPLASTIC_HUMAN_PLASMA_CORONA,"Dalian University of Technology, China",search_result_workbook,Proteins,227,Z227,P21796,P21796,R4_PXD060795_F3,POOLED_OR_UNSPECIFIED_HUMAN_PLASMA,A_PLA,true,PROTEOME_DISCOVERER_NORMALIZED_ABUNDANCE,,SOURCE_BLANK,false
PXD060795_DALIAN_PLA_MICRO_NANOPLASTIC_HUMAN_PLASMA_CORONA,"Dalian University of Technology, China",search_result_workbook,Proteins,227,AA227,P21796,P21796,R4_PXD060795_F4,POOLED_OR_UNSPECIFIED_HUMAN_PLASMA,HP,false,PROTEOME_DISCOVERER_NORMALIZED_ABUNDANCE,,SOURCE_BLANK,false
PXD060795_DALIAN_PLA_MICRO_NANOPLASTIC_HUMAN_PLASMA_CORONA,"Dalian University of Technology, China",search_result_workbook,Proteins,227,AB227,P21796,P21796,R4_PXD060795_F5,POOLED_OR_UNSPECIFIED_HUMAN_PLASMA,HP,false,PROTEOME_DISCOVERER_NORMALIZED_ABUNDANCE,,SOURCE_BLANK,false
PXD060795_DALIAN_PLA_MICRO_NANOPLASTIC_HUMAN_PLASMA_CORONA,"Dalian University of Technology, China",search_result_workbook,Proteins,227,AC227,P21796,P21796,R4_PXD060795_F6,POOLED_OR_UNSPECIFIED_HUMAN_PLASMA,HP,false,PROTEOME_DISCOVERER_NORMALIZED_ABUNDANCE,,SOURCE_BLANK,false
PXD060795_DALIAN_PLA_MICRO_NANOPLASTIC_HUMAN_PLASMA_CORONA,"Dalian University of Technology, China",search_result_workbook,Proteins,227,AD227,P21796,P21796,R4_PXD060795_F7,POOLED_OR_UNSPECIFIED_HUMAN_PLASMA,PLA,true,PROTEOME_DISCOVERER_NORMALIZED_ABUNDANCE,,SOURCE_BLANK,false
PXD060795_DALIAN_PLA_MICRO_NANOPLASTIC_HUMAN_PLASMA_CORONA,"Dalian University of Technology, China",search_result_workbook,Proteins,227,AE227,P21796,P21796,R4_PXD060795_F8,POOLED_OR_UNSPECIFIED_HUMAN_PLASMA,PLA,true,PROTEOME_DISCOVERER_NORMALIZED_ABUNDANCE,,SOURCE_BLANK,false
PXD060795_DALIAN_PLA_MICRO_NANOPLASTIC_HUMAN_PLASMA_CORONA,"Dalian University of Technology, China",search_result_workbook,Proteins,227,AF227,P21796,P21796,R4_PXD060795_F9,POOLED_OR_UNSPECIFIED_HUMAN_PLASMA,PLA,true,PROTEOME_DISCOVERER_NORMALIZED_ABUNDANCE,,SOURCE_BLANK,false
PXD060795_DALIAN_PLA_MICRO_NANOPLASTIC_HUMAN_PLASMA_CORONA,"Dalian University of Technology, China",search_result_workbook,Proteins,260,X260,P13796,P13796,R4_PXD060795_F1,POOLED_OR_UNSPECIFIED_HUMAN_PLASMA,A_PLA,true,PROTEOME_DISCOVERER_NORMALIZED_ABUNDANCE,1179568.49522015,POSITIVE,true
PXD060795_DALIAN_PLA_MICRO_NANOPLASTIC_HUMAN_PLASMA_CORONA,"Dalian University of Technology, China",search_result_workbook,Proteins,260,Y260,P13796,P13796,R4_PXD060795_F2,POOLED_OR_UNSPECIFIED_HUMAN_PLASMA,A_PLA,true,PROTEOME_DISCOVERER_NORMALIZED_ABUNDANCE,1067315.26580152,POSITIVE,true
PXD060795_DALIAN_PLA_MICRO_NANOPLASTIC_HUMAN_PLASMA_CORONA,"Dalian University of Technology, China",search_result_workbook,Proteins,260,Z260,P13796,P13796,R4_PXD060795_F3,POOLED_OR_UNSPECIFIED_HUMAN_PLASMA,A_PLA,true,PROTEOME_DISCOVERER_NORMALIZED_ABUNDANCE,1372276.68311471,POSITIVE,true
PXD060795_DALIAN_PLA_MICRO_NANOPLASTIC_HUMAN_PLASMA_CORONA,"Dalian University of Technology, China",search_result_workbook,Proteins,260,AA260,P13796,P13796,R4_PXD060795_F4,POOLED_OR_UNSPECIFIED_HUMAN_PLASMA,HP,false,PROTEOME_DISCOVERER_NORMALIZED_ABUNDANCE,,SOURCE_BLANK,false
PXD060795_DALIAN_PLA_MICRO_NANOPLASTIC_HUMAN_PLASMA_CORONA,"Dalian University of Technology, China",search_result_workbook,Proteins,260,AB260,P13796,P13796,R4_PXD060795_F5,POOLED_OR_UNSPECIFIED_HUMAN_PLASMA,HP,false,PROTEOME_DISCOVERER_NORMALIZED_ABUNDANCE,177086.56056815,POSITIVE,false
PXD060795_DALIAN_PLA_MICRO_NANOPLASTIC_HUMAN_PLASMA_CORONA,"Dalian University of Technology, China",search_result_workbook,Proteins,260,AC260,P13796,P13796,R4_PXD060795_F6,POOLED_OR_UNSPECIFIED_HUMAN_PLASMA,HP,false,PROTEOME_DISCOVERER_NORMALIZED_ABUNDANCE,276937.191597866,POSITIVE,false
PXD060795_DALIAN_PLA_MICRO_NANOPLASTIC_HUMAN_PLASMA_CORONA,"Dalian University of Technology, China",search_result_workbook,Proteins,260,AD260,P13796,P13796,R4_PXD060795_F7,POOLED_OR_UNSPECIFIED_HUMAN_PLASMA,PLA,true,PROTEOME_DISCOVERER_NORMALIZED_ABUNDANCE,18509040.985896,POSITIVE,true
PXD060795_DALIAN_PLA_MICRO_NANOPLASTIC_HUMAN_PLASMA_CORONA,"Dalian University of Technology, China",search_result_workbook,Proteins,260,AE260,P13796,P13796,R4_PXD060795_F8,POOLED_OR_UNSPECIFIED_HUMAN_PLASMA,PLA,true,PROTEOME_DISCOVERER_NORMALIZED_ABUNDANCE,17890537.2386419,POSITIVE,true
PXD060795_DALIAN_PLA_MICRO_NANOPLASTIC_HUMAN_PLASMA_CORONA,"Dalian University of Technology, China",search_result_workbook,Proteins,260,AF260,P13796,P13796,R4_PXD060795_F9,POOLED_OR_UNSPECIFIED_HUMAN_PLASMA,PLA,true,PROTEOME_DISCOVERER_NORMALIZED_ABUNDANCE,19143565.1334373,POSITIVE,true
PXD060795_DALIAN_PLA_MICRO_NANOPLASTIC_HUMAN_PLASMA_CORONA,"Dalian University of Technology, China",search_result_workbook,Proteins,275,X275,P11166,P11166,R4_PXD060795_F1,POOLED_OR_UNSPECIFIED_HUMAN_PLASMA,A_PLA,true,PROTEOME_DISCOVERER_NORMALIZED_ABUNDANCE,931444.756055155,POSITIVE,true
PXD060795_DALIAN_PLA_MICRO_NANOPLASTIC_HUMAN_PLASMA_CORONA,"Dalian University of Technology, China",search_result_workbook,Proteins,275,Y275,P11166,P11166,R4_PXD060795_F2,POOLED_OR_UNSPECIFIED_HUMAN_PLASMA,A_PLA,true,PROTEOME_DISCOVERER_NORMALIZED_ABUNDANCE,831868.927670488,POSITIVE,true
PXD060795_DALIAN_PLA_MICRO_NANOPLASTIC_HUMAN_PLASMA_CORONA,"Dalian University of Technology, China",search_result_workbook,Proteins,275,Z275,P11166,P11166,R4_PXD060795_F3,POOLED_OR_UNSPECIFIED_HUMAN_PLASMA,A_PLA,true,PROTEOME_DISCOVERER_NORMALIZED_ABUNDANCE,888271.071542668,POSITIVE,true
PXD060795_DALIAN_PLA_MICRO_NANOPLASTIC_HUMAN_PLASMA_CORONA,"Dalian University of Technology, China",search_result_workbook,Proteins,275,AA275,P11166,P11166,R4_PXD060795_F4,POOLED_OR_UNSPECIFIED_HUMAN_PLASMA,HP,false,PROTEOME_DISCOVERER_NORMALIZED_ABUNDANCE,,SOURCE_BLANK,false
PXD060795_DALIAN_PLA_MICRO_NANOPLASTIC_HUMAN_PLASMA_CORONA,"Dalian University of Technology, China",search_result_workbook,Proteins,275,AB275,P11166,P11166,R4_PXD060795_F5,POOLED_OR_UNSPECIFIED_HUMAN_PLASMA,HP,false,PROTEOME_DISCOVERER_NORMALIZED_ABUNDANCE,,SOURCE_BLANK,false
PXD060795_DALIAN_PLA_MICRO_NANOPLASTIC_HUMAN_PLASMA_CORONA,"Dalian University of Technology, China",search_result_workbook,Proteins,275,AC275,P11166,P11166,R4_PXD060795_F6,POOLED_OR_UNSPECIFIED_HUMAN_PLASMA,HP,false,PROTEOME_DISCOVERER_NORMALIZED_ABUNDANCE,,SOURCE_BLANK,false
PXD060795_DALIAN_PLA_MICRO_NANOPLASTIC_HUMAN_PLASMA_CORONA,"Dalian University of Technology, China",search_result_workbook,Proteins,275,AD275,P11166,P11166,R4_PXD060795_F7,POOLED_OR_UNSPECIFIED_HUMAN_PLASMA,PLA,true,PROTEOME_DISCOVERER_NORMALIZED_ABUNDANCE,462260.668857858,POSITIVE,true
PXD060795_DALIAN_PLA_MICRO_NANOPLASTIC_HUMAN_PLASMA_CORONA,"Dalian University of Technology, China",search_result_workbook,Proteins,275,AE275,P11166,P11166,R4_PXD060795_F8,POOLED_OR_UNSPECIFIED_HUMAN_PLASMA,PLA,true,PROTEOME_DISCOVERER_NORMALIZED_ABUNDANCE,489175.519669002,POSITIVE,true
PXD060795_DALIAN_PLA_MICRO_NANOPLASTIC_HUMAN_PLASMA_CORONA,"Dalian University of Technology, China",search_result_workbook,Proteins,275,AF275,P11166,P11166,R4_PXD060795_F9,POOLED_OR_UNSPECIFIED_HUMAN_PLASMA,PLA,true,PROTEOME_DISCOVERER_NORMALIZED_ABUNDANCE,542584.731368041,POSITIVE,true
PXD060795_DALIAN_PLA_MICRO_NANOPLASTIC_HUMAN_PLASMA_CORONA,"Dalian University of Technology, China",search_result_workbook,Proteins,277,X277,P11021,P11021,R4_PXD060795_F1,POOLED_OR_UNSPECIFIED_HUMAN_PLASMA,A_PLA,true,PROTEOME_DISCOVERER_NORMALIZED_ABUNDANCE,2291233.63447373,POSITIVE,true
PXD060795_DALIAN_PLA_MICRO_NANOPLASTIC_HUMAN_PLASMA_CORONA,"Dalian University of Technology, China",search_result_workbook,Proteins,277,Y277,P11021,P11021,R4_PXD060795_F2,POOLED_OR_UNSPECIFIED_HUMAN_PLASMA,A_PLA,true,PROTEOME_DISCOVERER_NORMALIZED_ABUNDANCE,2150826.70467626,POSITIVE,true
PXD060795_DALIAN_PLA_MICRO_NANOPLASTIC_HUMAN_PLASMA_CORONA,"Dalian University of Technology, China",search_result_workbook,Proteins,277,Z277,P11021,P11021,R4_PXD060795_F3,POOLED_OR_UNSPECIFIED_HUMAN_PLASMA,A_PLA,true,PROTEOME_DISCOVERER_NORMALIZED_ABUNDANCE,,SOURCE_BLANK,false
PXD060795_DALIAN_PLA_MICRO_NANOPLASTIC_HUMAN_PLASMA_CORONA,"Dalian University of Technology, China",search_result_workbook,Proteins,277,AA277,P11021,P11021,R4_PXD060795_F4,POOLED_OR_UNSPECIFIED_HUMAN_PLASMA,HP,false,PROTEOME_DISCOVERER_NORMALIZED_ABUNDANCE,,SOURCE_BLANK,false
PXD060795_DALIAN_PLA_MICRO_NANOPLASTIC_HUMAN_PLASMA_CORONA,"Dalian University of Technology, China",search_result_workbook,Proteins,277,AB277,P11021,P11021,R4_PXD060795_F5,POOLED_OR_UNSPECIFIED_HUMAN_PLASMA,HP,false,PROTEOME_DISCOVERER_NORMALIZED_ABUNDANCE,,SOURCE_BLANK,false
PXD060795_DALIAN_PLA_MICRO_NANOPLASTIC_HUMAN_PLASMA_CORONA,"Dalian University of Technology, China",search_result_workbook,Proteins,277,AC277,P11021,P11021,R4_PXD060795_F6,POOLED_OR_UNSPECIFIED_HUMAN_PLASMA,HP,false,PROTEOME_DISCOVERER_NORMALIZED_ABUNDANCE,,SOURCE_BLANK,false
PXD060795_DALIAN_PLA_MICRO_NANOPLASTIC_HUMAN_PLASMA_CORONA,"Dalian University of Technology, China",search_result_workbook,Proteins,277,AD277,P11021,P11021,R4_PXD060795_F7,POOLED_OR_UNSPECIFIED_HUMAN_PLASMA,PLA,true,PROTEOME_DISCOVERER_NORMALIZED_ABUNDANCE,553854.168167732,POSITIVE,true
PXD060795_DALIAN_PLA_MICRO_NANOPLASTIC_HUMAN_PLASMA_CORONA,"Dalian University of Technology, China",search_result_workbook,Proteins,277,AE277,P11021,P11021,R4_PXD060795_F8,POOLED_OR_UNSPECIFIED_HUMAN_PLASMA,PLA,true,PROTEOME_DISCOVERER_NORMALIZED_ABUNDANCE,658442.062931631,POSITIVE,true
PXD060795_DALIAN_PLA_MICRO_NANOPLASTIC_HUMAN_PLASMA_CORONA,"Dalian University of Technology, China",search_result_workbook,Proteins,277,AF277,P11021,P11021,R4_PXD060795_F9,POOLED_OR_UNSPECIFIED_HUMAN_PLASMA,PLA,true,PROTEOME_DISCOVERER_NORMALIZED_ABUNDANCE,666896.836753111,POSITIVE,true
PXD060795_DALIAN_PLA_MICRO_NANOPLASTIC_HUMAN_PLASMA_CORONA,"Dalian University of Technology, China",search_result_workbook,Proteins,279,X279,P10809,P10809,R4_PXD060795_F1,POOLED_OR_UNSPECIFIED_HUMAN_PLASMA,A_PLA,true,PROTEOME_DISCOVERER_NORMALIZED_ABUNDANCE,184788753.821257,POSITIVE,true
PXD060795_DALIAN_PLA_MICRO_NANOPLASTIC_HUMAN_PLASMA_CORONA,"Dalian University of Technology, China",search_result_workbook,Proteins,279,Y279,P10809,P10809,R4_PXD060795_F2,POOLED_OR_UNSPECIFIED_HUMAN_PLASMA,A_PLA,true,PROTEOME_DISCOVERER_NORMALIZED_ABUNDANCE,,SOURCE_BLANK,false
PXD060795_DALIAN_PLA_MICRO_NANOPLASTIC_HUMAN_PLASMA_CORONA,"Dalian University of Technology, China",search_result_workbook,Proteins,279,Z279,P10809,P10809,R4_PXD060795_F3,POOLED_OR_UNSPECIFIED_HUMAN_PLASMA,A_PLA,true,PROTEOME_DISCOVERER_NORMALIZED_ABUNDANCE,,SOURCE_BLANK,false
PXD060795_DALIAN_PLA_MICRO_NANOPLASTIC_HUMAN_PLASMA_CORONA,"Dalian University of Technology, China",search_result_workbook,Proteins,279,AA279,P10809,P10809,R4_PXD060795_F4,POOLED_OR_UNSPECIFIED_HUMAN_PLASMA,HP,false,PROTEOME_DISCOVERER_NORMALIZED_ABUNDANCE,,SOURCE_BLANK,false
PXD060795_DALIAN_PLA_MICRO_NANOPLASTIC_HUMAN_PLASMA_CORONA,"Dalian University of Technology, China",search_result_workbook,Proteins,279,AB279,P10809,P10809,R4_PXD060795_F5,POOLED_OR_UNSPECIFIED_HUMAN_PLASMA,HP,false,PROTEOME_DISCOVERER_NORMALIZED_ABUNDANCE,,SOURCE_BLANK,false
PXD060795_DALIAN_PLA_MICRO_NANOPLASTIC_HUMAN_PLASMA_CORONA,"Dalian University of Technology, China",search_result_workbook,Proteins,279,AC279,P10809,P10809,R4_PXD060795_F6,POOLED_OR_UNSPECIFIED_HUMAN_PLASMA,HP,false,PROTEOME_DISCOVERER_NORMALIZED_ABUNDANCE,,SOURCE_BLANK,false
PXD060795_DALIAN_PLA_MICRO_NANOPLASTIC_HUMAN_PLASMA_CORONA,"Dalian University of Technology, China",search_result_workbook,Proteins,279,AD279,P10809,P10809,R4_PXD060795_F7,POOLED_OR_UNSPECIFIED_HUMAN_PLASMA,PLA,true,PROTEOME_DISCOVERER_NORMALIZED_ABUNDANCE,,SOURCE_BLANK,false
PXD060795_DALIAN_PLA_MICRO_NANOPLASTIC_HUMAN_PLASMA_CORONA,"Dalian University of Technology, China",search_result_workbook,Proteins,279,AE279,P10809,P10809,R4_PXD060795_F8,POOLED_OR_UNSPECIFIED_HUMAN_PLASMA,PLA,true,PROTEOME_DISCOVERER_NORMALIZED_ABUNDANCE,,SOURCE_BLANK,false
PXD060795_DALIAN_PLA_MICRO_NANOPLASTIC_HUMAN_PLASMA_CORONA,"Dalian University of Technology, China",search_result_workbook,Proteins,279,AF279,P10809,P10809,R4_PXD060795_F9,POOLED_OR_UNSPECIFIED_HUMAN_PLASMA,PLA,true,PROTEOME_DISCOVERER_NORMALIZED_ABUNDANCE,,SOURCE_BLANK,false
PXD060795_DALIAN_PLA_MICRO_NANOPLASTIC_HUMAN_PLASMA_CORONA,"Dalian University of Technology, China",search_result_workbook,Proteins,281,X281,P10599,P10599,R4_PXD060795_F1,POOLED_OR_UNSPECIFIED_HUMAN_PLASMA,A_PLA,true,PROTEOME_DISCOVERER_NORMALIZED_ABUNDANCE,,SOURCE_BLANK,false
PXD060795_DALIAN_PLA_MICRO_NANOPLASTIC_HUMAN_PLASMA_CORONA,"Dalian University of Technology, China",search_result_workbook,Proteins,281,Y281,P10599,P10599,R4_PXD060795_F2,POOLED_OR_UNSPECIFIED_HUMAN_PLASMA,A_PLA,true,PROTEOME_DISCOVERER_NORMALIZED_ABUNDANCE,1810452.61969773,POSITIVE,true
PXD060795_DALIAN_PLA_MICRO_NANOPLASTIC_HUMAN_PLASMA_CORONA,"Dalian University of Technology, China",search_result_workbook,Proteins,281,Z281,P10599,P10599,R4_PXD060795_F3,POOLED_OR_UNSPECIFIED_HUMAN_PLASMA,A_PLA,true,PROTEOME_DISCOVERER_NORMALIZED_ABUNDANCE,2091915.14512759,POSITIVE,true
PXD060795_DALIAN_PLA_MICRO_NANOPLASTIC_HUMAN_PLASMA_CORONA,"Dalian University of Technology, China",search_result_workbook,Proteins,281,AA281,P10599,P10599,R4_PXD060795_F4,POOLED_OR_UNSPECIFIED_HUMAN_PLASMA,HP,false,PROTEOME_DISCOVERER_NORMALIZED_ABUNDANCE,,SOURCE_BLANK,false
PXD060795_DALIAN_PLA_MICRO_NANOPLASTIC_HUMAN_PLASMA_CORONA,"Dalian University of Technology, China",search_result_workbook,Proteins,281,AB281,P10599,P10599,R4_PXD060795_F5,POOLED_OR_UNSPECIFIED_HUMAN_PLASMA,HP,false,PROTEOME_DISCOVERER_NORMALIZED_ABUNDANCE,,SOURCE_BLANK,false
PXD060795_DALIAN_PLA_MICRO_NANOPLASTIC_HUMAN_PLASMA_CORONA,"Dalian University of Technology, China",search_result_workbook,Proteins,281,AC281,P10599,P10599,R4_PXD060795_F6,POOLED_OR_UNSPECIFIED_HUMAN_PLASMA,HP,false,PROTEOME_DISCOVERER_NORMALIZED_ABUNDANCE,,SOURCE_BLANK,false
PXD060795_DALIAN_PLA_MICRO_NANOPLASTIC_HUMAN_PLASMA_CORONA,"Dalian University of Technology, China",search_result_workbook,Proteins,281,AD281,P10599,P10599,R4_PXD060795_F7,POOLED_OR_UNSPECIFIED_HUMAN_PLASMA,PLA,true,PROTEOME_DISCOVERER_NORMALIZED_ABUNDANCE,,SOURCE_BLANK,false
PXD060795_DALIAN_PLA_MICRO_NANOPLASTIC_HUMAN_PLASMA_CORONA,"Dalian University of Technology, China",search_result_workbook,Proteins,281,AE281,P10599,P10599,R4_PXD060795_F8,POOLED_OR_UNSPECIFIED_HUMAN_PLASMA,PLA,true,PROTEOME_DISCOVERER_NORMALIZED_ABUNDANCE,,SOURCE_BLANK,false
PXD060795_DALIAN_PLA_MICRO_NANOPLASTIC_HUMAN_PLASMA_CORONA,"Dalian University of Technology, China",search_result_workbook,Proteins,281,AF281,P10599,P10599,R4_PXD060795_F9,POOLED_OR_UNSPECIFIED_HUMAN_PLASMA,PLA,true,PROTEOME_DISCOVERER_NORMALIZED_ABUNDANCE,,SOURCE_BLANK,false
PXD060795_DALIAN_PLA_MICRO_NANOPLASTIC_HUMAN_PLASMA_CORONA,"Dalian University of Technology, China",search_result_workbook,Proteins,313,X313,P07996,P07996,R4_PXD060795_F1,POOLED_OR_UNSPECIFIED_HUMAN_PLASMA,A_PLA,true,PROTEOME_DISCOVERER_NORMALIZED_ABUNDANCE,25396053.2022848,POSITIVE,true
PXD060795_DALIAN_PLA_MICRO_NANOPLASTIC_HUMAN_PLASMA_CORONA,"Dalian University of Technology, China",search_result_workbook,Proteins,313,Y313,P07996,P07996,R4_PXD060795_F2,POOLED_OR_UNSPECIFIED_HUMAN_PLASMA,A_PLA,true,PROTEOME_DISCOVERER_NORMALIZED_ABUNDANCE,26125088.7938226,POSITIVE,true
PXD060795_DALIAN_PLA_MICRO_NANOPLASTIC_HUMAN_PLASMA_CORONA,"Dalian University of Technology, China",search_result_workbook,Proteins,313,Z313,P07996,P07996,R4_PXD060795_F3,POOLED_OR_UNSPECIFIED_HUMAN_PLASMA,A_PLA,true,PROTEOME_DISCOVERER_NORMALIZED_ABUNDANCE,25940349.6601862,POSITIVE,true
PXD060795_DALIAN_PLA_MICRO_NANOPLASTIC_HUMAN_PLASMA_CORONA,"Dalian University of Technology, China",search_result_workbook,Proteins,313,AA313,P07996,P07996,R4_PXD060795_F4,POOLED_OR_UNSPECIFIED_HUMAN_PLASMA,HP,false,PROTEOME_DISCOVERER_NORMALIZED_ABUNDANCE,306145.140625,POSITIVE,false
PXD060795_DALIAN_PLA_MICRO_NANOPLASTIC_HUMAN_PLASMA_CORONA,"Dalian University of Technology, China",search_result_workbook,Proteins,313,AB313,P07996,P07996,R4_PXD060795_F5,POOLED_OR_UNSPECIFIED_HUMAN_PLASMA,HP,false,PROTEOME_DISCOVERER_NORMALIZED_ABUNDANCE,346036.353392816,POSITIVE,false
PXD060795_DALIAN_PLA_MICRO_NANOPLASTIC_HUMAN_PLASMA_CORONA,"Dalian University of Technology, China",search_result_workbook,Proteins,313,AC313,P07996,P07996,R4_PXD060795_F6,POOLED_OR_UNSPECIFIED_HUMAN_PLASMA,HP,false,PROTEOME_DISCOVERER_NORMALIZED_ABUNDANCE,131755.146127246,POSITIVE,false
PXD060795_DALIAN_PLA_MICRO_NANOPLASTIC_HUMAN_PLASMA_CORONA,"Dalian University of Technology, China",search_result_workbook,Proteins,313,AD313,P07996,P07996,R4_PXD060795_F7,POOLED_OR_UNSPECIFIED_HUMAN_PLASMA,PLA,true,PROTEOME_DISCOVERER_NORMALIZED_ABUNDANCE,16426880.427371,POSITIVE,true
PXD060795_DALIAN_PLA_MICRO_NANOPLASTIC_HUMAN_PLASMA_CORONA,"Dalian University of Technology, China",search_result_workbook,Proteins,313,AE313,P07996,P07996,R4_PXD060795_F8,POOLED_OR_UNSPECIFIED_HUMAN_PLASMA,PLA,true,PROTEOME_DISCOVERER_NORMALIZED_ABUNDANCE,16382411.0547407,POSITIVE,true
PXD060795_DALIAN_PLA_MICRO_NANOPLASTIC_HUMAN_PLASMA_CORONA,"Dalian University of Technology, China",search_result_workbook,Proteins,313,AF313,P07996,P07996,R4_PXD060795_F9,POOLED_OR_UNSPECIFIED_HUMAN_PLASMA,PLA,true,PROTEOME_DISCOVERER_NORMALIZED_ABUNDANCE,16055149.4942146,POSITIVE,true
PXD060795_DALIAN_PLA_MICRO_NANOPLASTIC_HUMAN_PLASMA_CORONA,"Dalian University of Technology, China",search_result_workbook,Proteins,332,X332,P06576,P06576,R4_PXD060795_F1,POOLED_OR_UNSPECIFIED_HUMAN_PLASMA,A_PLA,true,PROTEOME_DISCOVERER_NORMALIZED_ABUNDANCE,1018521.63887811,POSITIVE,true
PXD060795_DALIAN_PLA_MICRO_NANOPLASTIC_HUMAN_PLASMA_CORONA,"Dalian University of Technology, China",search_result_workbook,Proteins,332,Y332,P06576,P06576,R4_PXD060795_F2,POOLED_OR_UNSPECIFIED_HUMAN_PLASMA,A_PLA,true,PROTEOME_DISCOVERER_NORMALIZED_ABUNDANCE,,SOURCE_BLANK,false
PXD060795_DALIAN_PLA_MICRO_NANOPLASTIC_HUMAN_PLASMA_CORONA,"Dalian University of Technology, China",search_result_workbook,Proteins,332,Z332,P06576,P06576,R4_PXD060795_F3,POOLED_OR_UNSPECIFIED_HUMAN_PLASMA,A_PLA,true,PROTEOME_DISCOVERER_NORMALIZED_ABUNDANCE,884027.821653308,POSITIVE,true
PXD060795_DALIAN_PLA_MICRO_NANOPLASTIC_HUMAN_PLASMA_CORONA,"Dalian University of Technology, China",search_result_workbook,Proteins,332,AA332,P06576,P06576,R4_PXD060795_F4,POOLED_OR_UNSPECIFIED_HUMAN_PLASMA,HP,false,PROTEOME_DISCOVERER_NORMALIZED_ABUNDANCE,250123.53125,POSITIVE,false
PXD060795_DALIAN_PLA_MICRO_NANOPLASTIC_HUMAN_PLASMA_CORONA,"Dalian University of Technology, China",search_result_workbook,Proteins,332,AB332,P06576,P06576,R4_PXD060795_F5,POOLED_OR_UNSPECIFIED_HUMAN_PLASMA,HP,false,PROTEOME_DISCOVERER_NORMALIZED_ABUNDANCE,,SOURCE_BLANK,false
PXD060795_DALIAN_PLA_MICRO_NANOPLASTIC_HUMAN_PLASMA_CORONA,"Dalian University of Technology, China",search_result_workbook,Proteins,332,AC332,P06576,P06576,R4_PXD060795_F6,POOLED_OR_UNSPECIFIED_HUMAN_PLASMA,HP,false,PROTEOME_DISCOVERER_NORMALIZED_ABUNDANCE,,SOURCE_BLANK,false
PXD060795_DALIAN_PLA_MICRO_NANOPLASTIC_HUMAN_PLASMA_CORONA,"Dalian University of Technology, China",search_result_workbook,Proteins,332,AD332,P06576,P06576,R4_PXD060795_F7,POOLED_OR_UNSPECIFIED_HUMAN_PLASMA,PLA,true,PROTEOME_DISCOVERER_NORMALIZED_ABUNDANCE,,SOURCE_BLANK,false
PXD060795_DALIAN_PLA_MICRO_NANOPLASTIC_HUMAN_PLASMA_CORONA,"Dalian University of Technology, China",search_result_workbook,Proteins,332,AE332,P06576,P06576,R4_PXD060795_F8,POOLED_OR_UNSPECIFIED_HUMAN_PLASMA,PLA,true,PROTEOME_DISCOVERER_NORMALIZED_ABUNDANCE,,SOURCE_BLANK,false
PXD060795_DALIAN_PLA_MICRO_NANOPLASTIC_HUMAN_PLASMA_CORONA,"Dalian University of Technology, China",search_result_workbook,Proteins,332,AF332,P06576,P06576,R4_PXD060795_F9,POOLED_OR_UNSPECIFIED_HUMAN_PLASMA,PLA,true,PROTEOME_DISCOVERER_NORMALIZED_ABUNDANCE,,SOURCE_BLANK,false
PXD060795_DALIAN_PLA_MICRO_NANOPLASTIC_HUMAN_PLASMA_CORONA,"Dalian University of Technology, China",search_result_workbook,Proteins,333,X333,P06396,P06396,R4_PXD060795_F1,POOLED_OR_UNSPECIFIED_HUMAN_PLASMA,A_PLA,true,PROTEOME_DISCOVERER_NORMALIZED_ABUNDANCE,88216772.9016112,POSITIVE,true
PXD060795_DALIAN_PLA_MICRO_NANOPLASTIC_HUMAN_PLASMA_CORONA,"Dalian University of Technology, China",search_result_workbook,Proteins,333,Y333,P06396,P06396,R4_PXD060795_F2,POOLED_OR_UNSPECIFIED_HUMAN_PLASMA,A_PLA,true,PROTEOME_DISCOVERER_NORMALIZED_ABUNDANCE,79534562.772273,POSITIVE,true
PXD060795_DALIAN_PLA_MICRO_NANOPLASTIC_HUMAN_PLASMA_CORONA,"Dalian University of Technology, China",search_result_workbook,Proteins,333,Z333,P06396,P06396,R4_PXD060795_F3,POOLED_OR_UNSPECIFIED_HUMAN_PLASMA,A_PLA,true,PROTEOME_DISCOVERER_NORMALIZED_ABUNDANCE,85997071.7557364,POSITIVE,true
PXD060795_DALIAN_PLA_MICRO_NANOPLASTIC_HUMAN_PLASMA_CORONA,"Dalian University of Technology, China",search_result_workbook,Proteins,333,AA333,P06396,P06396,R4_PXD060795_F4,POOLED_OR_UNSPECIFIED_HUMAN_PLASMA,HP,false,PROTEOME_DISCOVERER_NORMALIZED_ABUNDANCE,93124264.59375,POSITIVE,false
PXD060795_DALIAN_PLA_MICRO_NANOPLASTIC_HUMAN_PLASMA_CORONA,"Dalian University of Technology, China",search_result_workbook,Proteins,333,AB333,P06396,P06396,R4_PXD060795_F5,POOLED_OR_UNSPECIFIED_HUMAN_PLASMA,HP,false,PROTEOME_DISCOVERER_NORMALIZED_ABUNDANCE,92775180.6530048,POSITIVE,false
PXD060795_DALIAN_PLA_MICRO_NANOPLASTIC_HUMAN_PLASMA_CORONA,"Dalian University of Technology, China",search_result_workbook,Proteins,333,AC333,P06396,P06396,R4_PXD060795_F6,POOLED_OR_UNSPECIFIED_HUMAN_PLASMA,HP,false,PROTEOME_DISCOVERER_NORMALIZED_ABUNDANCE,97065665.2099272,POSITIVE,false
PXD060795_DALIAN_PLA_MICRO_NANOPLASTIC_HUMAN_PLASMA_CORONA,"Dalian University of Technology, China",search_result_workbook,Proteins,333,AD333,P06396,P06396,R4_PXD060795_F7,POOLED_OR_UNSPECIFIED_HUMAN_PLASMA,PLA,true,PROTEOME_DISCOVERER_NORMALIZED_ABUNDANCE,1250325103.99432,POSITIVE,true
PXD060795_DALIAN_PLA_MICRO_NANOPLASTIC_HUMAN_PLASMA_CORONA,"Dalian University of Technology, China",search_result_workbook,Proteins,333,AE333,P06396,P06396,R4_PXD060795_F8,POOLED_OR_UNSPECIFIED_HUMAN_PLASMA,PLA,true,PROTEOME_DISCOVERER_NORMALIZED_ABUNDANCE,1308700630.35647,POSITIVE,true
PXD060795_DALIAN_PLA_MICRO_NANOPLASTIC_HUMAN_PLASMA_CORONA,"Dalian University of Technology, China",search_result_workbook,Proteins,333,AF333,P06396,P06396,R4_PXD060795_F9,POOLED_OR_UNSPECIFIED_HUMAN_PLASMA,PLA,true,PROTEOME_DISCOVERER_NORMALIZED_ABUNDANCE,1298624449.66863,POSITIVE,true
PXD060795_DALIAN_PLA_MICRO_NANOPLASTIC_HUMAN_PLASMA_CORONA,"Dalian University of Technology, China",search_result_workbook,Proteins,338,X338,P05556,P05556,R4_PXD060795_F1,POOLED_OR_UNSPECIFIED_HUMAN_PLASMA,A_PLA,true,PROTEOME_DISCOVERER_NORMALIZED_ABUNDANCE,122415.951580702,POSITIVE,true
PXD060795_DALIAN_PLA_MICRO_NANOPLASTIC_HUMAN_PLASMA_CORONA,"Dalian University of Technology, China",search_result_workbook,Proteins,338,Y338,P05556,P05556,R4_PXD060795_F2,POOLED_OR_UNSPECIFIED_HUMAN_PLASMA,A_PLA,true,PROTEOME_DISCOVERER_NORMALIZED_ABUNDANCE,132063.122220493,POSITIVE,true
PXD060795_DALIAN_PLA_MICRO_NANOPLASTIC_HUMAN_PLASMA_CORONA,"Dalian University of Technology, China",search_result_workbook,Proteins,338,Z338,P05556,P05556,R4_PXD060795_F3,POOLED_OR_UNSPECIFIED_HUMAN_PLASMA,A_PLA,true,PROTEOME_DISCOVERER_NORMALIZED_ABUNDANCE,106270.271043286,POSITIVE,true
PXD060795_DALIAN_PLA_MICRO_NANOPLASTIC_HUMAN_PLASMA_CORONA,"Dalian University of Technology, China",search_result_workbook,Proteins,338,AA338,P05556,P05556,R4_PXD060795_F4,POOLED_OR_UNSPECIFIED_HUMAN_PLASMA,HP,false,PROTEOME_DISCOVERER_NORMALIZED_ABUNDANCE,118222.5859375,POSITIVE,false
PXD060795_DALIAN_PLA_MICRO_NANOPLASTIC_HUMAN_PLASMA_CORONA,"Dalian University of Technology, China",search_result_workbook,Proteins,338,AB338,P05556,P05556,R4_PXD060795_F5,POOLED_OR_UNSPECIFIED_HUMAN_PLASMA,HP,false,PROTEOME_DISCOVERER_NORMALIZED_ABUNDANCE,,SOURCE_BLANK,false
PXD060795_DALIAN_PLA_MICRO_NANOPLASTIC_HUMAN_PLASMA_CORONA,"Dalian University of Technology, China",search_result_workbook,Proteins,338,AC338,P05556,P05556,R4_PXD060795_F6,POOLED_OR_UNSPECIFIED_HUMAN_PLASMA,HP,false,PROTEOME_DISCOVERER_NORMALIZED_ABUNDANCE,,SOURCE_BLANK,false
PXD060795_DALIAN_PLA_MICRO_NANOPLASTIC_HUMAN_PLASMA_CORONA,"Dalian University of Technology, China",search_result_workbook,Proteins,338,AD338,P05556,P05556,R4_PXD060795_F7,POOLED_OR_UNSPECIFIED_HUMAN_PLASMA,PLA,true,PROTEOME_DISCOVERER_NORMALIZED_ABUNDANCE,284123.687975426,POSITIVE,true
PXD060795_DALIAN_PLA_MICRO_NANOPLASTIC_HUMAN_PLASMA_CORONA,"Dalian University of Technology, China",search_result_workbook,Proteins,338,AE338,P05556,P05556,R4_PXD060795_F8,POOLED_OR_UNSPECIFIED_HUMAN_PLASMA,PLA,true,PROTEOME_DISCOVERER_NORMALIZED_ABUNDANCE,179982.659446292,POSITIVE,true
PXD060795_DALIAN_PLA_MICRO_NANOPLASTIC_HUMAN_PLASMA_CORONA,"Dalian University of Technology, China",search_result_workbook,Proteins,338,AF338,P05556,P05556,R4_PXD060795_F9,POOLED_OR_UNSPECIFIED_HUMAN_PLASMA,PLA,true,PROTEOME_DISCOVERER_NORMALIZED_ABUNDANCE,266889.478713306,POSITIVE,true
PXD060795_DALIAN_PLA_MICRO_NANOPLASTIC_HUMAN_PLASMA_CORONA,"Dalian University of Technology, China",search_result_workbook,Proteins,361,X361,P04264,P04264,R4_PXD060795_F1,POOLED_OR_UNSPECIFIED_HUMAN_PLASMA,A_PLA,true,PROTEOME_DISCOVERER_NORMALIZED_ABUNDANCE,7684927210.44929,POSITIVE,true
PXD060795_DALIAN_PLA_MICRO_NANOPLASTIC_HUMAN_PLASMA_CORONA,"Dalian University of Technology, China",search_result_workbook,Proteins,361,Y361,P04264,P04264,R4_PXD060795_F2,POOLED_OR_UNSPECIFIED_HUMAN_PLASMA,A_PLA,true,PROTEOME_DISCOVERER_NORMALIZED_ABUNDANCE,7773218238.68741,POSITIVE,true
PXD060795_DALIAN_PLA_MICRO_NANOPLASTIC_HUMAN_PLASMA_CORONA,"Dalian University of Technology, China",search_result_workbook,Proteins,361,Z361,P04264,P04264,R4_PXD060795_F3,POOLED_OR_UNSPECIFIED_HUMAN_PLASMA,A_PLA,true,PROTEOME_DISCOVERER_NORMALIZED_ABUNDANCE,7494963680.71556,POSITIVE,true
PXD060795_DALIAN_PLA_MICRO_NANOPLASTIC_HUMAN_PLASMA_CORONA,"Dalian University of Technology, China",search_result_workbook,Proteins,361,AA361,P04264,P04264,R4_PXD060795_F4,POOLED_OR_UNSPECIFIED_HUMAN_PLASMA,HP,false,PROTEOME_DISCOVERER_NORMALIZED_ABUNDANCE,890439957.070313,POSITIVE,false
PXD060795_DALIAN_PLA_MICRO_NANOPLASTIC_HUMAN_PLASMA_CORONA,"Dalian University of Technology, China",search_result_workbook,Proteins,361,AB361,P04264,P04264,R4_PXD060795_F5,POOLED_OR_UNSPECIFIED_HUMAN_PLASMA,HP,false,PROTEOME_DISCOVERER_NORMALIZED_ABUNDANCE,853432654.318752,POSITIVE,false
PXD060795_DALIAN_PLA_MICRO_NANOPLASTIC_HUMAN_PLASMA_CORONA,"Dalian University of Technology, China",search_result_workbook,Proteins,361,AC361,P04264,P04264,R4_PXD060795_F6,POOLED_OR_UNSPECIFIED_HUMAN_PLASMA,HP,false,PROTEOME_DISCOVERER_NORMALIZED_ABUNDANCE,871247708.63795,POSITIVE,false
PXD060795_DALIAN_PLA_MICRO_NANOPLASTIC_HUMAN_PLASMA_CORONA,"Dalian University of Technology, China",search_result_workbook,Proteins,361,AD361,P04264,P04264,R4_PXD060795_F7,POOLED_OR_UNSPECIFIED_HUMAN_PLASMA,PLA,true,PROTEOME_DISCOVERER_NORMALIZED_ABUNDANCE,5163374773.74431,POSITIVE,true
PXD060795_DALIAN_PLA_MICRO_NANOPLASTIC_HUMAN_PLASMA_CORONA,"Dalian University of Technology, China",search_result_workbook,Proteins,361,AE361,P04264,P04264,R4_PXD060795_F8,POOLED_OR_UNSPECIFIED_HUMAN_PLASMA,PLA,true,PROTEOME_DISCOVERER_NORMALIZED_ABUNDANCE,5153255298.18782,POSITIVE,true
PXD060795_DALIAN_PLA_MICRO_NANOPLASTIC_HUMAN_PLASMA_CORONA,"Dalian University of Technology, China",search_result_workbook,Proteins,361,AF361,P04264,P04264,R4_PXD060795_F9,POOLED_OR_UNSPECIFIED_HUMAN_PLASMA,PLA,true,PROTEOME_DISCOVERER_NORMALIZED_ABUNDANCE,5258766968.70414,POSITIVE,true
PXD060795_DALIAN_PLA_MICRO_NANOPLASTIC_HUMAN_PLASMA_CORONA,"Dalian University of Technology, China",search_result_workbook,Proteins,372,X372,P04004,P04004,R4_PXD060795_F1,POOLED_OR_UNSPECIFIED_HUMAN_PLASMA,A_PLA,true,PROTEOME_DISCOVERER_NORMALIZED_ABUNDANCE,3812800720.77434,POSITIVE,true
PXD060795_DALIAN_PLA_MICRO_NANOPLASTIC_HUMAN_PLASMA_CORONA,"Dalian University of Technology, China",search_result_workbook,Proteins,372,Y372,P04004,P04004,R4_PXD060795_F2,POOLED_OR_UNSPECIFIED_HUMAN_PLASMA,A_PLA,true,PROTEOME_DISCOVERER_NORMALIZED_ABUNDANCE,3869148197.49651,POSITIVE,true
PXD060795_DALIAN_PLA_MICRO_NANOPLASTIC_HUMAN_PLASMA_CORONA,"Dalian University of Technology, China",search_result_workbook,Proteins,372,Z372,P04004,P04004,R4_PXD060795_F3,POOLED_OR_UNSPECIFIED_HUMAN_PLASMA,A_PLA,true,PROTEOME_DISCOVERER_NORMALIZED_ABUNDANCE,3800815025.13712,POSITIVE,true
PXD060795_DALIAN_PLA_MICRO_NANOPLASTIC_HUMAN_PLASMA_CORONA,"Dalian University of Technology, China",search_result_workbook,Proteins,372,AA372,P04004,P04004,R4_PXD060795_F4,POOLED_OR_UNSPECIFIED_HUMAN_PLASMA,HP,false,PROTEOME_DISCOVERER_NORMALIZED_ABUNDANCE,147046942.40625,POSITIVE,false
PXD060795_DALIAN_PLA_MICRO_NANOPLASTIC_HUMAN_PLASMA_CORONA,"Dalian University of Technology, China",search_result_workbook,Proteins,372,AB372,P04004,P04004,R4_PXD060795_F5,POOLED_OR_UNSPECIFIED_HUMAN_PLASMA,HP,false,PROTEOME_DISCOVERER_NORMALIZED_ABUNDANCE,118262310.947951,POSITIVE,false
PXD060795_DALIAN_PLA_MICRO_NANOPLASTIC_HUMAN_PLASMA_CORONA,"Dalian University of Technology, China",search_result_workbook,Proteins,372,AC372,P04004,P04004,R4_PXD060795_F6,POOLED_OR_UNSPECIFIED_HUMAN_PLASMA,HP,false,PROTEOME_DISCOVERER_NORMALIZED_ABUNDANCE,134268391.772288,POSITIVE,false
PXD060795_DALIAN_PLA_MICRO_NANOPLASTIC_HUMAN_PLASMA_CORONA,"Dalian University of Technology, China",search_result_workbook,Proteins,372,AD372,P04004,P04004,R4_PXD060795_F7,POOLED_OR_UNSPECIFIED_HUMAN_PLASMA,PLA,true,PROTEOME_DISCOVERER_NORMALIZED_ABUNDANCE,1031422622.08276,POSITIVE,true
PXD060795_DALIAN_PLA_MICRO_NANOPLASTIC_HUMAN_PLASMA_CORONA,"Dalian University of Technology, China",search_result_workbook,Proteins,372,AE372,P04004,P04004,R4_PXD060795_F8,POOLED_OR_UNSPECIFIED_HUMAN_PLASMA,PLA,true,PROTEOME_DISCOVERER_NORMALIZED_ABUNDANCE,938818204.338436,POSITIVE,true
PXD060795_DALIAN_PLA_MICRO_NANOPLASTIC_HUMAN_PLASMA_CORONA,"Dalian University of Technology, China",search_result_workbook,Proteins,372,AF372,P04004,P04004,R4_PXD060795_F9,POOLED_OR_UNSPECIFIED_HUMAN_PLASMA,PLA,true,PROTEOME_DISCOVERER_NORMALIZED_ABUNDANCE,918010001.270164,POSITIVE,true
PXD060795_DALIAN_PLA_MICRO_NANOPLASTIC_HUMAN_PLASMA_CORONA,"Dalian University of Technology, China",search_result_workbook,Proteins,483,X483,O75083,O75083,R4_PXD060795_F1,POOLED_OR_UNSPECIFIED_HUMAN_PLASMA,A_PLA,true,PROTEOME_DISCOVERER_NORMALIZED_ABUNDANCE,1279584.42956917,POSITIVE,true
PXD060795_DALIAN_PLA_MICRO_NANOPLASTIC_HUMAN_PLASMA_CORONA,"Dalian University of Technology, China",search_result_workbook,Proteins,483,Y483,O75083,O75083,R4_PXD060795_F2,POOLED_OR_UNSPECIFIED_HUMAN_PLASMA,A_PLA,true,PROTEOME_DISCOVERER_NORMALIZED_ABUNDANCE,1341342.88543049,POSITIVE,true
PXD060795_DALIAN_PLA_MICRO_NANOPLASTIC_HUMAN_PLASMA_CORONA,"Dalian University of Technology, China",search_result_workbook,Proteins,483,Z483,O75083,O75083,R4_PXD060795_F3,POOLED_OR_UNSPECIFIED_HUMAN_PLASMA,A_PLA,true,PROTEOME_DISCOVERER_NORMALIZED_ABUNDANCE,1265332.55174596,POSITIVE,true
PXD060795_DALIAN_PLA_MICRO_NANOPLASTIC_HUMAN_PLASMA_CORONA,"Dalian University of Technology, China",search_result_workbook,Proteins,483,AA483,O75083,O75083,R4_PXD060795_F4,POOLED_OR_UNSPECIFIED_HUMAN_PLASMA,HP,false,PROTEOME_DISCOVERER_NORMALIZED_ABUNDANCE,,SOURCE_BLANK,false
PXD060795_DALIAN_PLA_MICRO_NANOPLASTIC_HUMAN_PLASMA_CORONA,"Dalian University of Technology, China",search_result_workbook,Proteins,483,AB483,O75083,O75083,R4_PXD060795_F5,POOLED_OR_UNSPECIFIED_HUMAN_PLASMA,HP,false,PROTEOME_DISCOVERER_NORMALIZED_ABUNDANCE,,SOURCE_BLANK,false
PXD060795_DALIAN_PLA_MICRO_NANOPLASTIC_HUMAN_PLASMA_CORONA,"Dalian University of Technology, China",search_result_workbook,Proteins,483,AC483,O75083,O75083,R4_PXD060795_F6,POOLED_OR_UNSPECIFIED_HUMAN_PLASMA,HP,false,PROTEOME_DISCOVERER_NORMALIZED_ABUNDANCE,,SOURCE_BLANK,false
PXD060795_DALIAN_PLA_MICRO_NANOPLASTIC_HUMAN_PLASMA_CORONA,"Dalian University of Technology, China",search_result_workbook,Proteins,483,AD483,O75083,O75083,R4_PXD060795_F7,POOLED_OR_UNSPECIFIED_HUMAN_PLASMA,PLA,true,PROTEOME_DISCOVERER_NORMALIZED_ABUNDANCE,,SOURCE_BLANK,false
PXD060795_DALIAN_PLA_MICRO_NANOPLASTIC_HUMAN_PLASMA_CORONA,"Dalian University of Technology, China",search_result_workbook,Proteins,483,AE483,O75083,O75083,R4_PXD060795_F8,POOLED_OR_UNSPECIFIED_HUMAN_PLASMA,PLA,true,PROTEOME_DISCOVERER_NORMALIZED_ABUNDANCE,,SOURCE_BLANK,false
PXD060795_DALIAN_PLA_MICRO_NANOPLASTIC_HUMAN_PLASMA_CORONA,"Dalian University of Technology, China",search_result_workbook,Proteins,483,AF483,O75083,O75083,R4_PXD060795_F9,POOLED_OR_UNSPECIFIED_HUMAN_PLASMA,PLA,true,PROTEOME_DISCOVERER_NORMALIZED_ABUNDANCE,,SOURCE_BLANK,false
PXD060795_DALIAN_PLA_MICRO_NANOPLASTIC_HUMAN_PLASMA_CORONA,"Dalian University of Technology, China",search_result_workbook,Proteins,498,X498,O00187,O00187,R4_PXD060795_F1,POOLED_OR_UNSPECIFIED_HUMAN_PLASMA,A_PLA,true,PROTEOME_DISCOVERER_NORMALIZED_ABUNDANCE,2989945.59811275,POSITIVE,true
PXD060795_DALIAN_PLA_MICRO_NANOPLASTIC_HUMAN_PLASMA_CORONA,"Dalian University of Technology, China",search_result_workbook,Proteins,498,Y498,O00187,O00187,R4_PXD060795_F2,POOLED_OR_UNSPECIFIED_HUMAN_PLASMA,A_PLA,true,PROTEOME_DISCOVERER_NORMALIZED_ABUNDANCE,2975844.08029279,POSITIVE,true
PXD060795_DALIAN_PLA_MICRO_NANOPLASTIC_HUMAN_PLASMA_CORONA,"Dalian University of Technology, China",search_result_workbook,Proteins,498,Z498,O00187,O00187,R4_PXD060795_F3,POOLED_OR_UNSPECIFIED_HUMAN_PLASMA,A_PLA,true,PROTEOME_DISCOVERER_NORMALIZED_ABUNDANCE,2969423.01965131,POSITIVE,true
PXD060795_DALIAN_PLA_MICRO_NANOPLASTIC_HUMAN_PLASMA_CORONA,"Dalian University of Technology, China",search_result_workbook,Proteins,498,AA498,O00187,O00187,R4_PXD060795_F4,POOLED_OR_UNSPECIFIED_HUMAN_PLASMA,HP,false,PROTEOME_DISCOVERER_NORMALIZED_ABUNDANCE,,SOURCE_BLANK,false
PXD060795_DALIAN_PLA_MICRO_NANOPLASTIC_HUMAN_PLASMA_CORONA,"Dalian University of Technology, China",search_result_workbook,Proteins,498,AB498,O00187,O00187,R4_PXD060795_F5,POOLED_OR_UNSPECIFIED_HUMAN_PLASMA,HP,false,PROTEOME_DISCOVERER_NORMALIZED_ABUNDANCE,,SOURCE_BLANK,false
PXD060795_DALIAN_PLA_MICRO_NANOPLASTIC_HUMAN_PLASMA_CORONA,"Dalian University of Technology, China",search_result_workbook,Proteins,498,AC498,O00187,O00187,R4_PXD060795_F6,POOLED_OR_UNSPECIFIED_HUMAN_PLASMA,HP,false,PROTEOME_DISCOVERER_NORMALIZED_ABUNDANCE,,SOURCE_BLANK,false
PXD060795_DALIAN_PLA_MICRO_NANOPLASTIC_HUMAN_PLASMA_CORONA,"Dalian University of Technology, China",search_result_workbook,Proteins,498,AD498,O00187,O00187,R4_PXD060795_F7,POOLED_OR_UNSPECIFIED_HUMAN_PLASMA,PLA,true,PROTEOME_DISCOVERER_NORMALIZED_ABUNDANCE,11866082.5021758,POSITIVE,true
PXD060795_DALIAN_PLA_MICRO_NANOPLASTIC_HUMAN_PLASMA_CORONA,"Dalian University of Technology, China",search_result_workbook,Proteins,498,AE498,O00187,O00187,R4_PXD060795_F8,POOLED_OR_UNSPECIFIED_HUMAN_PLASMA,PLA,true,PROTEOME_DISCOVERER_NORMALIZED_ABUNDANCE,11061015.0424321,POSITIVE,true
PXD060795_DALIAN_PLA_MICRO_NANOPLASTIC_HUMAN_PLASMA_CORONA,"Dalian University of Technology, China",search_result_workbook,Proteins,498,AF498,O00187,O00187,R4_PXD060795_F9,POOLED_OR_UNSPECIFIED_HUMAN_PLASMA,PLA,true,PROTEOME_DISCOVERER_NORMALIZED_ABUNDANCE,11887394.6951647,POSITIVE,true
